time,gps_N,gps_E,gps_D,bg_x,bg_y,bg_z,ba_x,ba_y,ba_z,eskf_N,eskf_E,eskf_D,eskf_vN,eskf_vE,eskf_vD,px4_N,px4_E,px4_D,px4_vN,px4_vE,px4_vD
0.0,0.0,0.0,0.0,0.0,0.0,0.0,0.0,0.0,0.0,-0.00022210082738468315,-0.00042638575151730785,-0.0002633134640084337,-0.009325637050181763,-0.01776258521105801,-0.011017106018422103,0.0,0.0,0.0,-0.01019210647791624,0.0006537168519571424,-0.0006454055546782911
0.039999961853027344,-0.021063374367900473,0.007451970720252713,-0.02046226616948843,-0.0001235574216393687,-8.353555667538643e-05,-1.1138236305809967e-07,0.00016656761152088846,-0.000534348105965002,0.0006783313585447613,-0.001586979912372145,-0.0012823802528656523,-0.0015194363347610068,-0.018724488704142627,-0.019801517600289212,-0.020172204451538677,-0.0009358739480376244,-0.0008452795445919037,0.0004781782627105713,-0.01080066617578268,0.00018235831521451473,-0.0007669886690564454
0.10400009155273438,-0.030554478931775104,0.010527005796702658,-0.02062392421066761,-0.00015653243153582126,-0.00010378692071346955,-1.2305998344183053e-07,0.00019909108329047742,-0.0005877810516409218,0.0009876130114607803,-0.002952870925130463,-0.002258603584262357,-0.002869493963108972,-0.022143833372685537,-0.02145112008362367,-0.02212728912291428,-0.0025803609751164913,-0.0023357607424259186,0.000913962721824646,-0.011663850396871567,-0.0006719118682667613,-0.0009130591060966253
0.14400005340576172,-0.035639461805763856,0.02438883486917382,0.0020080236718058586,-0.0008468668977601346,-8.555492269287279e-05,6.376829099460374e-07,0.00022280547737969919,-0.001174650085495725,0.0024502912562065953,-0.005446042418798406,-0.0029675795518297548,-0.004849742735675721,-0.03444363546411669,-0.024098013853878643,-0.027522018610938885,-0.0037599648348987103,-0.0032739636953920126,0.001036807894706726,-0.012430595234036446,-0.0012932212557643652,-0.001089061493985355
0.20000004768371582,-0.027143857462884696,0.022882956814657518,0.013085043989121914,-0.0014442407730314829,-0.00044386962212032883,6.4920025814327e-08,0.00038341465436435274,-0.0014433564596232095,0.0033330194223240538,-0.008015291046713988,-0.004339127037948329,-0.00676748858006339,-0.04527405073415157,-0.029549941920353612,-0.029807627562367413,-0.0056214299984276295,-0.004559606080874801,0.0009341835975646973,-0.013476717285811901,-0.0022967008408159018,-0.0012973605189472437
0.24000000953674316,-0.013135984633915004,0.017376472472629176,0.006209868006408215,-0.0014197607916564205,0.0008809209606183458,6.3511502029707445e-06,8.478701444925222e-05,-0.0014757635528784162,0.004217126370665552,-0.010673762883714534,-0.004764939425979923,-0.00858537228262899,-0.053545281304228545,-0.0255927026927156,-0.031598519653084765,-0.007108134916052222,-0.005440409411676228,0.0007023215293884277,-0.014333902858197689,-0.003060669405385852,-0.001619858667254448
0.3040001392364502,-0.009189894222403431,0.010327689216315536,0.0205749636515975,0.0009100789609150037,0.0012848334877494033,8.170002256278999e-06,2.9074241159938427e-05,-0.0011549655536348966,0.00483723788904343,-0.012683209190490494,-0.0057148313367274065,-0.010475649426610972,-0.05267634611937377,-0.024176852418244063,-0.032604407240384,-0.009875307054244331,-0.006882137502543628,0.0002173781394958496,-0.01585514470934868,-0.004112680908292532,-0.001914939726702869
0.34400010108947754,-0.01665399664053201,0.014607450746200937,-0.01041489071212709,0.002993023736460243,0.00324493129811991,1.2876724897371415e-05,-0.00010632771783338101,-0.000989704993222436,0.003925752205256921,-0.014735797239857058,-0.005939233424352262,-0.011585624068849198,-0.052737992764716767,-0.019258355018954718,-0.03135424908602785,-0.011766535812057555,-0.0077369187492877245,-9.28640365600586e-05,-0.01693391613662243,-0.004732282366603613,-0.0023038808722049
0.40000009536743164,-0.005709702180264328,0.015746048506396586,0.00506001990288496,0.005275859399499766,0.005425635901203609,1.7684594858017234e-05,-0.00021150356435603438,-0.0008794109655274658,0.003063253149224736,-0.01670738244116498,-0.005985253386389928,-0.012659980353248638,-0.052387259020888276,-0.01316276599724667,-0.030009269655037054,-0.01445606118068099,-0.008918599225580692,-0.00041928887367248535,-0.01837136782705784,-0.0055501414462924,-0.0024562254548072815
0.440000057220459,-0.011384181305181087,0.0004914670190936082,0.008288308046758175,0.012683146357706579,0.005420162346228611,4.932794987713247e-05,-0.00022589454515892677,-0.0006928153263398881,0.0026371686035606703,-0.01767793592027073,-0.006158654090205635,-0.013946868308154352,-0.042792658547683306,-0.009324616002264408,-0.029303200223345562,-0.01646842947229743,-0.009682610398158431,-0.0005317926406860352,-0.01949198916554451,-0.006050586700439453,-0.0026479193475097418
0.5039999485015869,-0.02492891674877745,-0.014011936321327153,0.005251598544418812,0.016780142421955288,0.005329868720811501,6.82161156069529e-05,-0.00022469955935783633,-0.0006420721790961528,0.002080547898126465,-0.01893804891862233,-0.006554462257454322,-0.015068681259131977,-0.03680314887632776,-0.006594128453443739,-0.02848755217546755,-0.01963744591921568,-0.010731442831456661,-0.0008255541324615479,-0.021141590550541878,-0.006767856888473034,-0.002805109368637204
0.5440001487731934,-0.008524006975663296,-0.0038398587257054083,-0.004564272705465555,0.01966964092579234,0.007158211692324424,6.498400124559362e-05,-0.00022666582020482292,-0.0006344773598979079,-0.00034840713990574336,-0.020092112050805584,-0.00640383945460451,-0.015364799043484693,-0.03198140418247097,-0.001026246775140704,-0.025687687216646365,-0.02155427634716034,-0.011362075340002775,-0.0010379254817962646,-0.022082418203353882,-0.007074025925248861,-0.0029593859799206257
0.6000001430511475,-0.0015280030860314957,-0.006385524157102393,0.008213636465370655,0.021607790862059138,0.005086097297389123,9.97094173863754e-05,-0.00023911780316625703,-0.0006459511094850519,-0.00041782004846946505,-0.021045272562189493,-0.006699100755987335,-0.016504338912900592,-0.026889572346461374,-0.00040543630851022427,-0.025299506844691944,-0.02418359834700823,-0.01222533779218793,-0.0013478398323059082,-0.023240655660629272,-0.0077278190292418,-0.0031853271648287773
0.6400001049041748,-0.011029179159417314,0.006624009161286595,-0.004574220161885023,0.029158218809442457,0.003503873821666636,0.00015063282733300578,-0.000250814773702316,-0.0007332588170330149,-0.0012765961536120372,-0.020882335942300233,-0.006700795939387764,-0.01737488045481875,-0.013346624992319369,0.0011784143290536964,-0.024024500113856876,-0.02600329928100109,-0.012780879624187946,-0.0016538798809051514,-0.023969655856490135,-0.008098557591438293,-0.003281914396211505
0.7039999961853027,-0.016913485288856445,0.00462928079817261,-0.0026658549904823303,0.03229803993855473,0.005003881788532788,0.00013354355571700257,-0.00022633074499384587,-0.0007851751329936033,-0.001821897624769659,-0.02086014872539792,-0.006182210271745429,-0.018252955989854,-0.0036397160811528313,0.006488494093682005,-0.023071801657663468,-0.02866816334426403,-0.01364942966029048,-0.002121865749359131,-0.024972766637802124,-0.008497126400470734,-0.003548382082954049
0.7439999580383301,-0.01658387797235521,0.011751790295882018,-0.011942705838009715,0.03713880449147377,0.006795022961860398,0.00010723115780337412,-0.0001898255112270244,-0.000881902488079279,-0.0016058412119820042,-0.019949801531594667,-0.005112999739209638,-0.019482238039215338,0.010617191015893592,0.013408269603461418,-0.022702076958139306,-0.030144130811095238,-0.014089810661971569,-0.00248679518699646,-0.025379396975040436,-0.008682934567332268,-0.003656103741377592
0.7999999523162842,-0.011248254470229823,0.01026749827220813,-0.024571680463850498,0.039937573110399784,0.005795769793652735,0.00014794154127490216,-0.00021361956706693374,-0.0009479870772389908,-0.0020712401444716094,-0.01862920700122169,-0.004376254426006999,-0.020367543529230352,0.024050161604695003,0.016587505828011523,-0.021580445566574673,-0.03195122629404068,-0.014528063125908375,-0.0030230581760406494,-0.02588125690817833,-0.008849261328577995,-0.003832533722743392
0.8400001525878906,-0.020202012424342487,0.01753656720736434,-0.03345332574099302,0.03573993760671544,0.0009658557034262949,0.00030468317735252886,-0.000341249682108391,-0.0008338600232953885,-0.003803109902606619,-0.01786041409130318,-0.0042209691295735366,-0.0207794241292356,0.029354591553102456,0.012817026235862831,-0.019762828532269502,-0.0329856239259243,-0.014665988273918629,-0.003413975238800049,-0.025880152359604836,-0.008839204907417297,-0.004142841789871454
0.9040000438690186,-0.017619367906524623,0.014508107464877464,-0.02394977957010269,0.03319668080051074,0.0009599277514592162,0.00030167703473801865,-0.0003411973454637594,-0.0007584988266325909,-0.004896757445723527,-0.016423029291625126,-0.003316208328435767,-0.021413986581246495,0.037788963186158285,0.015822383910129578,-0.01808423031021249,-0.03418702259659767,-0.014740743674337864,-0.003988355398178101,-0.02542971633374691,-0.008783234283328056,-0.0044148750603199005
0.9440000057220459,-0.0070639634174014905,0.021191708165054873,0.0009233169257640839,0.02905901202125572,-0.00048631427374341385,0.0003701921730361251,-0.0003876341955717987,-0.0006250123154139686,-0.0065600886474112205,-0.01515890566529501,-0.002573039319895222,-0.021480132587628827,0.04158379934573423,0.015661346224520218,-0.015856585662116927,-0.03473753668367863,-0.014700895175337791,-0.004150331020355225,-0.02503841370344162,-0.00861736387014389,-0.004419319331645966
1.003999948501587,0.015492497207123387,0.02396583726090728,0.0032862303778529167,0.024981940729628536,-0.0010112359667541642,0.0004106834354767887,-0.00040515884053517925,-0.0004842436306644127,-0.008536770120093065,-0.013707472944911913,-0.0017932617521166658,-0.021291186822109072,0.04423845190643529,0.01634225726971542,-0.013232237060706116,-0.03525564447045326,-0.01451242808252573,-0.004435986280441284,-0.02448071725666523,-0.00837845727801323,-0.004318307153880596
1.0440001487731934,0.018447366074175034,0.030494924309569942,-0.008760752622038126,0.018343562497254738,-0.0001402876747396981,0.0004213077178536773,-0.0003726168456855256,-0.0002432036635501947,-0.009990529324269791,-0.01286084773202528,-0.0004304292965618608,-0.021179249014608683,0.040069676064900445,0.019077978953114867,-0.011346133248741513,-0.0353959146887064,-0.0142784733325243,-0.004622936248779297,-0.0238789189606905,-0.008166156709194183,-0.004453127738088369
1.1000001430511475,0.03349460510608957,0.03207750138164435,-0.002618052065372467,0.016074234141033705,0.00035932090647109864,0.00042881896401346007,-0.0003526770911162665,-0.00015489842990687523,-0.010908357820778872,-0.01093164103610729,0.0009629601280756473,-0.021267705515538655,0.04350087997576571,0.022253720908876454,-0.009509676669938755,-0.03536117821931839,-0.013794897589832544,-0.004666447639465332,-0.022991904988884926,-0.007707533892244101,-0.004434427246451378
1.1400001049041748,0.03261732224250378,0.017296878230635127,-0.022586380131542683,0.010330865272333973,0.0010880419874360647,0.00047820362739500196,-0.0003213228695262578,8.020994016734808e-05,-0.011006394331977148,-0.009992368575617036,0.0024682632327139888,-0.021696151662033848,0.03739002468582914,0.02529377223825071,-0.008847747447442328,-0.03510222025215626,-0.01327998423948884,-0.004657179117202759,-0.022171692922711372,-0.007295245770365,-0.004454488400369883
1.2039999961853027,0.03499819710485207,0.023329599896284137,-0.027604876086115837,0.00737805788544515,0.0011510991661371748,0.000506180502594264,-0.0003176155931132831,0.0002081935404668461,-0.012155361989716746,-0.00883015634933435,0.003817331794964093,-0.0215517940826113,0.03590278267960776,0.027483374019845058,-0.006892970796071737,-0.034256454557180405,-0.012150053400546312,-0.004381954669952393,-0.020676329731941223,-0.006287466734647751,-0.004495927132666111
1.24399995803833,0.04076302278327946,0.013387396542184711,-0.01752810785546899,0.0014871195197108797,0.0013931173373452352,0.000557953601234316,-0.0003044238685971979,0.00047588097713413514,-0.012465347398845196,-0.008638928225328734,0.005375465479839342,-0.021791666106851803,0.02526465926490854,0.02960503981107812,-0.0057756985688615465,-0.0335981622338295,-0.011348648462444544,-0.004162102937698364,-0.019811410456895828,-0.005570141598582268,-0.004333904944360256
1.2999999523162842,0.03407051567499314,0.004871889129209292,-0.03358164522796869,-0.00268223857540814,-0.0005035559838527542,0.0004200660820700379,-0.0003938556654898687,0.0006762028795931855,-0.011510844061075564,-0.008425769840057553,0.0058912418570684945,-0.022688943689228806,0.016704313177310585,0.02565240979288938,-0.005991028702987697,-0.032607754692435265,-0.010097976308315992,-0.0039449334144592285,-0.01867765560746193,-0.004622637294232845,-0.004197706002742052
1.3400001525878906,0.041220821370443396,-0.0002609154604809572,-0.03500653710216284,-0.0035520317486868753,-0.0024942954184991838,0.0001583858328184353,-0.0004940081979081774,0.0007213636427041071,-0.01075473753317311,-0.007477408199698521,0.006246903169632205,-0.023453254377496666,0.01601590102101987,0.021286653033693207,-0.00603640237731031,-0.03186183422803879,-0.009150444762781262,-0.003793776035308838,-0.0178473349660635,-0.003956573083996773,-0.00416884059086442
1.4040000438690186,0.04784901183737897,-0.006801213775671299,-0.02868675347417593,-0.004981254005005381,-0.004314943417307156,-0.00012146205015939863,-0.0005882114330002095,0.0007965892871546307,-0.009406892633294087,-0.006921010965805936,0.006170535061977216,-0.02459664682962989,0.012857050319278382,0.015545968434942974,-0.007059330077326906,-0.030634669587016106,-0.007726736250333488,-0.0036391615867614746,-0.016651146113872528,-0.00293016922660172,-0.00440143933519721
1.444000005722046,0.032869538555156314,-0.0033820435135616476,-0.016460655722767115,-0.0064433772424670145,-0.007474801869238104,-0.0007718882830975058,-0.0007611230154374592,0.0008759242015906187,-0.007930613031469774,-0.0063945720106646465,0.004738837738895681,-0.025838247198922314,0.008953497707392026,0.0037466771602930444,-0.00804837063116045,-0.02980411984026432,-0.007001439400482923,-0.003655761480331421,-0.016116643324494362,-0.002485800301656127,-0.004405928310006857
1.5,0.029119349293677627,-0.005865330706029197,0.007924099452793598,-0.006104476270430607,-0.00805622570315735,-0.0009668547090445811,-0.0007938134043487214,0.0008558763176467198,-0.00760073361760402,-0.005453631070400783,0.004441903087271088,-0.02633167216766806,0.009921016843987294,0.0001603941794467645,-0.007686129389985615,-0.028609411790966988,-0.006255280022742227,-0.0038256943225860596,-0.015269347466528416,-0.00191410758998245,-0.00444759102538228
1.5399999618530273,0.05263334378033282,-0.007879233313323984,-0.004587507341057062,-0.004956572070439523,-0.007398300333401724,-0.0008623137044735617,-0.0007509217405352418,0.000789390444918834,-0.006166314282206844,-0.0033562666557068028,0.00480347992769111,-0.02758546941559082,0.013998688220543391,0.0008852693783615358,-0.008475315116993391,-0.02772369608283043,-0.0059012813289882615,-0.004034817218780518,-0.014637839049100876,-0.0017233961261808872,-0.004456861410290003
1.6040000915527344,0.052432710626217405,0.0015165475394011798,-0.002472067251801491,-0.004359554934556765,-0.006781495724311436,-0.000708067878121158,-0.0007105643406250026,0.0007549420220915928,-0.004891125873341224,-0.0018474576739310423,0.005323468605905076,-0.02880597959308119,0.016348492675463174,0.001664373007904459,-0.009453162720334004,-0.02609364688396454,-0.0054605185287073255,-0.0043388307094573975,-0.013332553207874298,-0.0015446472680196166,-0.0044312309473752975
1.636000156402588,0.06343928140026475,-0.007633688340907695,-0.0004903227090835571,-0.003982107036091105,-0.006556610701238877,-0.0006849948443359297,-0.0006944790576903911,0.0007314713768543607,-0.004798329358488062,0.00022627806869787145,0.005468920159769564,-0.029158281321416506,0.018276361063730887,0.0009208236404017733,-0.008922119975537185,-0.025146251544356346,-0.005240026512183249,-0.004495769739151001,-0.012655011378228664,-0.0014114119112491608,-0.0044852811843156815
1.7000000476837158,0.0655944210680096,-0.008443289948820223,0.007801013998687267,-0.0038703477731602503,-0.006334173199694407,-0.0005931901919933034,-0.0006784880671013622,0.000725469411309368,-0.004885078855805265,0.002167548555448445,0.005484813049669904,-0.02935908243529849,0.01914836734438403,2.2758559848122886e-06,-0.008219570001475142,-0.023093154653906822,-0.004799581482075155,-0.004690051078796387,-0.011206533759832382,-0.0010724604362621903,-0.004590272903442383
1.7400000095367432,0.06002776247013077,-0.0021234937610215268,0.018269346095621586,-0.004342337640426969,-0.0061054462721582305,-0.0003480115719723493,-0.0006651757058766311,0.0007605537298200052,-0.004179501192457551,0.002997355355115447,0.005562481982709588,-0.030170095465301482,0.016979542120343076,-0.0010743161866132156,-0.008582134875362338,-0.0216390835121274,-0.004590222495608032,-0.004734307527542114,-0.010143602266907692,-0.0008977196412160993,-0.004697893280535936
1.8040001392364502,0.05892990004036205,0.0025303699740273633,0.022441464476287365,-0.004629024876276804,-0.005790872488366841,-8.547508648302279e-05,-0.0006440208916066532,0.0007834302281529788,-0.0035032914870135063,0.0037780532954995115,0.005761999147421907,-0.030951132228018343,0.015329253542241747,-0.0014280867635571052,-0.008914403981772423,-0.019163886085152626,-0.004339944454841316,-0.004814118146896362,-0.008630095981061459,-0.000743435462936759,-0.0045929597690701485
1.8440001010894775,0.035350627801378945,0.0019400744442028652,0.01752572599798441,-0.006330225104647237,-0.005287841126440866,0.0007285539667962934,-0.0006158319918383092,0.0009147015896521151,-0.0021418403578570737,0.002988139448497614,0.006014493507587012,-0.03232835940731557,0.005382651825459257,-0.00160087687853726,-0.010281667212006062,-0.017613430507481098,-0.004194739856757224,-0.0049097537994384766,-0.00763770192861557,-0.0005538540426641703,-0.004658214747905731
1.9000000953674316,0.038865244448318736,-0.006180225409411406,0.005226912908256054,-0.006693090769351206,-0.0050725394337667856,0.0010146585221315623,-0.0005989538617085252,0.0009440841116722582,-0.0012738766739615452,0.0031792355445653003,0.00592262149675723,-0.03337638251464816,0.00178748338321909,-0.0027367615179297476,-0.011209110493755604,-0.015609899070113897,-0.003966708900406957,-0.004993915557861328,-0.0064138611778616905,-0.00036628529778681695,-0.0047708917409181595
1.940000057220459,0.02729609489567716,-0.0030439292710690074,-0.003858712501823902,-0.0072879837341852036,-0.005164893833680348,0.0011461728625020583,-0.0006064967422578769,0.000994046690553756,-0.0003273318667790545,0.0026004958209196304,0.005477357218736245,-0.03468892416396495,-0.003390698093079795,-0.005699362646147892,-0.0122311776867579,-0.014367187861353159,-0.0038525410927832127,-0.005020707845687866,-0.0057834442704916,-0.00031795029644854367,-0.00494498061016202
2.003999948501587,0.03602620112313244,-0.009879697863111192,0.005225771106779575,-0.007479658524725296,-0.005643530077577573,0.0007695633901540558,-0.0006477249460448118,0.0010125789926799932,0.0005248355895222541,0.00262782654052396,0.004169437527051168,-0.035963330672983365,-0.006795208086345802,-0.01100111087951431,-0.013146008171754518,-0.012606773059815168,-0.0037594898603856564,-0.005096137523651123,-0.0049898941069841385,-0.00010099993960466236,-0.0050788079388439655
2.0440001487731934,0.032906391750902965,-0.005199418281342843,0.005798074416816235,-0.007570399482986773,-0.0059854319101782716,0.0004590614396381271,-0.0006778519215016754,0.0010229106836303048,0.0007336052949998857,0.002363794197120429,0.0029808711716597103,-0.03667496837483125,-0.009501425026266776,-0.01602736134497742,-0.013074380380159194,-0.011689221952110529,-0.0038034182507544756,-0.005307018756866455,-0.004438753705471754,-0.0001189777030958794,-0.005151908379048109
2.1000001430511475,0.032733490078491974,0.00392687812533048,-0.03882590588182211,-0.0074220630908440445,-0.006404747317735573,-6.952894508736239e-05,-0.0007172168130555938,0.0010121568856050324,0.001719604877361178,0.0025532067282721016,0.001471058335114228,-0.03824747028598261,-0.010745812714040388,-0.021844857685394684,-0.014293206621681228,-0.01052559691015631,-0.004115941701456904,-0.005627453327178955,-0.004039325751364231,-0.00044734973926097155,-0.0053212582133710384
2.140000104904175,0.0320129637787833,0.006464119470434858,-0.04951508063822985,-0.007189224132893013,-0.006618611826305073,-0.00045110122232054286,-0.0007387803063755301,0.0009908278495057627,0.00269880764627744,0.0025701296465128476,-5.303614539885837e-05,-0.04004217227555616,-0.011651593899755626,-0.026752862248078792,-0.01572405916736594,-0.009787469905859325,-0.004492003936320543,-0.005930721759796143,-0.0037329753395169973,-0.0005958446417935193,-0.0054226648062467575
2.2039999961853027,0.03176412231644938,0.0067526345819294556,-0.027100148610770702,-0.0065028152579446104,-0.006427727234924474,-0.0006017677044574986,-0.0007206202600863886,0.0009209257118506743,0.003990995100382429,0.0035633965877897933,-0.0009139888394059483,-0.04227763040763792,-0.009342192512133835,-0.028695787541158424,-0.017590565035826237,-0.008745032362639904,-0.005282317637465894,-0.006460458040237427,-0.003168080234900117,-0.0012343853013589978,-0.005792805925011635
2.24399995803833,0.030545896118810582,0.003849751852982491,-0.01870412938296795,-0.005982703744223355,-0.006420208972269857,-0.0009209466424063728,-0.0007191878888455582,0.0008666013058163233,0.0044083368966045715,0.00430870828605028,-0.002220322838374073,-0.04353271225315139,-0.0074780964422559056,-0.03173556705150039,-0.018158929730224958,-0.00813461432699114,-0.005851143185282126,-0.006818205118179321,-0.0029781798366457224,-0.0015787574229761958,-0.005972559563815594
2.299999952316284,0.045841094003419965,0.008031873718493891,-0.03495054040104151,-0.0047770093436456055,-0.006187017534348512,-0.0014031699502397529,-0.000686302218674076,0.0007368302643093101,0.00534625065604135,0.0068909557804091035,-0.00305657724159735,-0.04552204616005876,-4.148739726270986e-05,-0.03268600012020865,-0.019767003929994913,-0.007220850558951497,-0.006702676706481725,-0.007356107234954834,-0.0025959850754588842,-0.0019511940190568566,-0.0063194590620696545
2.3400001525878906,0.04772827819383483,0.015815085869572885,-0.032309080474078655,-0.004239182388961411,-0.005948007550515752,-0.0014578046404925841,-0.0006530920702069493,0.000679487381440903,0.006449177978437494,0.008305247648335743,-0.0039166875830584655,-0.04777657625111259,0.0029813073053327104,-0.03395669079932725,-0.021468009728374433,-0.006477180169895291,-0.007358280825428665,-0.007797569036483765,-0.0021552590187639,-0.0025182762183248997,-0.006411478854715824
2.4040000438690186,0.041570312156497834,0.016295795527831575,-0.028687953017652035,-0.0031149532146135493,-0.0049972932030689695,-0.0009738362955512909,-0.0005239544349285145,0.000565661517504093,0.00715194572067691,0.011368789902905034,-0.0027548651262450877,-0.04961081361796804,0.01067821582076578,-0.02792911712361651,-0.022607880025675837,-0.004991685040295124,-0.00842207856476307,-0.00854542851448059,-0.0014723718632012606,-0.003240728285163641,-0.006585605442523956
2.444000005722046,0.049661602076126625,0.018688875056355532,-0.02420030627399683,-0.0028859260057701886,-0.004419365061589549,-0.0003389505658022711,-0.00045071734767882226,0.0005499398006856953,0.0071019698477056414,0.012574814562885108,-0.0025716831885023344,-0.050668569952389095,0.011559975685005202,-0.02542729162265556,-0.022673877604071573,-0.003901256714016199,-0.008987785084173083,-0.009005099534988403,-0.000821633089799434,-0.0035555765498429537,-0.006880242843180895
2.4839999675750732,0.04127042785114302,0.019705167621511796,-0.0382451182231307,-0.002795660858007776,-0.0034533280266810995,0.0008829313280122483,-0.0003311064705130741,0.0005554943171291682,0.0070490172565153475,0.013359909770966393,-0.0006838284363636856,-0.051437626782757054,0.010930840387133788,-0.01825863957844909,-0.02265802193791457,-0.0027043502777814865,-0.00943762413226068,-0.009490251541137695,-5.1568320486694574e-05,-0.003805984742939472,-0.007111326325684786
2.5399999618530273,0.040420674204552705,0.013923241876441282,-0.04530681390315294,-0.00277641618132581,-0.0033514073841986857,0.0009960194496152403,-0.00031818396233513767,0.0005538180075767789,0.007320583415753931,0.014054904278759866,-0.0012192152236800413,-0.05288038706621552,0.010368241852324525,-0.019248476594331956,-0.023117436132209,-0.0009237481281161308,-0.009756029583513737,-0.0101298987865448,0.0010247461032122374,-0.00403929129242897,-0.007320233155041933
2.5799999237060547,0.03637182271260407,0.007610151632043159,-0.054954410530626774,-0.002833895287769621,-0.003038809417975965,0.0014014142979019097,-0.00027804300897997665,0.0005603144856650174,0.007595721177503912,0.01452066128696711,-0.0012306919565120541,-0.05448095880122563,0.00869034730275726,-0.018252412435868722,-0.023666617869768675,0.0003037331625819206,-0.009825514862313867,-0.010613054037094116,0.0017385710962116718,-0.004045181907713413,-0.00745612196624279
2.6440000534057617,0.035589339762222186,0.009603785387353233,-0.058396399952471256,-0.0027666423956758347,-0.0030230776739289286,0.0013834536900779514,-0.00027723483448015534,0.0005511745502262043,0.007862400078021303,0.0152613038433314,-0.0020147043084968973,-0.056014927536270805,0.008732688630168066,-0.019994420031699503,-0.024130220765117876,0.0021683378145098686,-0.009915780741721392,-0.011332482099533081,0.0029352866113185883,-0.004010417498648167,-0.007630640175193548
2.684000015258789,0.040320172689657964,0.021550104224836327,-0.06735148001462221,-0.0029035741189141545,-0.0026641355589910477,0.001793810587959965,-0.0002241401742744388,0.0005584186637301494,0.008927225808931846,0.015353970201551262,-0.0016451961635644296,-0.05883351810422148,0.0059411687339559205,-0.0180870364135347,-0.02619059921082122,0.0032627712935209274,-0.009998160880059004,-0.011872977018356323,0.0035089144948869944,-0.003996357787400484,-0.007905400358140469
2.740000009536743,0.037593775955754,0.017927188050300396,-0.05092161614447832,-0.0030071664013352276,-0.0026031128771797953,0.0018803661883687972,-0.00021037373081717585,0.0005697367493913104,0.009052917252013671,0.015355439045102986,-0.002254779277146788,-0.06025971038007965,0.0036783242805109354,-0.019262256050947085,-0.02638055791490654,0.004712204448878765,-0.01015020115301013,-0.01281726360321045,0.004321817308664322,-0.004037500824779272,-0.00797626655548811
2.7799999713897705,0.04846375086542816,0.013716440353965327,-0.029086842201650143,-0.0028589136557618613,-0.002582419513783663,0.0018687208603522343,-0.00021693577318528164,0.0005468458579137617,0.008995627682278162,0.01639625539350968,-0.002949190534017666,-0.06140761586638286,0.004331722755572096,-0.020741648892490257,-0.02631635123393632,0.005652382969856262,-0.01021320978179574,-0.013650685548782349,0.0048172352835536,-0.003956806845963001,-0.008153890259563923
2.8440001010894775,0.05277107756049868,0.015892633514304262,-0.02666952647268772,-0.0028274446783471867,-0.0024926161555381206,0.001938221472453472,-0.0002067126135621125,0.000534643380456453,0.009353045910131539,0.016890382189348997,-0.0035937543332812353,-0.06327609637492501,0.003351625692956291,-0.02154231025587807,-0.027123570336395186,0.007024003192782402,-0.010351385921239853,-0.015080451965332031,0.005441195797175169,-0.0039723943918943405,-0.008537867106497288
2.884000062942505,0.051402002201478864,0.012839112679327707,-0.045963522978127,-0.0027770034858252478,-0.002315606460291125,0.0020727507572668212,-0.00018481945060040987,0.0005088911088036416,0.00954615886159036,0.017551335677851995,-0.0036911277196272994,-0.0648389169459237,0.002701852498574777,-0.0208775214496695,-0.02783288145142436,0.007880588993430138,-0.01047101616859436,-0.01591777801513672,0.005810597445815802,-0.003946817945688963,-0.0088691096752882
2.940000057220459,0.05973289659265964,0.01050200088719743,-0.023509803228080273,-0.002735755819221542,-0.00222231773906733,0.0021459962308341004,-0.0001754291412787183,0.0004910366940134518,0.009421737230222401,0.01804965306404889,-0.00430260097422344,-0.06596177116039112,0.0020182552568702356,-0.021392031117473745,-0.027824479887373976,0.009084858000278473,-0.01063547981902957,-0.017033517360687256,0.006466166581958532,-0.003998156171292067,-0.009370657615363598
2.9800000190734863,0.051731205695781456,0.00265254155440501,-0.010803772835060954,-0.0029161459574230312,-0.002020852892643232,0.002165569450861106,-0.00011670007733676171,0.0004903610310439818,0.008057290285378512,0.017597622038163837,-0.0043493401735055105,-0.06457544895888367,-0.0018504073222602045,-0.020440277089706037,-0.025009636114581093,0.009907359257340431,-0.010756213683634996,-0.01775839924812317,0.006843857932835817,-0.004097393713891506,-0.009585447609424591
3.0199999809265137,0.04406076498575032,0.004176393602079575,0.01728664804250002,-0.0029643982596634596,-0.0018317826978063558,0.002239037059406607,-7.859118990285164e-05,0.0004670974107891104,0.00769894078681922,0.01733007215145064,-0.004262654940768461,-0.06469929996226499,-0.004005333790482761,-0.019115492421768285,-0.024328261156537224,0.010732877999544144,-0.01087343180552125,-0.018284857273101807,0.007074012886732817,-0.0040624248795211315,-0.009770230390131474
3.0840001106262207,0.03886970841630095,0.0120792968787825,0.001605435274541378,-0.002891970932390987,-0.0015421164130918147,0.002482310044831027,-4.54795229705407e-05,0.00040180229376653143,0.006706956093234328,0.017506344820148956,-0.0036919207154158112,-0.0637674873634162,-0.005221154781443679,-0.016465758471970352,-0.022157180139700118,0.011854499578475952,-0.011059794574975967,-0.018795818090438843,0.0073006064631044865,-0.004139297641813755,-0.009812569245696068
3.124000072479248,0.033067327980618934,0.010110089876453893,-0.02763749286532402,-0.0027457564071092385,-0.0013330014130231882,0.0027738941404446566,-4.1451656918516044e-05,0.00033432360286839277,0.006035345181717872,0.017961211407397083,-0.0032310495688717277,-0.06342894024540705,-0.004907789879780293,-0.014292444255556359,-0.020747594758387715,0.012412188574671745,-0.011130845174193382,-0.01887151598930359,0.0074217175133526325,-0.00410379096865654,-0.009898011572659016
3.180000066757202,0.020403808954144013,0.0017585858772537243,-0.027502880431711674,-0.0023642072101292145,-0.0009189447771039328,0.0035401627167114475,-6.483613119188701e-05,0.00017226701714455908,0.00514297682072927,0.01958418759349322,-0.0014036157987599512,-0.06255121269603593,-0.0011850771828705439,-0.008385543791195457,-0.018693147903813743,0.013112727552652359,-0.011136936955153942,-0.018772900104522705,0.007571977097541094,-0.004039885476231575,-0.009787242859601974
3.2200000286102295,0.030408586670201965,-0.0034318156353301916,-0.026239055208861828,-0.0023634344374834234,-0.000694948821752983,0.0036185469088712207,-2.9613225936398594e-05,0.00010862380607860063,0.0047113402784810885,0.01943216114929031,-0.0005309257325428566,-0.06245881065615176,-0.002729692870747968,-0.005640284243903385,-0.01745584557412372,0.013628412038087845,-0.01101740775629878,-0.018661797046661377,0.007746683433651924,-0.003936915658414364,-0.009643631055951118
3.2840001583099365,0.010943083700891011,-0.010136207761277178,-0.013453287887386978,-0.002409623233768423,-0.0004485372071180037,0.003580850241859898,2.3691845109741198e-05,3.684262512404377e-05,0.003745776713975765,0.01881866837378688,0.0005607657715843895,-0.061068206810122996,-0.005325712043142062,-0.0022070132559949044,-0.014982300164561467,0.014463275671005249,-0.010647487826645374,-0.0184381902217865,0.0079477084800601,-0.0035770817194133997,-0.009183183312416077
3.324000120162964,0.007537683631812492,-0.011093450209038092,-0.014157306752167642,-0.002422226630245213,-0.00036707412131928085,0.003560572355323683,4.063995550835305e-05,8.767592791911135e-06,0.0034376601157746285,0.01834004832946896,0.0009033785163089827,-0.060985571565637046,-0.006930797094362519,-0.0009561467594798529,-0.014173899103795644,0.014884503558278084,-0.010283274576067924,-0.018183231353759766,0.008132553659379482,-0.002990876790136099,-0.009080505929887295
3.380000114440918,-0.0089155773078111,-0.011806013838726346,-0.01748796971514821,-0.002487482248909934,-0.0002859574238500759,0.0033550738449423176,7.83469754000232e-05,-1.4020791007927913e-05,0.0034193461999244682,0.017181546177509284,0.0011980273041531605,-0.061440543405031064,-0.009617856934883122,-7.197674055327733e-05,-0.013849829601657607,0.015251871198415756,-0.009746468160301447,-0.01778450608253479,0.008387913927435875,-0.002424173755571246,-0.008789506740868092
3.4200000762939453,-0.005685886571614004,-0.005901616510547107,-0.012565449433168396,-0.0025497371157228105,-0.00028581528475178706,0.0031327761314668564,0.00010525201458602121,-4.5705197533498565e-06,0.003375710044442983,0.01618720447342872,0.00109936346962264,-0.06181266265575093,-0.011986645520592826,-0.0005225807629213293,-0.013787376807769147,0.015319110825657845,-0.009383454686030746,-0.01746198534965515,0.008357084356248379,-0.002160335425287485,-0.008618408814072609
3.4839999675750732,0.00012625348988462288,-0.017082988648434858,-0.04411031026393175,-0.002517790301669369,-0.00042185142612660915,0.003294453688485627,7.04926265087452e-05,5.462702791618375e-05,0.003201724292036411,0.015616306270110309,-6.517904109798635e-05,-0.0619551542886866,-0.013090264187210113,-0.003187943228569535,-0.013016629887501966,0.01505519449710846,-0.0088882886338979,-0.01702362298965454,0.008070486597716808,-0.0015662453370168805,-0.008447621949017048
3.5239999294281006,0.01775281593796232,-0.01503717674705201,-0.036538184620440006,-0.002472885925315613,-0.0005029071566253851,0.0035025403251925206,3.754299421327364e-05,8.807543805522497e-05,0.0030624135294278288,0.015347806517948042,-0.0008847043260043522,-0.062167594360752,-0.013879231588757836,-0.005068661194852435,-0.01246653165625958,0.01470077782869339,-0.008667554939165711,-0.016737043857574463,0.007759507745504379,-0.0013615908101201057,-0.008176321163773537
3.5799999237060547,0.015428629650004053,-0.006780959809776485,-0.019234981387853622,-0.002377366529467315,-0.0007083216535130056,0.003973967503647036,-4.005498881156127e-05,0.0001814749528150225,0.002484343014578942,0.015499272124697618,-0.0027180409563993847,-0.0611069897764952,-0.013430117568949592,-0.00934084811564189,-0.010943760967604715,0.014076992869377136,-0.008587966673076153,-0.01641261577606201,0.007132698316127062,-0.001176471821963787,-0.008103610016405582
3.628000020980835,0.009568472936706948,-0.005981483384074683,-0.029848149977624416,-0.002296634025205581,-0.0007678285846139781,0.00438688414644295,-9.289288915609106e-05,0.00020247108798365058,0.0019168228035749777,0.0154087044946373,-0.003645739401149916,-0.060146664463853576,-0.013690358101701511,-0.011082519179341149,-0.009358696935159295,0.013525297865271568,-0.00875233975239098,-0.016085684299468994,0.0066644661128520966,-0.0012310633901506662,-0.00801238976418972
3.684000015258789,0.00442109210722545,-1.9004134588989343e-05,-0.05138684902340174,-0.0022111451114634837,-0.0007191905460080031,0.00485974368240459,-0.00013936705815976124,0.00015698477829272209,0.00013260880570607986,0.015172650861770573,-0.003685624397669314,-0.05586853160572833,-0.013750993538802669,-0.010518594438346174,-0.004588381919884658,0.012888919562101364,-0.00917898677289486,-0.01564761996269226,0.006149881985038519,-0.0013899323530495167,-0.007845351472496986
3.7239999771118164,0.0006127757873776788,0.005796625878893348,-0.050071329809725285,-0.0021319938573128193,-0.0006366070030863536,0.005308105507854946,-0.00018054865206874453,8.87632501119321e-05,-0.0007730482211351715,0.015006331900281032,-0.003326160032822096,-0.053661871931826303,-0.013896047625904146,-0.009141185581189249,-0.0018696442017782707,0.012390535324811935,-0.009548735804855824,-0.015105515718460083,0.0058567882515490055,-0.001539736520498991,-0.007520007900893688
3.7799999713897705,0.006654083178558602,0.013388839412462755,-0.012999910104554147,-0.0020885212527720683,-0.0005264130838532254,0.005544468421437343,-0.00019740680410867048,-1.1868868054695442e-07,-0.001735302312431638,0.014364881506332066,-0.002587464222828943,-0.05098794439257945,-0.015044860488707667,-0.007288784544156033,0.0009967279695740673,0.011661792173981667,-0.010008134180679917,-0.014198094606399536,0.005395862273871899,-0.0017229693476110697,-0.007070339284837246
3.819999933242798,0.012833460986274133,0.006162693196985583,-0.009432178223505616,-0.0021423892932467023,-0.0004711644039577803,0.005174933813523535,-0.0001494757328528006,-3.797890760087649e-05,-0.0020437868067324123,0.013051787540146641,-0.002431824462091994,-0.049949840799503493,-0.017857002435976786,-0.006620923035545829,0.0023206441735862315,0.011142458766698837,-0.010206628125160933,-0.013515830039978027,0.005038057453930378,-0.001669355551712215,-0.006745109800249338
3.875999927520752,0.008898521300867674,0.012125706544970902,-0.012361657136352733,-0.002144805136880498,-0.0003450928066734087,0.005132064572203775,-0.00013718997408149826,-0.0001482941378321534,-0.002137920759033965,0.012073328995623035,-0.001350269005206605,-0.04940104105338354,-0.019856438310218563,-0.00411693833459913,0.002979960969009387,0.010315462946891785,-0.01033694390207529,-0.012462019920349121,0.004588196519762278,-0.0015837110113352537,-0.006113062147051096
3.9240000247955322,0.015298083339198645,0.018718671366021945,-0.004601117689162493,-0.0021095964350849095,-0.00029242724471921586,0.005381400701074127,-0.00016358252223916796,-0.0002022349813695983,-0.0024074277896553257,0.011395025420671794,-0.0008550393762855847,-0.0483475103754275,-0.020901650897114547,-0.003091461706827334,0.003901058452943433,0.009423790499567986,-0.01034845458343625,-0.011405736207962036,0.003973888698965311,-0.0014936979860067368,-0.005827757064253092
3.9800000190734863,0.008012025491954856,0.019929352135367263,-0.009866534266620874,-0.002004436451332123,-0.0003009200300008597,0.006226575921878882,-0.0002638913311000629,-0.0002076678990493914,-0.0026184527984166074,0.011346841594579384,-0.0007178754562516113,-0.0472689202136501,-0.020549881857695056,-0.0031338223755470068,0.005052032098376014,0.00831875205039978,-0.01017451100051403,-0.010260045528411865,0.003163250396028161,-0.0012050935765728354,-0.0052521987818181515
4.019999980926514,0.011311997556759032,0.010331014936867382,-0.01768164662644267,-0.0019321268190719081,-0.0003315671322186204,0.00685966093545779,-0.00034082392361512527,-0.00018435644998173554,-0.0027328911561137056,0.01110927808513551,-0.0010394300612884479,-0.04659163548241265,-0.020548414646183833,-0.003839651034039964,0.005691976087983265,0.00754627026617527,-0.009951951215043664,-0.009410947561264038,0.002614599885419011,-0.0008953872020356357,-0.004976606462150812
4.059999942779541,0.02772952907204341,0.009303996583792678,-0.023270013742148876,-0.0016577068080304413,-0.000325534829225086,0.009307126454165109,-0.0006563921281137646,-0.00023104549272593344,-0.0027551053784975062,0.013205934591055183,-0.0005791982827633513,-0.04614342548517652,-0.015674514959075177,-0.003112610991164383,0.00625248481976042,0.006803782656788826,-0.009718085173517466,-0.008616328239440918,0.002086252672597766,-0.0007760245935060084,-0.004579526372253895
4.115999937057495,0.026906646221315576,0.015824624251723783,-0.04355931933969259,-0.0015584742461104146,-0.0003280252196952686,0.010236315094739686,-0.0007881128805165315,-0.00024316025680309945,-0.0028856855571119354,0.013543861004731907,-0.0005185809946240572,-0.04539427636001907,-0.014778886443820027,-0.003033324073932744,0.006938039713422279,0.005879031494259834,-0.009433181257918477,-0.007519453763961792,0.0016146618872880936,-0.0005944573204033077,-0.004307865165174007
4.180000066757202,0.017371413297145345,0.015052992257175145,-0.0193140865303576,-0.0013073058213769824,-0.0002974707928723599,0.012678384408910993,-0.001172196849534137,-0.0003369324474395111,-0.0030131789073293996,0.01573341438187284,0.00033344733968057567,-0.04455130050303428,-0.009919500001586298,-0.0014354855439446073,0.00786244680552029,0.005246073938906193,-0.009054899914190173,-0.006364345550537109,0.001261378638446331,-0.00022170963347889483,-0.003732056589797139
4.203999996185303,0.012024832846992654,0.011810250972137074,-0.018061766866594553,-0.0012305921190694745,-0.00029678684802294885,0.01348513589112076,-0.0013131446476316792,-0.00035347781597637505,-0.003024150040334019,0.016204530117238557,0.0004904344059558619,-0.044123005602979916,-0.008886184199322647,-0.001055787527036676,0.00842315058528429,0.005108672194182873,-0.008892837213352323,-0.005988031625747681,0.0011827340349555016,7.202645065262914e-06,-0.003575407899916172
4.259999990463257,0.017060969500988513,0.007839022142939408,0.004862743429839611,-0.0012104588301059412,-0.00029545605842217957,0.013704982999600187,-0.0013543256050299753,-0.0003609087676011356,-0.003121841749946048,0.015967493317958707,0.000532610546729459,-0.04320477965067309,-0.009549610976721329,-0.0010143241125112534,0.009195610523234086,0.00499479565769434,-0.008428522618487477,-0.005155295133590698,0.0011871266178786755,0.0005281393532641232,-0.0030613986309617758
4.324000120162964,0.012127557859247354,0.0025470691656644907,0.019720817916095257,-0.0010684024283976006,-0.0002570540162490935,0.015251913016519243,-0.0017000138210286463,-0.0004939438303329029,-0.003223299564447983,0.01722282333321056,0.0013531161108984017,-0.042029607155915936,-0.007126518168996949,0.0005222380712441592,0.00995400051873468,0.005000500939786434,-0.00786632054951042,-0.004111737012863159,0.001320062903687358,0.0009505897178314626,-0.002750861458480358
4.364000082015991,0.0055643049721746385,0.008068728555803043,0.039559233002364635,-0.0010396241059723698,-0.00024611278043728694,0.015567347870681151,-0.0017795239163520685,-0.000535093026254548,-0.0033887952863925204,0.017176504540170657,0.0016284011166487066,-0.04072872851931364,-0.007226301056600956,0.0008658597737234809,0.01085887990505056,0.005010522902011871,-0.0074970966670662165,-0.003405660390853882,0.0013821362517774105,0.0011767370160669088,-0.0025468121748417616
4.420000076293945,0.010233831183439053,0.007986229245345861,0.05470142047852278,-0.0010172544185938618,-0.00020019208649877887,0.015679336240385006,-0.0018435120678683622,-0.0006935071650174545,-0.0037068658611401875,0.016998186899355307,0.0024730047430391597,-0.03850542267232103,-0.007599858870227616,0.0022661047689511585,0.012307237720286406,0.0051260339096188545,-0.00695842393906787,-0.0022890567779541016,0.0017750662518665195,0.0017092707566916943,-0.002329413080587983
4.460000038146973,0.003672967283033621,0.0045909223457347055,0.06955182831734419,-0.0010421566560935142,-0.0002064163537231646,0.01538500267104648,-0.001753499990925079,-0.0006593401251498809,-0.00398326157333266,0.016197056368221278,0.002436851530019605,-0.03657215707616789,-0.009158151477129936,0.0018696329305013238,0.013795528385943496,0.0051926905289292336,-0.006530711223604158,-0.0013734400272369385,0.0019875545985996723,0.0019804148469120264,-0.0018640607595443726
4.5,0.0011098342374371054,0.0032329073419732424,0.06148901116102934,-0.0011413600944772287,-0.0002024442045507509,0.01402874783889311,-0.0013584086400654182,-0.0006297451648510434,-0.004374364435397396,0.014108287850247276,0.0023442779570643254,-0.0338091513581272,-0.013115263517826534,0.0016454870093676232,0.015610921786924156,0.005161521025002003,-0.0061035879953124095,-0.0002516806125640869,0.002092018024995923,0.0024257206823676825,-0.001409868011251092
4.564000129699707,-0.0013909001454474033,0.00810705243409667,0.04756925906985998,-0.0012242358522467733,-0.00016208891431828293,0.012657317902712148,-0.001006343338663364,-0.0007651534278490305,-0.004417204928839431,0.012070451017228668,0.0028673648833186863,-0.03265235366262438,-0.01685481552394858,0.002458230151712137,0.01611723861180726,0.004830481484532356,-0.0055210397695191205,0.0018880516290664673,0.0018368433229625225,0.002879735315218568,-0.0008801044896245003
4.604000091552734,-0.006938386736350672,0.01270586860919594,0.03966068383306265,-0.0013194329033417267,-9.453364169521533e-05,0.01087961493385032,-0.0005818775141783275,-0.001027993268457518,-0.0045404440421673515,0.009561410235074412,0.003906606461940375,-0.030956725484441172,-0.02121198019359439,0.004060969188686593,0.017193534339120235,0.004366799257695675,-0.0051875453209504485,0.0033708512783050537,0.0014734618598595262,0.003192169824615121,-0.0004527637211140245
4.6600000858306885,-0.011443732703143986,0.011066829318435207,0.04247105773538351,-0.0013628941745809416,-2.4679001545603772e-05,0.009814490697266112,-0.00038634128743251334,-0.0013378098474874983,-0.004670563190034864,0.007551714115083095,0.00520160750089134,-0.0293163258161569,-0.024225055680691773,0.006299152467986699,0.01830207138334808,0.0034002698957920074,-0.004669878049753606,0.005493462085723877,0.0008115032687783241,0.003571231383830309,0.00035364815266802907
4.700000047683716,-0.01368082069566233,0.018231207864766962,0.017456001602113247,-0.0014618465231250313,4.571081323489854e-05,0.00781341878584639,6.386205454123438e-05,-0.0016189619182087336,-0.0046500957635997285,0.004369639416916566,0.006575822728944995,-0.02817536113600209,-0.02908347531954177,0.008257281993042691,0.01890984969755697,0.0024384334683418274,-0.00418607541359961,0.0070251524448394775,0.00018196948803961277,0.004038878250867128,0.0007948661805130541
4.763999938964844,-0.00527228353057556,0.02421071860183201,-0.0026681115850806236,-0.0014986299155017706,8.43380067464117e-05,0.006960107623029737,0.0002254105154593299,-0.0017810317923593953,-0.0044950057519749275,0.0023437398499642687,0.007595283069383895,-0.027901107075108105,-0.0318662116318036,0.009564000179556477,0.018937970745580526,0.0005131969228386879,-0.003183347638696432,0.009398549795150757,-0.001157017657533288,0.004850737750530243,0.0015384756261482835
4.80400013923645,-0.001842906606854962,0.020679153799130417,0.03177801053971052,-0.001514240946655908,0.00016501385551212226,0.006231268325204036,0.000284003273357414,-0.0021424450850143443,-0.004369392471129152,0.00011408539209877152,0.009723314006191487,-0.027093570637763263,-0.034791430449213435,0.01245670672806646,0.019207095344430464,-0.0009311344474554062,-0.0024716255720704794,0.010766863822937012,-0.0023091521579772234,0.005299839191138744,0.0019343439489603043
4.860000133514404,0.004291753726919662,0.023930408847147817,0.018539815209805965,-0.0015012650412620572,0.00022609141476127148,0.006129418640714434,0.00022053254166567177,-0.0024205037463342007,-0.004408620960741617,-0.0013975597725945025,0.011618904542795655,-0.02586063519538471,-0.036295633225950655,0.01508532693095272,0.019918659174192895,-0.003087158314883709,-0.0013615968637168407,0.012512832880020142,-0.0038327169604599476,0.006078697741031647,0.0024679014459252357
4.900000095367432,0.01855546170950592,0.011647375299720665,0.03239093255251646,-0.0014239885691139237,0.0002862450181104232,0.007313457836223579,-9.616099880479213e-05,-0.002718735476617353,-0.004374371812506256,-0.001605973736460028,0.013867933672622786,-0.024747781778695764,-0.03555100950508741,0.01814371473821638,0.02037011116125833,-0.0047007957473397255,-0.0003996412269771099,0.013691961765289307,-0.004969313740730286,0.006684029940515757,0.0027562498580664396
4.96399998664856,0.013772390738496343,0.024349262360065488,0.024329028092324734,-0.0013744051774470128,0.0003095537285400602,0.008216091004921018,-0.0002906131608367942,-0.002841811465612044,-0.004342172930304694,-0.002485349543405287,0.015560436404293571,-0.02368723269139739,-0.03571833773283456,0.02002279969403195,0.020754124784191315,-0.007193471305072308,0.0014123991131782532,0.01554858684539795,-0.006614050827920437,0.00804815161973238,0.0031663617119193077
5.003999948501587,-0.0013236676390791242,0.025012371157788416,-0.001430923119187355,-0.001292842794743975,0.0003650417768803772,0.009676381406719335,-0.0006117607348873433,-0.0031150823159824706,-0.0041138157535145605,-0.002781422107121443,0.018242960178777808,-0.023480970595551705,-0.03475570335582481,0.023231949164408638,0.020625718181122427,-0.008608586504124105,0.002644166350364685,0.016721561551094055,-0.00747330067679286,0.008817890658974648,0.003484025364741683
5.059999942779541,-0.004924653438399642,0.019629952891175393,-0.010627090465277433,-0.0012415698824214496,0.00033600947530585003,0.010960071840790358,-0.0008034008267996927,-0.0030250574011015923,-0.003914813039197931,-0.0033983377793047756,0.01898552212453267,-0.023376897348270337,-0.03440696151696278,0.02307707986133854,0.020495124778616824,-0.01046550169121474,0.004556627944111824,0.018230900168418884,-0.008605138398706913,0.009945964440703392,0.003922832198441029
5.1000001430511475,0.0019731771021481623,0.022409608207804004,0.02361008431762457,-0.0011344624063697743,0.0002289989490321099,0.013954016124044398,-0.0012140661074216538,-0.00262639690807101,-0.0035121813851542675,-0.0027343366559841767,0.018340527411128786,-0.024026241242135902,-0.03167389772144763,0.020458687664537765,0.019656048841946213,-0.011714447871781886,0.0059640780091285706,0.019217118620872498,-0.009217250160872936,0.010738995857536793,0.004234897438436747
5.164000034332275,0.006298341281446701,0.028369744938965755,0.009182021953165531,-0.0011096444444573964,0.00017911872617238026,0.014821358616066956,-0.001311475540465281,-0.0024090611176442295,-0.003460791610490122,-0.003636652793478234,0.018361814014936494,-0.02322830137179856,-0.032072891769339903,0.019148709816432487,0.020049715269862968,-0.013510457938537002,0.007979079149663448,0.020636409521102905,-0.010102547705173492,0.01186968944966793,0.004565658047795296
5.203999996185303,0.01429044582122747,0.01946231210935335,0.009663029573857784,-0.0010600018458816703,0.00013594323692707472,0.01628331631418555,-0.0015452076177338105,-0.0022251959995130566,-0.0033998253926195445,-0.0038673466979939055,0.018582758317696717,-0.022397800454163674,-0.03132022885223944,0.018385489978091873,0.020307709290865648,-0.014489869587123394,0.009049045853316784,0.021419495344161987,-0.010468536987900734,0.012467093765735626,0.004688906017690897
5.259999990463257,0.01626710385658356,0.01880052217117569,0.02977472823113203,-0.0010355246926381893,8.470104183589476e-05,0.017252522472127052,-0.0016761619891894476,-0.0019467047692501224,-0.0028761167442277096,-0.004725235082059903,0.018463494591868038,-0.023709838421434353,-0.0317962371185566,0.01703438407743557,0.01902694959929266,-0.015786231961101294,0.010407352820038795,0.02241174876689911,-0.010986801236867905,0.013072622008621693,0.004849802702665329
5.299999952316284,0.014844402182578497,0.027919155362828744,0.019780072383582592,-0.0010148290354857767,5.12362979519501e-05,0.018022129733883775,-0.0018009732734316586,-0.001748746908132284,-0.002548755916221194,-0.005664150503498628,0.018634773765160994,-0.02432318233666111,-0.0322950614305667,0.016115952565128915,0.018382060244308263,-0.01665743626654148,0.011295674368739128,0.02302461862564087,-0.011409897357225418,0.013405445031821728,0.0050894771702587605
5.364000082015991,0.024791517483322548,0.018313291445149024,0.017625843174755573,-0.0009250323660540382,-7.264838040988042e-06,0.02079948478344088,-0.0024303569817865113,-0.0014314810288688434,-0.002002313600557598,-0.004897667063517651,0.01856839189410363,-0.02594343811559432,-0.029759220389066324,0.014768903463051411,0.01700104019858645,-0.018000743351876736,0.012539133429527283,0.023808225989341736,-0.011898710392415524,0.013617688789963722,0.005290094763040543
5.4040000438690186,0.03207366440804707,0.02023496644214043,0.02800948452204466,-0.0008861006875416714,-1.9374029007533952e-05,0.0219039282355199,-0.0027435388226316366,-0.0013935319419443185,-0.0017693132350147783,-0.005184474696188652,0.019205498845445097,-0.026197402510656605,-0.029232171137602705,0.014815383997939795,0.016474328489207078,-0.01876344345510006,0.013230213895440102,0.02414405345916748,-0.012232312001287937,0.013808189891278744,0.005194059107452631
5.460000038146973,0.038874339288029004,0.020854087204363752,0.011590181849896908,-0.0008431477550595107,-3.419766118165226e-05,0.023164098205831728,-0.0031241492303974846,-0.0013366139263268546,-0.00157877980866486,-0.005261661344903158,0.019800099505804584,-0.026315041804554542,-0.028423740138530152,0.014897724644528298,0.016332781760244157,-0.019606972113251686,0.014085065573453903,0.024417296051979065,-0.012354723177850246,0.01404626201838255,0.005182305350899696
5.5,0.04757840711669326,0.01352099295646042,0.02470692526549101,-0.0007435577045928383,-7.225843836030564e-05,0.026207112778239422,-0.004132155501607771,-0.0011541956097327142,-0.0015674506710495677,-0.0034473230758483766,0.020096235414213483,-0.025337017224420815,-0.02492715026045699,0.014376001368339752,0.01665714975007352,-0.0200200779363513,0.014656947925686836,0.02461858093738556,-0.012422513216733932,0.014222804456949234,0.0051471455954015255
5.564000129699707,0.05708090781175694,0.010801668441154788,0.004479658789932728,-0.0006836486734357461,-9.724330333245009e-05,0.028087247769272725,-0.00482949537423817,-0.0010107955332806999,-0.0015942879080733344,-0.002784182983148524,0.02049281019556821,-0.024232538292324288,-0.023304990300446034,0.013994537880086783,0.017200538550094912,-0.020285680890083313,0.015516048297286034,0.02501589059829712,-0.012279949150979519,0.014208639971911907,0.005094161257147789
5.604000091552734,0.05358865202344539,0.015440400105675593,0.018440929241478443,-0.0005738931292171351,-0.00015343596079518565,0.031743452654526265,-0.006305937636384557,-0.0005989340489080111,-0.0015537217043048112,-0.00016631089047392268,0.020220617716115517,-0.023449286510548947,-0.018819782187619347,0.012885240616543782,0.01734936378724409,-0.020163046196103096,0.015986479818820953,0.02534538507461548,-0.012021088041365147,0.014362193644046783,0.004993574693799019
5.6600000858306885,0.05003885404709449,0.013370968421442652,0.02153519820421934,-0.0005237289064870902,-0.00019812904637078334,0.03380852497977191,-0.007091262851044211,-9.828199807189128e-05,-0.0015759105793036058,0.0006699994127257109,0.019867177067724378,-0.02236234919798708,-0.017175895759491338,0.01152375163577593,0.017710415339806225,-0.01963494624942541,0.016523899510502815,0.025844022631645203,-0.011475776322185993,0.01452916581183672,0.004852687940001488
5.700000047683716,0.039521121006404224,0.024438142761025964,0.046827695332467556,-0.000439813806034206,-0.00027021516501470267,0.0373704350495061,-0.008623130281995258,0.0008103587989165765,-0.0016924129996642402,0.0027907159296828416,0.0189525642194467,-0.020385941188098815,-0.013515715494168686,0.009077283342939328,0.018547921919248294,-0.01901546400040388,0.016820736229419708,0.026257336139678955,-0.01083389576524496,0.014536645263433456,0.0048697227612137794
5.763999938964844,0.03305739932939868,0.025500736347924203,0.03774357493966818,-0.00040740643503769854,-0.000295653835482135,0.038757886277325015,-0.009325351113544062,0.0011520215734290725,-0.0016696430798847075,0.003307242106408055,0.018881460633243505,-0.019464199603212395,-0.01241412027359825,0.008041072396025488,0.01871844490702754,-0.0176879009231925,0.017086900770664215,0.027076706290245056,-0.009684108197689056,0.014130404219031334,0.004823226947337389
5.80400013923645,0.023678835981136334,0.016261218622424068,0.008680294267833233,-0.00036669338761963005,-0.0003270953596780694,0.04052436605087353,-0.010328408136384247,0.001613085776457862,-0.0014440579399727898,0.00420324032700378,0.018596156983468504,-0.0196654671644351,-0.010739879833205259,0.006802738903719814,0.0181872923927229,-0.01674656104296446,0.01715451292693615,0.027715399861335754,-0.008844294585287571,0.013844444416463375,0.004910627380013466
5.860000133514404,0.03171420395205519,0.022382100634459324,-0.003580484539270401,-0.00033447658544172087,-0.0003994137553177725,0.043242509036588536,-0.011317367825798378,0.003303239598146512,-0.00104227024522809,0.004962188822210551,0.017010550765344076,-0.02106919926349395,-0.009272776517644323,0.0035071245131376117,0.017046915748784936,-0.015399585012346506,0.017174813896417618,0.028575226664543152,-0.007763384375721216,0.013568894937634468,0.005029925610870123
5.900000095367432,0.03582954678458545,0.019028623047214418,0.0015989774838089943,-0.00031732828656905345,-0.0004230903491648715,0.044368191383152136,-0.011900903737567425,0.003849828375318364,-0.0009587389403980181,0.005244773271159081,0.01657213005420495,-0.02069549534048664,-0.008539715798705792,0.0022750866010059078,0.017180796448667733,-0.014477502088993788,0.017138274386525154,0.029091089963912964,-0.006868512369692326,0.013358253054320812,0.005175328813493252
5.96399998664856,0.03649938809421984,0.019319358947233314,0.00034410785883665085,-0.0002777268557810435,-0.00047361388991810357,0.04697776639259267,-0.013413660750503913,0.005101213202984916,-0.001103978835870426,0.00648829567869544,0.015385368271919315,-0.01874261985221259,-0.006531619661083357,-0.00022337871074022534,0.01823996420176747,-0.013007983099669218,0.016849184408783913,0.029709070920944214,-0.005691864527761936,0.0127499308437109,0.005373350810259581
6.003999948501587,0.05176406168825887,0.018256415057026038,-0.003992537967860699,-0.0002590790815570932,-0.0004929263969425989,0.04809967195986867,-0.014204044519468969,0.005585561621002521,-0.0012994947912918387,0.007083048662389325,0.014889402256203707,-0.01664829469199922,-0.005662808463205121,-0.0015034152699950865,0.019430766246417836,-0.01207124744541943,0.016562260687351227,0.029976382851600647,-0.005016331095248461,0.01222987100481987,0.005400502122938633
6.044000148773193,0.05562658565732531,0.01771263999872039,-0.008415531367063522,-0.00024988709116345847,-0.0005054764076145704,0.048772954249141694,-0.01462053107007746,0.005950273494546478,-0.0014998312518916253,0.00737685888755581,0.014464196343336058,-0.014383596633718614,-0.005277747402670042,-0.0026631374824836423,0.0206219904559851,-0.011103013064712286,0.01620117761194706,0.030232906341552734,-0.0042689102701842785,0.011672616004943848,0.005398980807512999
6.1000001430511475,0.059967085886321915,0.00751673313454798,-0.01005435106344521,-0.00021464855870771034,-0.00048442480908222907,0.04870993677039015,-0.016346579763299705,0.00463000098430905,-0.0017917001829267495,0.008990191451097536,0.015203556191400909,-0.011368367521910328,-0.003248486912339957,-0.0018983519966134853,0.022324240176204154,-0.00962771956983488,0.015590827912092209,0.030790597200393677,-0.003249954665079713,0.010783731937408447,0.005651420913636684
6.140000104904175,0.06611250726838824,0.004872178927765844,0.002316126599907875,-0.00020600140914303432,-0.0004700207025126518,0.04827743219950787,-0.016794511843285356,0.0038713472091251883,-0.0019606893937373225,0.009462601071489279,0.015594131245257417,-0.009120922355056908,-0.0027311579679804273,-0.0014459121296485531,0.02326581239064238,-0.00854800152592361,0.015188470482826233,0.031255632638931274,-0.002559075830504298,0.010379122570157051,0.005768893286585808
6.203999996185303,0.08004779677005282,-0.0011284308008939214,-0.001687140204012394,-0.00017055022634041307,-0.0004304388967318679,0.0471960265693163,-0.018838649908039483,0.001469162062573462,-0.0022034130960387646,0.011512926111416345,0.016936602372891085,-0.006248578541461492,-0.00026175145269825145,0.0004268170174591806,0.02455414703472765,-0.006662154337391257,0.014673521742224693,0.03216832876205444,-0.0011710046092048287,0.00988882314413786,0.005886649247258902
6.24399995803833,0.07423052936890416,-0.007951879712956628,-0.019530085381120443,-0.00015823739136361245,-0.0003984422897934863,0.04589117151921587,-0.019579433133704246,-0.0003220153838594535,-0.0023705480858412157,0.01237662281225255,0.018038671859540778,-0.003947591128845002,0.0006205701857094432,0.0019631684667336577,0.025698429579534887,-0.005382768344134092,0.014430176466703415,0.0328390896320343,-0.0005616315174847841,0.009662976488471031,0.006068361923098564
6.299999952316284,0.07590346501997015,-0.013570923062860457,-0.0172726190648973,-0.00011718259277809999,-0.00036155856883040096,0.0449165109189772,-0.02233375462526563,-0.002978084140364953,-0.002651325272209269,0.014925851547763332,0.019457483943726307,-0.0008456900338481824,0.003659071869957756,0.003942056031557782,0.02739182847750342,-0.0033538006246089935,0.014241490513086319,0.03385649621486664,0.0007037125760689378,0.009494205005466938,0.00654248334467411
6.340000152587891,0.07143659602434922,-0.0054068870367837175,-0.015744995791465044,-9.414935461468547e-05,-0.00034234739675080697,0.04440561368060041,-0.024012863136682373,-0.004474634787310937,-0.0026740426497180014,0.016812272254589384,0.020281151887634245,0.0007906275877015111,0.005526712227511498,0.004817715398188657,0.027894644268743923,-0.0018063392490148544,0.014213886111974716,0.03468155860900879,0.00161611323710531,0.009484333917498589,0.006857088766992092
6.4040000438690186,0.07635517515650692,-0.00847464785733652,-0.021423996426165104,-9.684949639098758e-05,-0.0003429598511707298,0.04437331946362567,-0.023806603226657456,-0.004382974936079101,-0.002602853116949109,0.01720678343254719,0.020338338032371377,0.0015631593665631192,0.005619476929845598,0.004385646872565961,0.027981578589146777,0.000933382660150528,0.014227479696273804,0.03599211573600769,0.0032480135560035706,0.009451784193515778,0.007315165363252163
6.444000005722046,0.07876465633078682,-0.0030985863112570414,-0.03595177363604307,-9.864427971139815e-05,-0.00034716559614876325,0.04458419793609856,-0.023671382499165155,-0.004099576271782373,-0.0024634667058453497,0.017965773561540575,0.020193997784357032,0.0017174023584459808,0.005708264177949322,0.003771572454884072,0.02779913481922647,0.0026651155203580856,0.014245837926864624,0.03674003481864929,0.004317726008594036,0.009513565339148045,0.007505078334361315
6.5,0.07714099193849021,-0.00229239205729257,-0.02434257511049509,-8.967490706722408e-05,-0.00034675276441264617,0.044795024054250974,-0.024435594979829164,-0.004332330228620288,-0.0025315956742870674,0.018980256322561374,0.020344348681177106,0.0034896376570367343,0.006619387542514568,0.0034299211252977395,0.028638652830820156,0.0050622932612895966,0.014175616204738617,0.03769959509372711,0.00549471378326416,0.009359248913824558,0.008010316640138626
6.539999961853027,0.07950905764556383,-0.0006099116747868515,-0.02529715746641159,-8.982425509582158e-05,-0.000344914261238799,0.04467170131454889,-0.024421140652515317,-0.004442912154331503,-0.0025630501548435883,0.019559631208429035,0.020482678390526504,0.005025971056088569,0.006761190917976086,0.003177748506547337,0.02916450242506987,0.006742779165506363,0.014089325442910194,0.03835958242416382,0.006309108342975378,0.00931167509406805,0.00819320883601904
6.604000091552734,0.08588428709796389,0.010827667237258896,-0.05172292236238718,-8.449107295400148e-05,-0.0003296265283069876,0.04377720687554535,-0.02492314927392958,-0.005562443018249846,-0.002596301682239762,0.02079545231084753,0.021180987384366846,0.0063908714426662485,0.007575307625768905,0.003790289466454583,0.02977034913456659,0.009470798075199127,0.013900738209486008,0.03940100967884064,0.007623723708093166,0.009151901118457317,0.008610931225121021
6.644000053405762,0.07490058920929053,0.01287573294067186,-0.06299076322466135,-8.511595961631485e-05,-0.0003309550081301979,0.04385144416565149,-0.024869728987691065,-0.00545847956190791,-0.0024727160040904157,0.02138581762122851,0.021275937257277874,0.006795267531450738,0.007681774496733574,0.00344364432013402,0.02972182258667505,0.01119241863489151,0.013803854584693909,0.040081411600112915,0.008319143205881119,0.009178110398352146,0.008888544514775276
6.684000015258789,0.0571569812661204,0.014827134858942895,-0.05952706653624773,-8.907491743744547e-05,-0.00034102700922438735,0.04444633585457305,-0.024475506115120938,-0.0046622126576044585,-0.00221876889167611,0.021807361581436,0.02088975943266846,0.0058566810792552056,0.007342751288233511,0.0024096170179274587,0.028933599884770105,0.012858912348747253,0.013766266405582428,0.04072271287441254,0.008884687907993793,0.00908945593982935,0.009120184928178787
6.917322158813477,0.06101147122436969,0.010813813209577972,-0.06508818734437227,-8.790060199727901e-05,-0.0003476388479967809,0.044963736803500264,-0.024592514980052767,-0.004233341112157713,-0.0021069816253019027,0.02241818177296283,0.020667640127069765,0.006271588614149599,0.007684653929288304,0.0014943631861613735,0.028746310798643277,0.015048131346702576,0.013690685853362083,0.04119405150413513,0.009683853946626186,0.008920163847506046,0.0091163981705904
6.9621851444244385,0.05532313625967039,0.00780558258281971,-0.0524148503318429,-0.00011254616017340476,-0.00034507769860861297,0.04396538430299807,-0.021920435815922793,-0.003662824920897715,-0.0018045070445605754,0.021396085661788335,0.020518268681245393,0.004671615876320748,0.005432349258338074,0.0011362797750348109,0.027755251300810573,0.016503620892763138,0.013591168448328972,0.04130534827709198,0.010207757353782654,0.008730863220989704,0.009175844490528107
7.032474994659424,0.0542657317222271,-0.0011861543756008285,-0.04372717533260584,-0.0001210427849870461,-0.0003365919451427413,0.04302890842184878,-0.020996897286333496,-0.004024002721130589,-0.0016941762213895496,0.021261980466588774,0.020806668330182562,0.005085989977824517,0.004747232896759122,0.0012991549019751357,0.027632868517204905,0.018590126186609268,0.01338188536465168,0.041383951902389526,0.010845555923879147,0.008576122112572193,0.00915444828569889
7.0714850425720215,0.05313706918637581,0.007233900067577057,-0.01271645849919878,-0.00014582538805646807,-0.0003070971241560932,0.03985055990775887,-0.018210632254055968,-0.005446624387997217,-0.001635777062593568,0.020075422290405067,0.021931517871703308,0.005774052681055407,0.0024977691609698108,0.0029473223333624805,0.027850936679321408,0.01964515633881092,0.013230053707957268,0.04128424823284149,0.011138836853206158,0.008436189964413643,0.009077008813619614
7.126448154449463,0.05318636024728455,0.006180929257355508,-0.030191783793270588,-0.00016422089326497053,-0.00029459277810252755,0.038203010200545666,-0.016058123345410423,-0.005795642520324675,-0.0016725616244958122,0.01902585601992903,0.022463325488774097,0.007331470651998194,0.0005827741251921623,0.003486916463936607,0.028530187047989052,0.02086583524942398,0.01308266818523407,0.041222959756851196,0.011323456652462482,0.008327103219926357,0.009165658615529537
7.165956974029541,0.018734473049121965,0.004625094565585403,-0.023447156883776188,-0.00019353932513523905,-0.0002831973553666767,0.036244161630909204,-0.01255972014894395,-0.005709924901831397,-0.001679969101999137,0.01694681876821449,0.022829217010469954,0.008699749109019926,-0.0025048814125820133,0.003728119399779761,0.02892181140517902,0.02150890603661537,0.013060744851827621,0.04122595489025116,0.01119923871010542,0.008257323876023293,0.009051953442394733
7.229511976242065,0.03540439273133956,0.0032378485634262963,-0.01620475435629487,-0.00020460257454206712,-0.0002709325026347541,0.03485001938394677,-0.011278553944110172,-0.006297780570042029,-0.0016931293248786123,0.016082954504604143,0.023481488613853255,0.010141586819913341,-0.003870767518515042,0.004491046208498767,0.029439369469466375,0.02207212895154953,0.013089437037706375,0.04130558669567108,0.010717052035033703,0.0083463741466403,0.009194320999085903
7.269940137863159,0.03213455315763455,0.009308391341687561,-0.05638196412473917,-0.00022382912602331924,-0.00025777971398933236,0.0331094814879165,-0.00901459100974958,-0.0067161511367368875,-0.0016729869307648708,0.014536765083042257,0.02410099118933315,0.011169287145056205,-0.006168778473230806,0.005052399573442999,0.029793112376429492,0.022114373743534088,0.013123750686645508,0.04136434197425842,0.010252026841044426,0.008254549466073513,0.009167604148387909
7.326218128204346,0.028646286793180355,0.012195658442282997,-0.053023760206997395,-0.0002344032251718593,-0.0002505822228729233,0.03215940410429383,-0.007783858800746845,-0.006953198358465103,-0.0016425277473094643,0.013452693462483057,0.024613406577745595,0.012158199712201634,-0.007609059000633537,0.005404624598167689,0.030078686189044867,0.021916624158620834,0.013217156752943993,0.04150351881980896,0.009410375729203224,0.008368536829948425,0.009327583014965057
7.366199970245361,0.010053399040325503,0.00857033648354106,-0.07459885347634554,-0.00024040364580069966,-0.0002667904326932404,0.0332514041655905,-0.006955119782298467,-0.005562158382770478,-0.0014134285933335405,0.012492444682115078,0.023747786028384715,0.01108473963463594,-0.008727129509468945,0.0038127114325382377,0.029171245613994836,0.021582890301942825,0.013312732800841331,0.04167933762073517,0.008636272512376308,0.008384599350392818,0.009263121522963047
7.430690050125122,0.00782068732060087,0.006300731788555445,-0.053574942983686924,-0.00023793484134270766,-0.0002767135731890136,0.03411255917767727,-0.007179151491916758,-0.0048786921095294354,-0.00129686834981414,0.012173153485491433,0.0232851241082846,0.01136546843886613,-0.008936104213521381,0.0027459804944606424,0.028989388801528224,0.02079816162586212,0.013435320928692818,0.04182372987270355,0.00742323836311698,0.008386645466089249,0.009224509820342064
7.470649003982544,0.0017441575812916395,0.010353123781592885,-0.033959715627133846,-0.00024333916330886778,-0.00030872238253636943,0.03647482690377344,-0.0062582356804351804,-0.0023523957520737524,-0.0010384651087537939,0.010970282214373716,0.021292486852263783,0.01021752420736988,-0.010082982367261326,-0.0003276386009397024,0.028116350662154885,0.020179957151412964,0.013388337567448616,0.04168836772441864,0.006700506433844566,0.008360656909644604,0.009225691668689251
7.510435104370117,-0.0017312366853735567,0.010259038891476571,-0.02791603561490774,-0.00024382358065382578,-0.0003293769944421579,0.03809828193078314,-0.006010325412769592,-0.0007927903052282188,-0.0008613816712857422,0.010313125426294721,0.019915885641798314,0.009711850931428621,-0.010665918354516845,-0.002547478833306766,0.02767029375892095,0.019490575417876244,0.013226794078946114,0.04142454266548157,0.006038739811629057,0.007963810116052628,0.009232397191226482
7.567858934402466,-0.008027122501542338,0.0030238868317096716,-0.05510036367923021,-0.0002263898253435692,-0.000358569631640906,0.040811341157483916,-0.00787997077731693,0.0011066502801281748,-0.0005771298008172085,0.011076262032255637,0.017806008841862335,0.008029020082863459,-0.009302303763643487,-0.005579845730301832,0.026591795746133396,0.01830042339861393,0.01271921955049038,0.040995240211486816,0.004898116923868656,0.007298074662685394,0.009112878702580929
7.608765125274658,-0.014835397866933777,0.007802169226416049,-0.055475552566349506,-0.00021717259535023267,-0.00037836079885405935,0.04256243949260008,-0.00883928853159625,0.00250978363206407,-0.00047212346334021024,0.01123577288406139,0.016148955252088714,0.008234841023022637,-0.008657295002263627,-0.007973421959654043,0.02646292326730783,0.017379533499479294,0.012163730338215828,0.04059694707393646,0.004074049647897482,0.006655451375991106,0.008898874744772911
7.673804044723511,-0.015510448553652599,0.017506722878053098,-0.0521338852122426,-0.0001936183725969351,-0.0004227934873749039,0.04653695690481655,-0.011442940971564803,0.005736857226265961,-0.00027591439324355105,0.012571625224219724,0.012695304832641124,0.007268632894899131,-0.006457649456226176,-0.012694980227409692,0.025723463401895175,0.01598762534558773,0.01100311428308487,0.03987286984920502,0.0031630746088922024,0.005456998944282532,0.008556515909731388
7.7143919467926025,-0.01485207056103716,0.01607557023369238,-0.043999203480780125,-0.00019124006138818397,-0.000433226990700434,0.04745661307464105,-0.011660144625217616,0.006569243789861729,-0.00017303346275122526,0.012296703949716057,0.011291697765963267,0.007464889131295784,-0.006323364603402746,-0.014391598624567677,0.025677708692043555,0.015165509656071663,0.010054945945739746,0.03946082293987274,0.0028611307498067617,0.004687905311584473,0.008533752523362637
7.771085023880005,0.002791554966176586,0.01828506825904726,-0.07272414583712816,-0.00018924408549705522,-0.00045715894518740517,0.049622185936115344,-0.011677994844632961,0.00859971924508765,4.8378963145498296e-05,0.01192419045199235,0.00888632200634692,0.00610006802754033,-0.006557982283035751,-0.01737946943941704,0.02476980887971174,0.014077618718147278,0.008490592241287231,0.03882181644439697,0.00239404640160501,0.0033543661702424288,0.00817858800292015
7.811084985733032,0.010169380170428509,0.005490669912347217,-0.06534640584141016,-0.00018708955702079406,-0.00046176959205455133,0.050059890717845765,-0.011978145017510863,0.008988213668430743,0.0001880871482074723,0.011781315180731246,0.00759057762484581,0.005791281789299271,-0.006487062916487999,-0.018751934823373416,0.02453062351654342,0.013281717896461487,0.007297037169337273,0.03834453225135803,0.0021476030815392733,0.0022766406182199717,0.007996935397386551
7.875085115432739,0.004842387572177467,0.02418720710328101,-0.0680526802316308,-0.00018164819561968933,-0.0004606083466903051,0.04993193214500021,-0.012949753260427034,0.00883587362855893,0.00042589462230168003,0.012074704798859942,0.006826095449440534,0.004149402182150628,-0.006034917330894028,-0.019588107292741134,0.023578199685199884,0.012004714459180832,0.005227777175605297,0.037508681416511536,0.001669475226663053,0.0005205991910770535,0.007780211046338081
7.915085077285767,0.005192495053428428,0.016675622274904416,-0.062247333116829395,-0.00018496864197249302,-0.00045850668657762046,0.049741163535437505,-0.012397506141741234,0.008644249644978718,0.0005479137871569627,0.011367426574939254,0.006106887392937271,0.003849196378174558,-0.006803792461082721,-0.020001699549589996,0.023273576275334513,0.011273480951786041,0.003937913104891777,0.036882638931274414,0.0013024096842855215,-0.0005188638460822403,0.0075862817466259
7.971085071563721,0.023286215428384348,0.013922850516335914,-0.06786614004522562,-0.0001844943746777062,-0.0004497291420579512,0.04880952935752874,-0.012643923151663131,0.007746725693211751,0.0007561090400469306,0.01125002834848829,0.005830396894364615,0.0025241067858753,-0.006994684074856554,-0.019963120453607756,0.02243277337994448,0.010284235700964928,0.002258244901895523,0.03588178753852844,0.0008966494351625443,-0.0018286718986928463,0.007169881369918585
8.011085033416748,0.01182255682253144,0.015953833351149558,-0.06720044184476137,-0.00018664170519612023,-0.00044955732203848356,0.04881967270368328,-0.012236060632994617,0.007729370819977994,0.0009121181816406356,0.010601203373082761,0.004853979613006907,0.0018542073921958046,-0.007656089893130939,-0.02089028687495718,0.02181764369742018,0.009571881964802742,0.0011350871063768864,0.0351061075925827,0.0005428243894129992,-0.002712117973715067,0.006814808584749699
8.067085027694702,0.00512691390403709,0.013639629810782098,-0.07862681616097689,-0.00019481773760941193,-0.00044605234741359697,0.04858724752228121,-0.010599700076368047,0.0073257016111773115,0.0012281907254571341,0.009114729647649122,0.004363049789079892,-0.0008720069483570298,-0.009316622792128536,-0.021105981003549934,0.020383855310246883,0.008633170276880264,-0.00031905248761177063,0.03395499289035797,0.00011885172716574743,-0.00389101798646152,0.006319271866232157
8.115085124969482,-0.0008014364266054533,0.015166708178343709,-0.05828959960490465,-0.00019111891214154328,-0.00044441728771594255,0.04831031713165874,-0.011483606542393096,0.007170746801472262,0.0013336257975863838,0.009145089722410724,0.0033618938625578926,-0.0011139180441210286,-0.008991631496530534,-0.021750128256575428,0.020036869806503016,0.007750473916530609,-0.0014695138670504093,0.03278663754463196,-0.0003486683708615601,-0.004640463273972273,0.005930688697844744
8.17908501625061,0.005230340477799767,0.01848693240164175,-0.06815749499946833,-0.00018785871915267586,-0.00042482079765374786,0.045913382050306734,-0.012592036867954385,0.004921072007881422,0.001426298740465423,0.009398543049386214,0.004127645362816668,-0.0015386350251898003,-0.008530340197179652,-0.020352874530687137,0.01981757492692432,0.006484463810920715,-0.002961262594908476,0.03108285367488861,-0.001051399507559836,-0.005724072922021151,0.005365124437958002
8.211085081100464,0.010432689924425927,0.007244598604347059,-0.041669187135994434,-0.0001966932467009353,-0.00040625822636406676,0.043941680687533374,-0.010752795776311747,0.0025413951867465827,0.0015836859350102988,0.0078073319965508165,0.005086101801283464,-0.0024710348601145165,-0.010117148014800171,-0.018611532487176365,0.01914800869020205,0.0058969613164663315,-0.003632341278716922,0.030126094818115234,-0.0012345697032287717,-0.0061241695657372475,0.005104179959744215
8.275084972381592,0.0087450533065592,0.0017684195802203293,-0.012279303220566362,-0.0002002701468977573,-0.00039925566128440673,0.04321481421498578,-0.009988739138333128,0.0016042180507092217,0.0016636625894566827,0.006844592160073297,0.004947655462456888,-0.0024633309322716836,-0.011106554773403728,-0.018435960049825926,0.01895686980249851,0.004743852652609348,-0.004744676756672561,0.028388291597366333,-0.0017810360295698047,-0.006938201375305653,0.004455002024769783
8.31508493423462,0.0027944701239748532,-0.0014685664303357,-0.02283914666622877,-0.00020516882844050964,-0.0003914360088497495,0.04243618540555985,-0.008930759050097745,0.0005146873869355461,0.001918963085168852,0.005565610869519826,0.00484672931623559,-0.004458446783140843,-0.012078437535407351,-0.01799453426493354,0.017840030470888474,0.003934333100914955,-0.0052834441303275526,0.027288198471069336,-0.0020910012535750866,-0.007296511437743902,0.004164874088019133
8.371084928512573,0.00400271887226432,-0.002865213718559713,-0.01513128774240613,-0.00020918220790795014,-0.00038779003225914506,0.0421442579981727,-0.007989133923528647,-5.596174106806378e-05,0.0020551057485319554,0.004355486028600817,0.004452218628974597,-0.005174550044424085,-0.013121639222136187,-0.018074134132302182,0.01731223609190625,0.002706115134060383,-0.005936123838182539,0.025917991995811462,-0.002573201898485422,-0.007399755530059338,0.003777913050726056
8.41108512878418,0.008689247341808244,-0.0060477071562112525,-0.006374972406774759,-0.00021561132701578532,-0.0003895105557830267,0.04266231506474635,-0.006289543230372974,-9.141718652465086e-05,0.002249534097256396,0.0025947389455909338,0.0034827702038745176,-0.006561813953064669,-0.014775540647217757,-0.018700967219147928,0.016551564954565404,0.001780000515282154,-0.006390914204530418,0.024858608841896057,-0.0029925645794719458,-0.007531794719398022,0.0034878605511039495
8.475085020065308,0.01792102096725388,0.0007644651826068049,-0.01736195618286729,-0.00021926553280957148,-0.0003952038256683207,0.04358382998919312,-0.005184401736672728,0.00043154028038379106,0.002302705803529588,0.0012415923361304981,0.0022009839252476243,-0.006473669153811682,-0.015946588220594124,-0.019884615738193973,0.016477155059328546,0.00017131492495536804,-0.00710220995824784,0.023291751742362976,-0.003716484410688281,-0.007746141869574785,0.0029831042047590017
8.515084981918335,0.011871806157503715,0.015440324834882321,-0.01146459043957293,-0.00022282410108023163,-0.00038898353705495864,0.0429543276060917,-0.004418652732217833,-0.000493496128994586,0.002406048694292765,-8.248894495667373e-05,0.0019886021130951694,-0.006864230231142087,-0.01691118544370769,-0.01979882572610231,0.016164412956400635,-0.0008793817833065987,-0.007621223921887577,0.02229328453540802,-0.004220291040837765,-0.007949559018015862,0.002666794927790761
8.571084976196289,0.005867998360474977,0.018708085915515517,-0.032752241007983685,-0.000222121066837524,-0.0003816529517788716,0.041946557702204124,-0.004826315247820289,-0.0013452337073661085,0.002431128498675728,-0.0005864806506287724,0.0018637373530246185,-0.006465698497411385,-0.017063681119669008,-0.019462459963934538,0.016111320241773325,-0.0024638925679028034,-0.008486485807225108,0.021046116948127747,-0.005186931230127811,-0.00840073823928833,0.0021903407759964466
8.611084938049316,0.016791427730853705,0.018275685340496502,-0.014959118561819196,-0.00022023793931381886,-0.0003714700811065136,0.040483369814228905,-0.005640065275140673,-0.0024614601203258694,0.0023874139031259916,-0.0007593522441393873,0.0020165914808623273,-0.005186155015461857,-0.016754298774918797,-0.018896882155030326,0.016584721897408405,-0.003582230769097805,-0.009028363041579723,0.020314380526542664,-0.0057758754119277,-0.008708696812391281,0.002038201317191124
8.675085067749023,0.019723795709863223,0.023845023676085438,0.01576108206063509,-0.00022010647058681655,-0.00036272146166624466,0.039328494653793816,-0.005944599923320115,-0.003512261443108424,0.002338582408004213,-0.0012494187472273672,0.0021845037742368742,-0.003734966298497129,-0.016907395980037324,-0.018427042517023772,0.017098868382497544,-0.005257238633930683,-0.009678457397967577,0.01951238512992859,-0.006691142916679382,-0.008953850716352463,0.001795075717382133
8.71508502960205,0.017945344359334377,0.008697027312742812,0.017104472033679485,-0.0002200483307590346,-0.00035205143907054553,0.03795079396775523,-0.006314010149431754,-0.0047885643786257925,0.002339540932385423,-0.001716537279170574,0.002567788228514,-0.002717917467439002,-0.01697925212006017,-0.017639033872065116,0.01722910575082917,-0.006205309648066759,-0.010005190270021558,0.019067615270614624,-0.007201644591987133,-0.009089174680411816,0.001679413253441453
8.77110505104065,0.006457962083335214,0.006202533655712068,0.011013449169695377,-0.00021973281488939797,-0.00034853195014500983,0.037478214166368276,-0.006535347662997967,-0.005172629982240938,0.0024264963816587833,-0.002343363188343042,0.0021236431363157956,-0.002932840936854942,-0.017406319877652645,-0.01769567320689929,0.016969535571359013,-0.007434991886839271,-0.010260926093906164,0.018729686737060547,-0.007879797369241714,-0.009087159298360348,0.0015797761734575033
8.811105012893677,0.015040308990365476,0.0161392724942789,0.019129144959151745,-0.0002177943988350437,-0.0003399929866528012,0.03628184713697436,-0.007348168145468468,-0.005988575268446437,0.002572982999464103,-0.0025141120903721934,0.0021574458305414585,-0.0037939515823540203,-0.017291258740048603,-0.017398294016377686,0.016411542691323507,-0.008269657148048282,-0.010395911987870932,0.018749535083770752,-0.008379442617297173,-0.00918577890843153,0.0016341438749805093
8.875105142593384,0.010553561475726171,0.014236069694260877,0.0012537408620119095,-0.00021499129796674583,-0.00033115158925247967,0.035010574083790075,-0.008346882816851973,-0.006743425837481722,0.002599188038224428,-0.002475337664879076,0.002255499335117289,-0.0033303108997363,-0.016774953148788095,-0.016932799737635135,0.016451625631440904,-0.009579791367286816,-0.01062615867704153,0.018925741314888,-0.009121982380747795,-0.009207164868712425,0.0016850496176630259
8.915105104446411,0.02072959657941079,0.005807721658175211,0.023887871764600277,-0.0002084349530213005,-0.0003174640335295371,0.03289920753675667,-0.010340164946690617,-0.007638066166447881,0.0026604981132688043,-0.0014118074721763336,0.0026562042459469986,-0.0031825864347612798,-0.015289287116801881,-0.01604112757550837,0.016413551059109636,-0.010307878255844116,-0.01072280341759324,0.01911158859729767,-0.00947619043290615,-0.009202825836837292,0.0018704601097851992
8.971105098724365,0.0016716364892815749,0.00784535797492745,0.012528338469564915,-0.00020167833423991589,-0.0003126225879981986,0.031815583453084384,-0.01193617446720846,-0.007553157610077761,0.0026744102660552415,-0.0007411272014014056,0.0019356124608922406,-0.002470406841246945,-0.014125073937729382,-0.01644676071777078,0.016567480720546778,-0.011152417748235166,-0.0107844821177423,0.01939786970615387,-0.009662412106990814,-0.008947066962718964,0.0019353341776877642
9.011105060577393,-0.00410771193669249,-0.00028389466126901175,0.0061371782794594765,-0.00018920662114287287,-0.00029861572919786026,0.029366357613057125,-0.0148512566001498,-0.007860384226745796,0.00274067581293559,0.0013106373726385527,0.0019441179760774576,-0.00242869235779526,-0.011481477215590724,-0.016053196922536723,0.016355214446948645,-0.011611329042352736,-0.010811698623001575,0.019610583782196045,-0.009766551665961742,-0.008827582001686096,0.0019191314931958914
9.07510495185852,0.0030208305004059796,0.004093526581192105,-0.0027944687753915787,-0.00018509495332737935,-0.0002886165577212484,0.028054224999370478,-0.01591655799521978,-0.008390434216497784,0.0027230914605706996,0.0018441685934916616,0.0021478097798136395,-0.001417214904366881,-0.010610472309994205,-0.01556929601549455,0.01664775296595564,-0.012024645460769534,-0.010913852602243423,0.019968390464782715,-0.009538461454212666,-0.008888869546353817,0.0019725863821804523
9.115105152130127,0.011477146691619172,0.005635328612202518,-0.019997418392449617,-0.0001850791736891017,-0.0002735333977815907,0.026604181024384617,-0.016474204773621992,-0.009503160020726355,0.0027129265857101063,0.0019055286704718736,0.003304616842701567,-0.0005706489140998035,-0.01034312039947127,-0.014038912732908818,0.01691194985768624,-0.012101116590201855,-0.010972071904689074,0.020112380385398865,-0.009310104884207249,-0.008805391378700733,0.0020064329728484154
9.171105146408081,0.004836249616201931,0.00971461484767104,-0.03160653170198202,-0.00018448485221689306,-0.0002672707331987914,0.02598793116772659,-0.016784252798704543,-0.009864784036123158,0.002785537947171373,0.0017678210325599382,0.003438184393649464,-0.0008997878453766876,-0.010328522334441826,-0.01373605785160665,0.01670189087633671,-0.012108840979635715,-0.010956335347145796,0.02044472098350525,-0.008769859559834003,-0.008622366935014725,0.0021600439213216305
9.211105108261108,-0.0015168834775739141,0.012792075156283146,-0.0355124780908227,-0.0001884131440920812,-0.0002553462174544323,0.025177452677161923,-0.016782712978055614,-0.010704743570197054,0.002984433547139036,0.0009400158099485105,0.004476895469671782,-0.002926040430753343,-0.010994554320279428,-0.012445979105440794,0.01554502840489307,-0.01212266250513494,-0.010844382457435131,0.02067255973815918,-0.008551652543246746,-0.00845345202833414,0.002168400678783655
9.275104999542236,0.0019378423061571842,0.016417815005984222,-0.04396659228950739,-0.00018580779933989827,-0.0002491029930347016,0.024540032115310077,-0.01725840586719943,-0.010862427063580147,0.0031113811136622063,0.001043114367594196,0.004542497782124068,-0.0040578387901331085,-0.010705539270112209,-0.012125116191740056,0.014941896211437138,-0.012206162326037884,-0.010587914381176233,0.020942389965057373,-0.008322512730956078,-0.007966862991452217,0.0021932697854936123
9.315104961395264,-0.004842459001322937,0.011272646198093914,-0.03612952399998903,-0.0001804070691752315,-0.0002314322951059958,0.02302529457480407,-0.018255268150795177,-0.01125715382584088,0.003411056758215654,0.0018853534125468502,0.005840945742051082,-0.007716406056473289,-0.00976112469079452,-0.01082524724357594,0.013370231987880928,-0.012358284555375576,-0.010315496008843184,0.02099597454071045,-0.008200138807296753,-0.007687064819037914,0.0022369392681866884
9.371104955673218,0.0026311420787145513,0.009970158470533926,-0.02476791851222515,-0.00016991288633463574,-0.0002231121250409453,0.02204200063450415,-0.0191668045142684,-0.011072373675131718,0.003533244283023874,0.003346924472772192,0.005947883291974545,-0.008958890415901723,-0.00819074321186893,-0.010670312259460187,0.012738656824879983,-0.012508870335295796,-0.009865748230367899,0.020787164568901062,-0.007987919263541698,-0.007547875866293907,0.002111216774210334
9.411105155944824,-0.012230364908936454,0.006974703350233695,-0.03866610210388899,-0.00015799556704206453,-0.00020496491498107658,0.02044763359756095,-0.020272310421542965,-0.010934639478466377,0.003713611752607443,0.005193101471407031,0.0070736047910567095,-0.011072424667836533,-0.006046543282515312,-0.009464432250943117,0.011756171596918677,-0.012519092299044132,-0.009467290481552482,0.020438790321350098,-0.007628055289387703,-0.007194885518401861,0.0018996985163539648
9.475105047225952,-0.007770926666102117,0.01592639408574965,-0.05513759050518274,-0.00014680839293755918,-0.00019399032298387525,0.01949582582092678,-0.02090233907503728,-0.010657004977019862,0.003791252103475302,0.006715284888077561,0.007464460925825581,-0.01170715483050475,-0.00452226711894267,-0.00905044924584098,0.011505940361962612,-0.012196324532851577,-0.008803591597825289,0.0197068452835083,-0.006959687452763319,-0.006623635534197092,0.0015286949928849936
9.51510500907898,-0.01269560061386036,0.01959406925118294,-0.05069416854530573,-0.00013727429393983276,-0.0001748883054817844,0.0181955320871177,-0.021531536402441157,-0.010284844453483667,0.003899191408842704,0.008120105184668523,0.008906684948641719,-0.01289801299975932,-0.00292120433198744,-0.007595987875464911,0.010896894492366799,-0.011906584491953254,-0.00834169122390449,0.01922893524169922,-0.006328235380351543,-0.00616786815226078,0.0012537110596895218
9.571105003356934,-0.010599225209039732,0.024052442851243024,-0.03952695522457361,-0.00013541494185923108,-0.00016305306442705912,0.017529939641656056,-0.02179948487042843,-0.010029129043585282,0.003895998352178444,0.008439966142666787,0.009813497492934272,-0.012402616115135096,-0.0026867998767474014,-0.006643147692054974,0.01113387143563489,-0.011340981698594987,-0.0075853836024180055,0.018509939312934875,-0.005568813066929579,-0.005549116525799036,0.000958502700086683
9.611104965209961,0.009902431773327723,0.024966849134734705,-0.04899456072598696,-0.00012837722027793773,-0.0001389091471230806,0.016262260451490748,-0.02220570452849352,-0.009178163288666984,0.003913223388901411,0.009702378268500112,0.011891254947657677,-0.012238331316445458,-0.0014358379550884854,-0.004630360697428425,0.01129846491268704,-0.010923660360276699,-0.0069348118850030005,0.018024906516075134,-0.004847861360758543,-0.004955769050866365,0.000990473898127675
9.675105094909668,0.019542378410317602,0.02441793309325351,-0.046006147749722004,-0.00012143718972737755,-0.0001206047752821157,0.015364353660106824,-0.022387681027838124,-0.008364850836076921,0.003928654602665667,0.010926915329140901,0.013426802313495018,-0.012025377958774971,-0.0003677502226711534,-0.003066152997568401,0.011351611751047699,-0.010261965566314757,-0.005709008983103558,0.0173843652009964,-0.0038422648794949055,-0.003921083174645901,0.0006349780014716089
9.715105056762695,0.014831261341469908,0.01875699680495403,-0.016302383970469236,-0.00011607716799966498,-9.257588169560692e-05,0.01397355703586969,-0.02272711376687465,-0.006927178374423996,0.004026306608635966,0.012176610408705936,0.01589488570409978,-0.012974740904515508,0.0007993926390428385,-0.0006774162662896055,0.010735733914818746,-0.009729855955811217,-0.004748262814246118,0.017047077417373657,-0.0029957059305161238,-0.0031491087283939123,0.0004319063446018845
9.771130084991455,-0.0015778033448089251,0.010812676104388387,-0.009156584739685059,-0.00011304782767136058,-8.311487666015154e-05,0.013555180245227994,-0.022741779035852082,-0.006345047617788902,0.004059917583253789,0.01269080604461982,0.016688943097073843,-0.012960243000734731,0.0011283292659921471,2.4156806120777542e-05,0.010603018017471679,-0.008817640133202076,-0.003262619487941265,0.016670942306518555,-0.001972747966647148,-0.0019910037517547607,0.0003139296895824373
9.811130046844482,0.002217909620569434,0.005555409517311189,-0.03247029613703489,-0.00011413796042833953,-5.697707163750129e-05,0.012158684079148196,-0.023206427154053223,-0.004600317737629589,0.004077500561776036,0.01295967883095372,0.018960513878110295,-0.012783691171920183,0.0013067374974617453,0.002170992418516022,0.010593308294216515,-0.00814395269844681,-0.002090782392770052,0.016495361924171448,-0.0013301658909767866,-0.0010086740367114544,4.361064202385023e-05
9.87512993812561,0.009659808889965215,0.0080761858865961,-0.030322709120810032,-0.00011661239441322214,-3.766885761728789e-05,0.011025446631998427,-0.023659823170337903,-0.003183575226008087,0.004045040815993638,0.013065380206615514,0.020699186438010442,-0.011821375763964194,0.001278279784360462,0.0037528079677199345,0.010979293598371066,-0.007189438212662935,-0.00020451750606298447,0.016421258449554443,-0.00022545637330040336,0.00024560291785746813,6.869732169434428e-05
9.915130138397217,0.017280718084538516,0.009764968247240255,-0.04187399614602327,-0.00010758332370662025,-1.893485508922287e-05,0.010394513641663267,-0.023198162590483972,-0.00156564941052951,0.0040333859744273535,0.01438624917566825,0.02231135734934118,-0.011332190027320397,0.0022879575220634053,0.005200895482318807,0.011125476071083993,-0.006645134417340159,0.0010683299042284489,0.01627865433692932,0.00037843352765776217,0.0012280949158594012,2.903548738686368e-05
9.971130132675171,0.01960837894073135,0.0053969134766015435,-0.03538589831441641,-0.0001046749667572933,-7.078473883739955e-06,0.0098850959400032,-0.023099899189744876,-0.00048496342421661554,0.004048633645115311,0.01498423575455417,0.023476334551885105,-0.011059812844089991,0.0025375816873922886,0.006133057098603177,0.011169793434504641,-0.005851388443261385,0.0029227053746581078,0.01601068675518036,0.0010084441164508462,0.00259142043069005,-5.2114024583715945e-05
10.011130094528198,0.015071339649927474,0.011009671655242626,-0.04675628338009119,-0.00011109963915259756,2.068790354032645e-05,0.007973612874656123,-0.024069597623836102,0.00214806262846171,0.004096555321799745,0.01485260981632137,0.025787494709849607,-0.011484494244283635,0.0020124820598124236,0.008397795049782893,0.010888206514254106,-0.005219048820436001,0.004224579781293869,0.01577921211719513,0.0015291401650756598,0.0034605651162564754,-0.0001271552755497396
10.075129985809326,0.018111174546343894,0.012194132257921174,-0.04712534788995981,-0.00011282304717951693,3.548068843680586e-05,0.007023039877315042,-0.02442596290399371,0.003643464222057596,0.0041466764855549254,0.014981659173894466,0.027245027411672243,-0.011876275591332313,0.001815138559244935,0.009626596509584496,0.010570563851850148,-0.004262498114258051,0.006290312856435776,0.015464261174201965,0.002244723029434681,0.004961088765412569,-0.0003055539564229548
10.115129947662354,0.024336987663587908,0.009116939418730773,-0.05090421158820391,-0.00011531427887308963,5.458977945556671e-05,0.005750908564552292,-0.024921804731281118,0.005652477601309664,0.004205458934427357,0.015147155861577529,0.02903409900437958,-0.012520646001144178,0.001659481154707005,0.011171009139956658,0.01019946989450577,-0.003745896741747856,0.007659805938601494,0.015241190791130066,0.0026669360231608152,0.005829394795000553,-0.00039171273238025606
10.15513014793396,0.028118951579292298,0.013578280272694043,-0.0510146701708436,-0.00010610164788969923,6.0454826157761046e-05,0.006009744811640352,-0.02389203751526092,0.00642343227508746,0.004228709728127829,0.01614748428108658,0.0299681898893207,-0.01250796915106664,0.0023520054941944956,0.011665729988265676,0.010167849168475546,-0.0032454486936330795,0.009079158306121826,0.014956042170524597,0.003139339853078127,0.006808980833739042,-0.00043508157250471413
10.211130142211914,0.03580196806224163,0.015915842248994606,-0.043126690201461315,-8.164462633115071e-05,6.747963599990245e-05,0.007277983475785302,-0.020916972603895807,0.007543626339316267,0.00428540190039414,0.01857665228469741,0.03101995896779172,-0.013155838948608924,0.004626862708513498,0.012403824550834696,0.00991866153995727,-0.002535877749323845,0.010989673435688019,0.014570146799087524,0.0036111059598624706,0.008016055449843407,-0.0005609146901406348
10.251130104064941,0.031307576921817834,0.016636237042410924,-0.02115386165678501,-7.384068522401896e-05,6.204450086263707e-05,0.008215218943359113,-0.019844757326193927,0.006977142800131836,0.00429812250899699,0.01943547830902504,0.031199934712305612,-0.012940396374157916,0.005312936500953218,0.012116637809226578,0.010067242601335343,-0.0018821991980075836,0.012303480878472328,0.014265060424804688,0.004155211616307497,0.008776468224823475,-0.0005654309643432498
10.31512999534607,0.034574089736114054,-0.007618929983265502,-0.025523800402879715,-6.134299499977923e-05,4.475730009124421e-05,0.010370394615730461,-0.017983017782665974,0.004972202023061723,0.004219012923390737,0.020706338662919523,0.03049100633956745,-0.011208026800174846,0.006353360280153681,0.010967442627821088,0.010779145539175337,-0.0005830395966768265,0.014247722923755646,0.013757660984992981,0.005093372892588377,0.0099186347797513,-0.000527664611581713
10.355129957199097,0.03857943239184067,-0.006501654145865696,0.004721843637526035,-5.17947644834342e-05,2.9511511358818973e-05,0.012219363254573479,-0.016494937985210158,0.0031421119075391865,0.004152451653356694,0.021741281877212977,0.029972361413938622,-0.009497129974434266,0.007069554409796478,0.009956999952046342,0.011259000259782511,0.00031146593391895294,0.015269886702299118,0.013536438345909119,0.005673418752849102,0.010431628674268723,-0.0006415328243747354
10.41112995147705,0.030886669720240695,-0.0073532647796652525,-0.026985150761902332,-5.296825832606826e-05,1.0658852131030926e-05,0.013556994610478176,-0.016460814220422504,0.0006492275463959353,0.0039679532276561714,0.021985696310673285,0.029044760308620944,-0.005738459814381124,0.006932852096883535,0.008590439342545162,0.01265425894658742,0.0016320236027240753,0.016339588910341263,0.013460785150527954,0.006384170614182949,0.010723527520895004,-0.0006278536166064441
10.451130151748657,0.035066533580488446,-0.008465653057565104,-0.012350920296739787,-6.1984797594104e-05,1.3325890628120631e-05,0.012692301709623254,-0.017790487990625797,0.0008685218386573592,0.0038515119788990124,0.02164130493152295,0.029436888733951595,-0.0031337597651486825,0.006117439383824403,0.008680517835069337,0.013686494390117241,0.0026052845641970634,0.01683410257101059,0.013593241572380066,0.007068268954753876,0.010781667195260525,-0.00035752507392317057
10.515130043029785,0.03578688166094308,-0.01933897929391459,0.008368943817913532,-6.549614872889867e-05,1.992714478828014e-05,0.011903456631967995,-0.018357838842922684,0.0017172971597427184,0.003614295941247188,0.02180329832144955,0.029945912880092834,0.0017980360934050374,0.005749975093757976,0.00917096057614928,0.015587737060763052,0.003990131430327892,0.01730792596936226,0.014278620481491089,0.007692271377891302,0.010718337260186672,0.00015530208474956453
10.555130004882812,0.04592387260360715,-0.014981744429698188,0.006042049266397953,-6.446514268186213e-05,2.5674979390934982e-05,0.011510197521289746,-0.01825128735871224,0.0025331956005552663,0.003524513310939098,0.022255744565220358,0.030547959095876355,0.004086736913074806,0.00579418668606159,0.009704209549833823,0.016315159075176923,0.004761052317917347,0.017517853528261185,0.014981746673583984,0.00805905181914568,0.010771973989903927,0.0005403626128099859
10.59512996673584,0.038549905280429834,-0.00569981431329445,-0.0011525144800543785,-6.983401088159513e-05,5.249229682733631e-05,0.008937687368302031,-0.019357968870529572,0.00621993585299041,0.0035168116341760917,0.02234498193021017,0.0323410099925081,0.004917821033662604,0.005324514706793305,0.011760741589798247,0.01645192540207384,0.0054842634126544,0.017679156735539436,0.015823110938072205,0.008335275575518608,0.010762613266706467,0.0010238945251330733
10.651129961013794,0.03889603111723532,-0.005773441994369205,-0.013402533018961549,-7.589902086114475e-05,6.192367440229974e-05,0.00770199296432399,-0.020417679728656875,0.0074619657851557,0.003533470450536243,0.02223725562888852,0.03337281537461112,0.005412334627003467,0.004737454116745256,0.012535437395332381,0.016436672771789635,0.006493551656603813,0.01788749359548092,0.017218127846717834,0.008692331612110138,0.010722988285124302,0.001472596311941743
10.691129922866821,0.03140828706639489,-0.000404157100617312,-0.018752796109765768,-0.00010072600739667522,7.13594087168616e-05,0.004983607421554385,-0.024541366458713028,0.008369554690926472,0.0035917379420946052,0.02059027339124394,0.03414981915443696,0.0048912986670494076,0.0024596506056477375,0.013292709119085139,0.016072211674153923,0.007172837853431702,0.018111702054739,0.018193453550338745,0.009094378910958767,0.010781113989651203,0.0018164552748203278
10.755130052566528,0.030894681807260727,0.008186378606423454,-0.02866888139396906,-0.00011869035847081387,7.676888156346756e-05,0.0031115761935318976,-0.027571188850219076,0.008827518783186552,0.003625358471857022,0.01932628145821749,0.03488899292860091,0.004854947849426795,0.0006465862652780694,0.013885660753041986,0.015920993603764592,0.008073098957538605,0.01853227987885475,0.019591987133026123,0.009145800955593586,0.010988418012857437,0.002340341918170452
10.795236110687256,0.0382720381251419,0.015243263377065552,-0.015155960572883487,-0.0001316678481252935,7.926858334759705e-05,0.0018310415986325975,-0.02978028042777457,0.008944999308161823,0.003647805946217475,0.018384254656992026,0.035580975124577106,0.005125707282314267,-0.0007318419353517495,0.014402274764896002,0.016000131978917042,0.008377447724342346,0.01879389025270939,0.02030375599861145,0.009073534980416298,0.011274327524006367,0.0027458909898996353
10.85123610496521,0.04997689244588644,0.009924006309690925,-0.03086139541119337,-0.00015230824534548677,8.182980335795746e-05,-0.0001598049183286727,-0.03336499323259409,0.008907927069813198,0.00364301905152471,0.01687970408027818,0.03619949873714141,0.005852442541245581,-0.0027735198959533006,0.014657379174154227,0.016337458679801315,0.00853319838643074,0.019203245639801025,0.021129697561264038,0.008860502392053604,0.011297103948891163,0.0031671870965510607
10.891236066818237,0.04148847415792921,3.4658538803718126e-05,-0.02676040306687355,-0.00016189115299083452,8.138905075066432e-05,-0.0009763337660795795,-0.035047935319567236,0.008633319842892518,0.0036077813903974414,0.016035615346180497,0.03675022159695105,0.007260519000996302,-0.004116691684631924,0.014810856672849322,0.01698954448863449,0.008515696972608566,0.019517434760928154,0.021730825304985046,0.008410700596868992,0.011484822258353233,0.0035908587742596865
10.955235958099365,0.04399472202218085,0.006971482432556692,-0.014033690094947815,-0.0001908421828385681,8.759760063671518e-05,-0.004229476863410313,-0.04035448776287614,0.008969186027327249,0.0036439780677332053,0.01373543904772133,0.03743443781975925,0.007165639286765155,-0.007293474435698514,0.015491822987824174,0.016909969081237073,0.008309833705425262,0.019972190260887146,0.0227898508310318,0.007749438285827637,0.011560460552573204,0.004048965405672789
10.995236158370972,0.03970659208676005,0.014891398469177485,-0.01603647298179567,-0.0002156007736034511,7.931123329650288e-05,-0.005950870493337999,-0.0449007738229136,0.007025221284979272,0.003765522580442373,0.011599475986093483,0.03737234343737822,0.005566649870598839,-0.010185274122282892,0.014974936197904763,0.016174569384256928,0.008030790835618973,0.0202340018004179,0.023384422063827515,0.007111888844519854,0.011615751311182976,0.004293385427445173
11.051236152648926,0.03680468757746435,0.01999982216464708,-0.04777124244719744,-0.00022781438638440777,7.21206602639358e-05,-0.006614401667748396,-0.047173757223957696,0.005517398281136551,0.0038495803285575445,0.010239975770759616,0.037495647188272106,0.0045451700177859804,-0.011766057266763283,0.014628438767374166,0.01577139869667212,0.007448256015777588,0.020575474947690964,0.024090632796287537,0.006369529291987419,0.011753005906939507,0.00453970255330205
11.091236114501953,0.04229124722893998,0.016974351284903565,-0.03195428382605314,-0.00025633644965953147,4.092620546426636e-05,-0.007150907296365815,-0.05245028360405112,-0.0005603553623705843,0.0039669238415053565,0.007627423879936105,0.03597395644494925,0.002766375734480099,-0.01496339546494868,0.012244744489303346,0.01487075567149767,0.0069147031754255295,0.020774874836206436,0.02454116940498352,0.0057045468129217625,0.011742742732167244,0.00461598252877593
11.155236005783081,0.04487432385772697,0.013440808673080515,-0.02351858653128147,-0.00026804989475881936,2.8074138798921998e-05,-0.007527158760432957,-0.05467311959282685,-0.0031303103358835886,0.003979242246344936,0.006109255416389579,0.03556857427756612,0.0031307460071799513,-0.01687905856415283,0.011299895859317467,0.014844005670931084,0.005832187831401825,0.021004164591431618,0.024954035878181458,0.00434279115870595,0.011840307153761387,0.0044418941251933575
11.171236038208008,0.032953201886640346,0.012055509147224612,-0.026439644396305084,-0.0002794043911179783,1.631029949205981e-05,-0.00808035615765029,-0.05687781479548344,-0.005552969796376616,0.004013486376036215,0.004689228219546402,0.035029197266595986,0.002870595978983033,-0.018598102551034022,0.010315993289262285,0.014632942717330847,0.005505065433681011,0.020987272262573242,0.02499200403690338,0.0039028399623930454,0.011698107235133648,0.0043550035916268826
11.235235929489136,0.019716908101469886,0.010615835536937837,-0.04214800242334604,-0.000293684853446768,-3.342523295852766e-07,-0.00881805326884789,-0.05969825279686575,-0.00901360507860613,0.004077392296390559,0.0027725588497863143,0.034154259190841856,0.0020344215562394757,-0.020759088977877177,0.008602649098650984,0.014255570324962809,0.00409909151494503,0.020792730152606964,0.02514055371284485,0.002500746166333556,0.0111494529992342,0.0043044015765190125
11.275236129760742,0.015353993265181127,0.01905426025539295,-0.04773134086281061,-0.000301188233442294,-1.0677824102360232e-05,-0.009224976486606905,-0.061203231700894374,-0.011175962876177984,0.004110987372525167,0.0011069288066853245,0.03377788392305944,0.0019372282681269356,-0.02257396412382633,0.007580959983760643,0.01414794961110606,0.003097750246524811,0.020571371540427208,0.025182485580444336,0.0014606951735913754,0.01084180362522602,0.00423129228875041
11.331236124038696,0.0258271502757829,0.022019202853024125,-0.009775218088179827,-0.00031041939472593107,-4.423573928691236e-05,-0.008821420392627493,-0.06294890678605516,-0.017872248805589575,0.004136838627519529,-0.0005323245177859472,0.03166659776142352,0.0019231616499282638,-0.0242708468151778,0.004474440065259261,0.013874988807769658,0.0015379153192043304,0.02014610916376114,0.025225594639778137,-0.0001339971786364913,0.010232449509203434,0.004029217176139355
11.371236085891724,0.015056618173768153,0.02505042876715146,-0.005787350237369537,-0.0003149567796254989,-5.829636976644939e-05,-0.008996474059765716,-0.06386442802559308,-0.020793917474776536,0.004153280446652771,-0.0018314307263415143,0.030805499484061808,0.00210242065498129,-0.025607652276110227,0.003031256000414238,0.013764254510589565,0.0003471057862043381,0.01976199634373188,0.025149047374725342,-0.0012979204766452312,0.009874416515231133,0.003824814921244979
11.435235977172852,0.0292234845011409,0.019939787044287147,0.0004175174981355667,-0.000317426743739653,-6.90935433309507e-05,-0.009036903354451778,-0.06435383061978271,-0.023027590716625957,0.004159239771353007,-0.0031746032777767823,0.03010399057282498,0.002625749229983526,-0.026784605764010035,0.0016921224824853595,0.013722886819106809,-0.0016396548599004745,0.018905028700828552,0.02499595284461975,-0.0029802736826241016,0.008808753453195095,0.0036048423498868942
11.475235939025879,0.03839940902146059,0.02900394266917472,0.012632832862436771,-0.0003160822367573941,-8.12957152893975e-05,-0.00849156117175319,-0.06398385137118424,-0.02543263121161662,0.004145298380917655,-0.003985483592004421,0.0292859009983107,0.0035630200670827305,-0.027411286692402812,0.0002856577345988705,0.014026118936639388,-0.002920241095125675,0.018272260203957558,0.024962127208709717,-0.004046521615236998,0.0081294821575284,0.0036306139081716537
11.531235933303833,0.044760625631401936,0.04722115088668781,0.007120420224964619,-0.00029688174155440076,-7.610864260150388e-05,-0.004762226807962082,-0.05951254046133234,-0.023449355099913728,0.0041222065360073746,-0.0032564825990816526,0.03014890552248101,0.004930934834490738,-0.02563547188864323,0.0010294548625888206,0.014275310739271387,-0.00469242362305522,0.01734098605811596,0.025042980909347534,-0.005592174828052521,0.0072656660340726376,0.003495433833450079
11.57123613357544,0.04875878788996072,0.04741600055966369,0.006853356026113033,-0.00028719225056001005,-6.90091323827555e-05,-0.002676110459847085,-0.05722086098614829,-0.021436633312495776,0.004111587651016155,-0.0032925985201519518,0.03100011031341101,0.0058939598368961095,-0.024738539094930193,0.001778827721279768,0.0145696987168659,-0.005818819627165794,0.01679142937064171,0.02522370219230652,-0.006341871339827776,0.0067116497084498405,0.003636982524767518
11.611236095428467,0.05855203773917101,0.04472290041274376,0.03956307377666235,-0.000272939653295498,-6.467508387882133e-05,0.00045232204271672795,-0.05380517384632955,-0.019752611535348165,0.004119340527095774,-0.0025144239614305207,0.03177259778580487,0.006474029411034021,-0.022909735625511005,0.0024831597331902815,0.014677788648163022,-0.0067311173770576715,0.016394658014178276,0.025431886315345764,-0.006971632596105337,0.006098434329032898,0.0036538555286824703
11.651236057281494,0.0630882170513522,0.0242876391100019,0.003085525706410408,-0.0002440666742279445,-5.752702165508465e-05,0.007137745507714869,-0.0467941446835715,-0.016588496094952682,0.004138680819745954,5.378276215128858e-05,0.033164959805070886,0.007012379831840346,-0.01832454971739968,0.004275624778287797,0.014524048543989414,-0.007472201017662883,0.016160739585757256,0.025682061910629272,-0.0074475472792983055,0.005887602921575308,0.0036764908581972122
11.715235948562622,0.06468715210771189,0.012409769515095044,-0.0006105061620473862,-0.00023244385143482646,-5.922739759582174e-05,0.009799155808218404,-0.04394944657871092,-0.016303947416629667,0.004155644189466483,0.0007255426431774239,0.03346263565639235,0.007434271170047008,-0.016734644825930737,0.0044906758597031,0.01441777117316962,-0.008052060496993363,0.016151437535881996,0.026206091046333313,-0.007795157842338085,0.005654226988554001,0.003569666063413024
11.755236148834229,0.05695191950498588,0.022826390393341913,0.011067445389926434,-0.00021147849462943935,-6.680929840392916e-05,0.014663842344985255,-0.03878206768622349,-0.016749083565859503,0.004173444176669846,0.0030309493227256633,0.03347449480170098,0.007772031223981208,-0.013023996932132305,0.004432806026052346,0.014332811783824673,-0.008029664168134332,0.016268746927380562,0.02653588354587555,-0.007549875881522894,0.00566883385181427,0.0035291549284011126
11.811444997787476,0.04316357036384085,0.024230299932551862,0.0133665194734931,-0.0002059631064002598,-6.91704412154437e-05,0.0159585427504469,-0.03741786763944188,-0.016940691968647604,0.004165858253756649,0.0032727241998585796,0.03359742796685467,0.00867021073347166,-0.012111906264605812,0.0043120262215664,0.014581940629933406,-0.007640568306669593,0.016413340345025063,0.02700972557067871,-0.007017497904598713,0.00561530189588666,0.0036021764390170574
11.851444959640503,0.025285978317032377,0.023871516834433074,0.002226356416940689,-0.00019100043512567088,-7.955410232928668e-05,0.019470094331088813,-0.03371654274320262,-0.01832027591620678,0.00420410617309461,0.0048761604951799,0.03325229367538391,0.008682505724959176,-0.009524436962063733,0.0038233042811439124,0.014449671246816977,-0.007119092391803861,0.016509346663951874,0.02738688886165619,-0.006536627653986216,0.005691969767212868,0.0037143370136618614
11.91544508934021,0.02540491562365085,0.01506126244050607,0.006568475626409054,-0.0001845974849913258,-8.972059939370123e-05,0.020645692148151786,-0.03215435538215682,-0.020218345531927737,0.004230877190729579,0.005343834292687137,0.032557791362252494,0.008805186713688769,-0.00862473124666809,0.0028249332384896733,0.014354716115308802,-0.006220991024747491,0.016666853800415993,0.028077349066734314,-0.005821320228278637,0.005595644470304251,0.003859296441078186
11.955445051193237,0.04569613032073793,0.0020407987705116613,0.012022553943097591,-0.00017129468651883248,-0.00010235943868965538,0.023717723683520223,-0.028891523689051925,-0.022182699878284903,0.004295993310042985,0.007183624084998175,0.031666097449723034,0.008137182822556033,-0.006170911607269403,0.0018402475036810818,0.014174942645291023,-0.0055650933645665646,0.01669894903898239,0.0284908264875412,-0.0052333250641822815,0.005396467167884111,0.004046589136123657
12.011445045471191,0.03432903684736706,0.003442391361858539,0.02348326425999403,-0.00016799229184739475,-0.00010313662421546973,0.02471616757169346,-0.028074453007603483,-0.02211098213774785,0.004324893820073686,0.0075144737310220335,0.03172678573056108,0.00833875443806792,-0.0057850636863428315,0.001945870056091385,0.013971608176705725,-0.004576840903609991,0.016536733135581017,0.029033690690994263,-0.004641588311642408,0.005154277663677931,0.004139479249715805
12.051445007324219,0.027307450008149013,-0.018150922379985578,0.022865249775350094,-0.00016666987241989675,-0.00010520378792925022,0.024954950869110117,-0.02776329798697202,-0.022489043382778153,0.004340984673374978,0.007561026806735438,0.03130919699406484,0.008704596480393754,-0.005660996947387526,0.001765906746361701,0.014031049877796221,-0.0037525268271565437,0.016334865242242813,0.029332146048545837,-0.003969947807490826,0.004915241617709398,0.004137526266276836
12.115445137023926,0.023023731706485032,-0.024720857579621492,0.013173694722354412,-0.00016946758637065559,-0.00010556803979147462,0.023883278940804466,-0.028465716833206017,-0.02280984062938452,0.0043422831214442025,0.00675459812169079,0.03098203271648483,0.009289306757763235,-0.006722559186951632,0.0013599108061446007,0.014101143240372448,-0.00251678004860878,0.01592005044221878,0.029831305146217346,-0.0030775745399296284,0.004546588286757469,0.004168875049799681
12.155445098876953,0.021385741173596602,-0.025937670097464328,-0.0038656508550047874,-0.00017465652076024984,-0.00010321154248895003,0.02222986872756153,-0.029736802675175415,-0.022695885593189493,0.0043602512598134155,0.005466202133944738,0.03066134325306926,0.009489700147853313,-0.008391035957138058,0.0012668885543907428,0.013922316620678549,-0.0018596788868308067,0.015565011650323868,0.030198127031326294,-0.0027371314354240894,0.004320620093494654,0.004182695411145687
12.211445093154907,0.018061773866449537,-0.03102101685396145,-0.023911023512482643,-0.00017752916643776648,-0.00010309351305447913,0.021076632340520905,-0.030454814803498386,-0.022929952592703792,0.004388092270573485,0.004404175966467775,0.030322419943646872,0.009398025835830784,-0.009577637821518669,0.0009139008540963746,0.013704950362452357,-0.0011947080492973328,0.014921046793460846,0.030708178877830505,-0.0023701521568000317,0.0038295630365610123,0.004034125246107578
12.251445055007935,-0.005683438885747967,-0.020986619263211794,-0.02159855142235756,-0.0001806409762625743,-0.00010188484295813028,0.01998888412288339,-0.031217862485572925,-0.022924968227056225,0.004431824303846362,0.0031542486340347914,0.029957788097781123,0.008853236384656547,-0.010768336195380446,0.0007244822040003167,0.013443160719051665,-0.0009156856685876846,0.014355301856994629,0.030998587608337402,-0.002272702055051923,0.003545203013345599,0.004140862729400396
12.315444946289062,-0.01496848663098634,-0.017009936482803398,-0.012900842353701591,-0.00018289208657526623,-0.00010149109634499492,0.01903464108024427,-0.03177608524572334,-0.02305497175652592,0.004450804813844412,0.0018684046462528537,0.029705686266371635,0.009084388324543438,-0.011784284044471653,0.00043460359766374536,0.013391223408030988,-0.0008384129032492638,0.01331312581896782,0.03129030764102936,-0.0023158167023211718,0.002987435320392251,0.004066659603267908
12.355445146560669,-0.020379280468477517,-0.028624758785097047,-0.049776230938732624,-0.00018140700909396752,-0.00010178435221197852,0.019814946937363173,-0.03140899243133018,-0.022945335489944315,0.004499053336714125,0.0016533851149582294,0.02944222112864363,0.00827732692536088,-0.011358540949856142,0.0005345595806521896,0.01315903424194649,-0.0010281102731823921,0.012612389400601387,0.031406715512275696,-0.0023742378689348698,0.0026855722535401583,0.004118018317967653
12.395445108413696,-0.017298958683745917,-0.02719644494208959,-0.060181532986462116,-0.00018223519594332758,-9.869197443997762e-05,0.0203226125449723,-0.031553941440479835,-0.02221613976270475,0.004517073186353533,0.0010825141712483657,0.02977663782356864,0.00834082367300428,-0.011535223657038764,0.0008863511337214691,0.013260509591889038,-0.001379278488457203,0.01188446395099163,0.031528085470199585,-0.0025406109634786844,0.0022620358504354954,0.004118035547435284
12.45144510269165,-0.016577751331887866,-0.022321577394409688,-0.0739178815856576,-0.00018634597223070846,-9.107212112578446e-05,0.02056319589709912,-0.0324209575706153,-0.020650475622435056,0.004563724873520117,-9.425505748722734e-05,0.03053557197600631,0.007428474417021264,-0.01217643802519181,0.001801667116765905,0.012790624172311802,-0.001988416537642479,0.01086130179464817,0.03165586292743683,-0.0028975610621273518,0.0017816273029893637,0.0040878718718886375
12.515444993972778,-0.010117903094780703,-0.020538821789323453,-0.07688198704272509,-0.00018925427668803707,-8.501961944816349e-05,0.02105466963944052,-0.033004472770462964,-0.0193508675383651,0.004564303268011177,-0.0009056378116266921,0.03140001052988048,0.007788719753690435,-0.01261194153687336,0.0026036534307058634,0.012956876582763073,-0.0029207877814769745,0.00977085717022419,0.0313815176486969,-0.0033420820254832506,0.0013725096359848976,0.003954101819545031
12.555444955825806,0.0057791051425479115,-0.017514840478962575,-0.06992882955819368,-0.00019250213647918377,-7.664571007063302e-05,0.022309915945410937,-0.03360339154639737,-0.01743858353335246,0.004526559372981748,-0.0014283318485658468,0.03266891105925601,0.00888217812400415,-0.012644674032261684,0.003968610124247686,0.0135459133977481,-0.003648894838988781,0.00918385200202465,0.03111708164215088,-0.0036787413991987705,0.0011809946736320853,0.004048559349030256
12.61144495010376,0.010612153177150436,-0.01872449566874343,-0.07617698330432177,-0.00019224412081277742,-7.68549356678169e-05,0.022376012254054833,-0.033542878729952624,-0.01746275734671006,0.004510832549213474,-0.001989649384868568,0.032671850828711935,0.00974604189828758,-0.01301787094784485,0.0038317361419997705,0.013751485344224103,-0.004762622993439436,0.008564895950257778,0.03091062605381012,-0.00435711070895195,0.001107197254896164,0.003964501433074474
12.651445150375366,0.009511260312843725,-0.001595778752880312,-0.04357942473143339,-0.0001927491315127843,-7.839174003303263e-05,0.021083177565092023,-0.033722798193802826,-0.018019809033916232,0.004520628296681954,-0.0032217922603470605,0.0320466659159761,0.009839497244017444,-0.013992787230289109,0.003145915434174204,0.013752850697640595,-0.005542547442018986,0.008168610744178295,0.0308377742767334,-0.0046851746737957,0.0010411905823275447,0.003914996515959501
12.691445112228394,0.01243371590667602,0.0028335266353781037,-0.03562943357974291,-0.00019223827262365804,-8.005370700812515e-05,0.020564074972481687,-0.03364903957014248,-0.018441974724406788,0.004536747946384185,-0.004078539582789079,0.03171289314787772,0.01002502426468233,-0.01457350324311817,0.0026988070485342167,0.013724376891725421,-0.006308526499196887,0.007761552929878235,0.030767351388931274,-0.005055426154285669,0.001055259141139686,0.003947137854993343
12.755445003509521,-0.004588927260842946,0.005445634568393861,-0.05382609833031893,-0.0001893146218323456,-8.60364221873418e-05,0.019375713808360617,-0.03311554601859161,-0.019809622290790425,0.004562250109349078,-0.005047270296899525,0.030355093538420558,0.009791169268152983,-0.01515585260736413,0.0010804739858664486,0.013729240499934844,-0.0076068968046456575,0.007069868966937065,0.03064987063407898,-0.00566911930218339,0.0007010606932453811,0.0040308088064193726
12.811668157577515,-0.003140767107841762,-0.0007590143526729876,-0.0656149284914136,-0.00018729146213058973,-8.967129614688241e-05,0.018777853285205367,-0.03273113778869062,-0.020609023715332093,0.00456106782017466,-0.005768854985967196,0.029530218368902895,0.010280013255682337,-0.015379348885033095,0.00032524811083647524,0.013780198936213893,-0.00882048811763525,0.006394179537892342,0.03050898015499115,-0.006148845888674259,0.000518456450663507,0.004007641226053238
12.851668119430542,0.010756466925330629,0.008943744324640299,-0.0645366134122014,-0.00018215005401576225,-9.588716726522005e-05,0.019478413275154458,-0.03164307136438119,-0.021627361911406937,0.004508496003835268,-0.005247552254662283,0.028522005737977002,0.01195687721740033,-0.014630900495141073,-0.0005689418200859359,0.014410411331193912,-0.00971478468272835,0.005829613655805588,0.0303383469581604,-0.006483688950538635,0.000323315936839208,0.0040461113676428795
12.89166808128357,0.007828728403610647,0.009117660073550566,-0.0654836380854249,-0.00018122659373865526,-9.681875326082566e-05,0.01960932037973008,-0.03144166137704706,-0.02176902729968141,0.004466201676131096,-0.005633253156800722,0.028294945449502267,0.013475542779257452,-0.01467994438871858,-0.0007397631765326686,0.014639873758460379,-0.01055520260706544,0.005214042961597443,0.03011937439441681,-0.0069417087361216545,-0.00011781246575992554,0.003997427877038717
12.955667972564697,0.019512933336341173,0.013635644540408507,-0.042466326616704464,-0.00018372623095256436,-9.304565308852304e-05,0.02013050713563971,-0.031916112444560156,-0.020969855995206264,0.0044225942860525716,-0.006297473658257098,0.028958480414792296,0.014959367648088116,-0.015012305790969923,-3.1777205435666685e-05,0.015015568961284986,-0.0116915472317487,0.004261059686541557,0.029745027422904968,-0.007378668989986181,-0.0005077252862975001,0.0038013814482837915
12.995667934417725,0.014417860565140418,0.015104417935413426,-0.03558084089308977,-0.00018428173819310038,-9.223902955304328e-05,0.02014172007716943,-0.03202152949887366,-0.020816806279999017,0.0043958494065319135,-0.007045474974729419,0.029057573680736117,0.01624234630967932,-0.015434557180770492,2.9808641844321412e-05,0.015289561109932504,-0.012374495854601264,0.0037406766787171364,0.029562920331954956,-0.007777746766805649,-0.0007136246422305703,0.00384903559461236
13.051667928695679,0.03131720359041318,0.012787736581372713,-0.05271997768431902,-0.0001879657330119144,-8.698860699117285e-05,0.021202189089239633,-0.032703172424438584,-0.01966007148942078,0.0043251428582166416,-0.00764834726005108,0.030259537750478672,0.018547322694009535,-0.015581620468006542,0.001060772840853098,0.016167783634767625,-0.01327795023098588,0.0032014232128858566,0.02934768795967102,-0.008029069751501083,-0.0010034539736807346,0.00397254154086113
13.091668128967285,0.026067144425148278,0.01612795990630063,-0.05874475557357073,-0.00018989448147866984,-8.446187108255372e-05,0.021188275717441567,-0.03307663511592651,-0.01920410972435079,0.004284643426404696,-0.008640067474214743,0.030744603418215877,0.020183162886197193,-0.016154298447102592,0.0015308094969817185,0.016619089901809485,-0.013897906988859177,0.0029531698673963547,0.029367342591285706,-0.008280900306999683,-0.0009616989991627634,0.004284180235117674
13.155668020248413,0.016396814234221197,0.016056605955408598,0.0012288661673665047,-0.00019555749690350373,-7.731356970231885e-05,0.020905049358237497,-0.03418828261932415,-0.01797908663369402,0.0042406127670196045,-0.010392796128252533,0.03199345571182431,0.021918318663182244,-0.017328509404153414,0.002431597597655964,0.017199093460143162,-0.014828101266175508,0.0027981437742710114,0.0296795517206192,-0.00852962862700224,-0.0008981555583886802,0.004578120540827513
13.19566798210144,0.011008304168458691,0.007541840445945808,-0.014484306797385216,-0.00019556857987905704,-7.725476804363636e-05,0.021395841578313802,-0.03417482966080348,-0.01787975889867176,0.004219477973304501,-0.010837107734777675,0.032194646016773354,0.02321692249416564,-0.017287343989635363,0.0025056110316382407,0.017547102889136378,-0.015468597877770662,0.0028333961963653564,0.02990373969078064,-0.008791740983724594,-0.0007639455725438893,0.004807934630662203
13.251667976379395,0.03120131227715646,0.014900456414781856,-0.018906436394900084,-0.0001969661104641043,-7.565224065735232e-05,0.022044881889858123,-0.03443295286620452,-0.017490720636470253,0.004211670367656062,-0.011420194151533539,0.03276878971029094,0.02417970800121836,-0.017442455336659446,0.0029922425613909775,0.01756882049812588,-0.01641654223203659,0.0030018799006938934,0.030333802103996277,-0.009326166473329067,-0.0004569915763568133,0.005021662916988134
13.291667938232422,0.03489110784253112,0.014154161865778895,-0.019324783235788345,-0.00019833144175080965,-7.431747551951566e-05,0.022869801803277176,-0.03468567436270484,-0.01712612518682189,0.0042142089428897226,-0.011787202201398625,0.033423694320856956,0.024826253343048086,-0.01748023887082073,0.0033614129875609387,0.017600667947636758,-0.017067451495677233,0.003152044489979744,0.030701175332069397,-0.009670689702033997,-0.0002560156863182783,0.005102337338030338
13.355668067932129,0.007902439038419518,0.0016027465233943235,-0.02017863839864731,-0.00020173302224979936,-7.138021195540289e-05,0.024914339458722713,-0.03532772427670132,-0.016308867333895825,0.004249600466699941,-0.011679222042285784,0.034818340560058836,0.02451203062669594,-0.016867137324482393,0.004538084885855649,0.01739517527158091,-0.017973478883504868,0.003517354838550091,0.031213879585266113,-0.01005612127482891,4.979448203812353e-05,0.00550228962674737
13.395668029785156,-0.007550973696185377,-0.00287594839011245,-0.02594045177102089,-0.00020417114317726462,-6.899531528279328e-05,0.025642394301092924,-0.03579143163141513,-0.015806277807004228,0.004278309339324132,-0.012424355531642395,0.03572124608572796,0.024397996718144247,-0.017068834077953378,0.0052395110074594615,0.017225519917494995,-0.018426700495183468,0.0038441410288214684,0.03152209520339966,-0.010276704095304012,0.0003892668173648417,0.005550810601562262
13.455667972564697,-0.021008836447286416,0.007917452388742767,-0.000526810996234417,-0.00020890776169270298,-6.480152610712338e-05,0.027371348133666047,-0.03668779377434446,-0.014886877249919097,0.0043162162128111674,-0.012965322998976084,0.037425123995826454,0.023982172965651864,-0.017043185114488872,0.0065057171475325064,0.01688393092834713,-0.019027160480618477,0.0044197142124176025,0.031809672713279724,-0.010503643192350864,0.0008531303610652685,0.005686132237315178
13.495667934417725,-0.014256245404932859,0.008391507244522629,0.010992948897182941,-0.00020985238307976012,-6.415608348970708e-05,0.027807423239743043,-0.0368696282226711,-0.014728496152324203,0.004325685503025276,-0.013646541894357678,0.03797203608880906,0.02448385720911695,-0.01714147532464624,0.006770483455667817,0.016764112953156468,-0.019500931724905968,0.004864681512117386,0.03198942542076111,-0.010728785768151283,0.001243344508111477,0.005652172025293112
13.551667928695679,-0.01702992398982201,0.013245987331695087,-0.00033126771450042725,-0.00021136869803563147,-6.298352177308927e-05,0.028279544672818617,-0.03716320553236798,-0.014493454223501769,0.004360640190133262,-0.014512585285684084,0.03865143960503359,0.024245413774475588,-0.017420120907178767,0.007188758702633864,0.016655838241672754,-0.020259945653378963,0.0056149037554860115,0.032254233956336975,-0.010924937203526497,0.0018873349763453007,0.005748387426137924
13.591668128967285,-0.01195957631124261,0.009961413853112075,-0.0163261448033154,-0.00021169759060118423,-6.37782554619522e-05,0.028986469962899764,-0.037261121951303704,-0.014539304764667782,0.004376757114683168,-0.014751339011977319,0.038989463071962285,0.02440333308982084,-0.017205586243478004,0.007235637957237874,0.01658059300408248,-0.02088954020291567,0.006194856949150562,0.03247745335102081,-0.01123072300106287,0.0023452520836144686,0.005757479462772608
13.655668020248413,-0.01648568694278966,0.010137401289549439,-0.025233018212020397,-0.00021103079703218414,-6.813455631397404e-05,0.030590933084757247,-0.0372927647738262,-0.01502950174990877,0.004433899778752365,-0.014084932803261504,0.03881370751176627,0.023328249113463994,-0.01615180627650087,0.007118683424864169,0.01608130663157539,-0.02196689136326313,0.0071090878918766975,0.03273607790470123,-0.01149627286940813,0.0030906747560948133,0.005748209077864885
13.69566798210144,-0.019288314133733272,0.004825416317187936,-0.010881134774535894,-0.0002104575715760428,-7.179561752057225e-05,0.031779401424689234,-0.037331135181296216,-0.01545481959801657,0.004476754355587343,-0.013729613644086234,0.038684233735688016,0.02282643079377702,-0.015363037843318442,0.006884988785741716,0.015815121297532698,-0.022600426338613033,0.007631446234881878,0.03278757631778717,-0.011641550809144974,0.00342746009118855,0.005722424015402794
13.751667976379395,-0.021044136589533552,0.007880489987429197,-0.007022734731435776,-0.00021035031276057527,-8.043476949763862e-05,0.03502519137750054,-0.03770751941017071,-0.01641280879327152,0.004488631927504203,-0.011501291895324907,0.03814040769736051,0.02311311663448764,-0.012917839946842615,0.006691426750842856,0.015870927825846565,-0.02329497691243887,0.008210670202970505,0.03263521194458008,-0.011605532839894295,0.0039131962694227695,0.00570745300501585
13.791914939880371,-0.010616381641118373,-0.00020592396346667894,-0.00948443845845759,-0.00021005995872696242,-8.306292001162022e-05,0.0357586779902896,-0.037774869410090964,-0.016712510223799673,0.004475567694384693,-0.011289087061268618,0.03795340171912735,0.024103706607959005,-0.012567779633037297,0.0064118075583290265,0.016071536212039394,-0.023645135574042797,0.008539937436580658,0.0324995219707489,-0.0115522975102067,0.004103683400899172,0.0056410594843328
13.855915069580078,0.004157882778363246,0.006271607273720213,-0.013984796940349042,-0.00020852071093972854,-8.978031535689557e-05,0.03701488587629243,-0.03783018505773256,-0.017463886679476244,0.004423721216721908,-0.010189303018986972,0.036772790873688906,0.026230222083216074,-0.011533206582754528,0.005486522311458686,0.016652032007330397,-0.023940584622323513,0.008866163901984692,0.032355815172195435,-0.011089752428233624,0.004021649248898029,0.0055031864903867245
13.895915031433105,0.022676977858974823,-0.00032776768971924615,-0.031118583865463734,-0.0002094278193291417,-9.491214320320135e-05,0.038850774193554656,-0.03834609207697196,-0.01803621325974954,0.004383141617034531,-0.008934202549564974,0.036437928204785884,0.02805653299804112,-0.010292439282554995,0.0051341603474939785,0.0170174745507789,-0.02406406495720148,0.008949651382863522,0.03233940899372101,-0.01077149249613285,0.0038808858953416348,0.005409230478107929
13.935914993286133,0.019593691411096608,0.00939922230062105,-0.03707776125520468,-0.00020949619944509647,-0.00010201190984995155,0.040603383839256046,-0.038874919335081276,-0.018783208140782232,0.004338797847896377,-0.007260885514327682,0.03533349245184117,0.029832781621997578,-0.008758302174793554,0.0041156903446506144,0.01750284538985488,-0.024025175720453262,0.008905651047825813,0.03243441879749298,-0.010184756480157375,0.003719981061294675,0.005386415868997574
13.991914987564087,0.026461047166422405,0.0017629567453753044,-0.06303792539983988,-0.00020945881243607047,-0.00010434004346329235,0.04110153599753167,-0.039057020740697494,-0.019012948871772465,0.0043246869840510415,-0.0069601297811372875,0.034964907344445406,0.03083471773289989,-0.008332234503381268,0.0036928678376157006,0.017661243930021647,-0.023617340251803398,0.008710421621799469,0.032724395394325256,-0.009153948165476322,0.0031946678645908833,0.005542250350117683
14.031914949417114,0.018662666248566592,0.004876158195683831,-0.07016471866518259,-0.0002092835546383225,-0.00010976190571473735,0.042094996277055714,-0.03950104325495986,-0.019487761009287057,0.004272212880501124,-0.0059151866080574735,0.033728996303840075,0.032749174020538625,-0.007432677491884002,0.0029117623269362698,0.018150976761058257,-0.023155443370342255,0.00846733059734106,0.03298144042491913,-0.008627017959952354,0.002938243094831705,0.005649450235068798
14.095915079116821,0.02230998905393817,0.003499531017684308,-0.06454116571694613,-0.00021106051949433769,-0.00011268873074829516,0.0432489071633719,-0.04013777129705517,-0.019840849593960742,0.004241255548065422,-0.005250920119634442,0.03358004815836531,0.03427213746902886,-0.006754301520026986,0.0026680443528213503,0.01845114735464766,-0.02227102220058441,0.007911954075098038,0.03334838151931763,-0.0075622363947331905,0.0023083556443452835,0.005822819657623768
14.135915040969849,0.015701554757088624,0.0035394765193838594,-0.0715396935120225,-0.00021423612289963153,-0.00011709768723486717,0.04503807313362262,-0.04122009140884454,-0.020400624188999957,0.00421804913345454,-0.004040642560667257,0.033287598110221125,0.03525834307149206,-0.005475534894450651,0.0025912243188832063,0.01878690155917098,-0.021658563055098057,0.007498104125261307,0.03356175124645233,-0.006742874626070261,0.0019377763383090496,0.005977114662528038
14.191915035247803,0.0265783748420004,0.007022158043942721,-0.06248995382338762,-0.00021485590282471512,-0.00011819225563738853,0.04539526199482113,-0.04146404905029009,-0.020511708786019198,0.0042000815608419576,-0.0038969881507365167,0.03318574648131661,0.03644000454624928,-0.0052820556995173155,0.0024210523663735235,0.01900229496673777,-0.020664419047534466,0.0069162603467702866,0.033867016434669495,-0.005812697112560272,0.0015010733623057604,0.006237741559743881
14.239915132522583,0.027582839067142647,0.011134010362191473,-0.05640964675694704,-0.00021639213035906435,-0.00011808373086238839,0.04592776944048232,-0.04169643366126983,-0.020734448840110806,0.004175426974844828,-0.003841270917184613,0.03374153828553113,0.037762731209642075,-0.00528611153693682,0.002602155681013795,0.01940639136077916,-0.019764762371778488,0.006418269127607346,0.03403732180595398,-0.0050351060926914215,0.0008354092133231461,0.006433064118027687
14.295915126800537,0.02457316848669219,0.014539101264436834,-0.04294622968882322,-0.00021521982293194145,-0.00011757948056393189,0.045504553968914396,-0.041433180049543425,-0.020553270797456384,0.004167765785918606,-0.004177106052204458,0.033562665938212645,0.038657759934503724,-0.0055860040850345015,0.0024411461376143634,0.01968628110305178,-0.018744075670838356,0.005900045856833458,0.034174710512161255,-0.00426333025097847,0.0004788610676769167,0.006761439610272646
14.335915088653564,0.03994760533908207,0.00618052745297739,-0.032799036242067814,-0.00021602279749142984,-0.0001200769769733776,0.045884590464053236,-0.04202078878247544,-0.02053874847704509,0.004216053479034961,-0.0037014345108215673,0.03265305639779659,0.037820239776758593,-0.005260519164217333,0.0018031778856507554,0.019477558263040103,-0.0180667694658041,0.005604122765362263,0.03425690531730652,-0.003809470683336258,0.0001757014251779765,0.006998795550316572
14.391915082931519,0.043012110872236664,0.008416963898836598,-0.029383794404566288,-0.00021640897596980467,-0.00012085066334382271,0.046031230342840804,-0.04223552543928177,-0.020540857895243812,0.0042435821689813386,-0.0036322382188468914,0.03241018239266079,0.03769126256115843,-0.005194229755843227,0.001494308179543868,0.019450237653286132,-0.017186838202178478,0.005165762268006802,0.03441996872425079,-0.003266190644353628,-0.0002201458701165393,0.007299716118723154
14.431915044784546,0.04273514895760418,0.008008065098390502,-0.049040102399885654,-0.00021771718355463523,-0.00012310762968362245,0.04648125350647833,-0.042939668169093545,-0.020479998870393687,0.004294819890694926,-0.0031176353845232376,0.03156922035200056,0.03657915046051162,-0.004801132499243703,0.0007745011976025602,0.019124503617990524,-0.016498808283358812,0.004798213951289654,0.03450649976730347,-0.0026789072435349226,-0.0004984064726158977,0.007346853148192167
14.495914936065674,0.05344784749724361,0.01038885243818165,-0.041786192916333675,-0.00021667443362530505,-0.00012227752002910057,0.046129483757192065,-0.04263271421724079,-0.02034427927315136,0.004312965350233793,-0.0033807286965114305,0.03153019891578845,0.03671839572870968,-0.005090362051590544,0.0006023621598718483,0.019083934935304102,-0.015375214163213968,0.004201903939247131,0.034607335925102234,-0.0021350488532334566,-0.001057269750162959,0.0075646876357495785
14.53591513633728,0.057332675747397324,0.00836105126498536,-0.05252623278647661,-0.00021644702411449245,-0.00012266190993165057,0.04602873643141989,-0.04276568793559786,-0.020117332858586103,0.004349564068194834,-0.0032088571254738573,0.030942773570794703,0.03599456178424248,-0.004991699823639603,5.09412218132569e-05,0.0188781544608095,-0.014648492448031902,0.0037963343784213066,0.03461427986621857,-0.0017100156983360648,-0.0013895516749471426,0.007526085712015629
14.591915130615234,0.06591660824001315,0.014474744616140385,-0.05354382563382387,-0.00021804358021466666,-0.00012395561500221365,0.04651020431850845,-0.04327784874927772,-0.02027953248151296,0.004372912262085277,-0.00288889930387216,0.030790288906201158,0.035872563902940045,-0.0047361828254006665,-0.00016469385444708586,0.018854286212832437,-0.013637332478538156,0.0032441485673189163,0.03454834222793579,-0.0010995048796758056,-0.0018324716947972775,0.007590332999825478
14.631915092468262,0.05481555226533352,-0.0007325911829576928,-0.03683930728584528,-0.00022270403049510275,-0.00012742925703155262,0.047923809611884395,-0.04463912153991526,-0.020908704439054744,0.004355028444679697,-0.0018193226277550983,0.030604478997637404,0.03693098039784347,-0.003896995862145828,-0.00042586967938375894,0.018956138552031317,-0.012859893264248967,0.0028591882437467575,0.03444060683250427,-0.0007430636323988438,-0.0021910846699029207,0.0075806970708072186
14.69591498374939,0.05598767696093554,-0.007092724832806869,-0.003147438168525696,-0.00022309711800805844,-0.00012790637105196086,0.04801660409728167,-0.04491605794208422,-0.020703311962069974,0.004331164502240926,-0.001446311949255001,0.029995623888576906,0.038341871069681094,-0.0037077555961222146,-0.000921764004998563,0.019162027872678192,-0.011495577055029571,0.002255328930914402,0.03419952094554901,-0.00011476645158836618,-0.002826426178216934,0.0072403098456561565
14.735914945602417,0.0633266333945439,-8.011909671204741e-05,-0.010373677825555205,-0.00022410249991460668,-0.00012866941235556588,0.04829718354839938,-0.045258897736507944,-0.02074756614597261,0.004303673438624819,-0.0012077856604637619,0.029728460008277675,0.040111815846426126,-0.0032702526052861784,-0.0011806582007609524,0.01980760673833365,-0.010554198233876377,0.0018949946388602257,0.03410971164703369,0.00040943786734715104,-0.0029668393544852734,0.007326151710003614
14.792176961898804,0.055232334256954986,0.009271347667125113,-0.003803817555308342,-0.00022315948888303546,-0.00012805567448747647,0.0480472670380017,-0.04504230743493215,-0.020509989369867577,0.004259812343482141,-0.0010998222971701603,0.029378521527602453,0.04231199528611849,-0.0034297145674131125,-0.0016156185910177067,0.02036900845763063,-0.009228235518094152,0.0013388600200414658,0.03407354652881622,0.0010299822315573692,-0.0034195855259895325,0.007607282139360905
14.832176923751831,0.04374429921757693,0.011538092552162848,-0.0006514899432659149,-0.00022359113220894782,-0.00012829026029354958,0.04808080768603215,-0.04538114657031727,-0.020125599289167902,0.004253405688767305,-0.0010215799201199402,0.02872496340591036,0.043463205275410775,-0.0033515929380244147,-0.0021967392005992265,0.0206175331232592,-0.008260833565145731,0.0009224708192050457,0.034149929881095886,0.0014200311852619052,-0.0037502942141145468,0.0076584042981266975
14.896177053451538,0.056340149383398874,0.014951512101656716,0.0012887874618172646,-0.0002297062788705202,-0.00013228652480972903,0.0496008987061203,-0.04734668761462463,-0.02049897879379397,0.004224704964079414,0.00024314878965225482,0.02808288205164763,0.04510718514569257,-0.002161197792461864,-0.0027746421214184104,0.020902842029881148,-0.006783687276765704,0.0002642679028213024,0.03456869721412659,0.002034644363448024,-0.0041202097199857235,0.007825806736946106
14.936177015304565,0.044558198969237905,0.013091541267830442,-0.006019892171025276,-0.00023012146071714904,-0.00013281058088299134,0.049802299384214266,-0.04728179442277753,-0.021010253715119675,0.004212039005470737,0.0003785001939491199,0.028355318005117383,0.04632078165762006,-0.0019332791312513685,-0.002772938553424548,0.021217450895592436,-0.005890312138944864,-0.00018162745982408524,0.03484976291656494,0.0024480633437633514,-0.004521510098129511,0.007990177720785141
14.99217700958252,0.041537323206799155,0.009214151348118446,-0.015431622974574566,-0.00022503438963737875,-0.00013104401846631528,0.048990736596662726,-0.04494284749793703,-0.022672727321217452,0.004189029149021692,-0.00010679673563604416,0.03022774465014016,0.04795068116146455,-0.00254474582267219,-0.0012956905042252275,0.021687055781892072,-0.004548625089228153,-0.0007691211067140102,0.03532840311527252,0.0031142057850956917,-0.004802292212843895,0.00835337582975626
15.032176971435547,0.028093087863659008,0.008061678551647258,-0.021957547403872013,-0.00022479985078888067,-0.0001311324536058072,0.048991014626318545,-0.04476950798352881,-0.02294619633820613,0.0041910844630194,-0.00016955062054860054,0.03034205481289301,0.0489205341246547,-0.0023848662306076448,-0.001269222245875339,0.02196463717289666,-0.0036255093291401863,-0.0010602795518934727,0.03569471836090088,0.003415163839235902,-0.004956578370183706,0.008676093071699142
15.096177101135254,0.027688272021951826,0.002987065127955453,-0.009013086091727018,-0.00022772233392039128,-0.00013342264175138257,0.049787337553541894,-0.045446082744057814,-0.023803209629930926,0.00416710243183407,0.00040507837084467307,0.030518835787084524,0.050428590377343305,-0.0018709001688956566,-0.0010524904649802757,0.022338269514554542,-0.002329601440578699,-0.0012028594501316547,0.036377981305122375,0.0037617632187902927,-0.004921269603073597,0.008999181911349297
15.136177062988281,0.025628038350300204,-0.0014432984932259139,-0.019346853252500296,-0.00023367793223804176,-0.00013707910587409806,0.051160855412336705,-0.047190895833442326,-0.02446602507387674,0.004180995581632642,0.0013067470691670918,0.03028444253947834,0.05081380304806138,-0.0007396373298357434,-0.0015009107173724187,0.022278555278484564,-0.0016193082556128502,-0.0012225559912621975,0.036875247955322266,0.004017945379018784,-0.004932863637804985,0.009366283193230629
15.192177057266235,0.028304409222482143,-0.005194079577279705,-0.004935503471642733,-0.00024136861425038327,-0.00014094615548753152,0.052766064607048725,-0.049670494205219295,-0.024582361674858437,0.004212496845433114,0.0025408934111564984,0.029336654723430784,0.050173248565637735,0.0006503249455301788,-0.0022881974495045673,0.022062229594058184,-0.0006582876667380333,-0.001266656443476677,0.03777405619621277,0.004393571522086859,-0.0049753254279494286,0.00947783887386322
15.232177019119263,0.027289867830074605,-0.002918004235153188,0.0070260027423501015,-0.00024350994220184109,-0.00014045139991010364,0.05295759528743539,-0.05077997911686622,-0.02322893003629622,0.004230381369982361,0.0028448835181071053,0.027865936953337434,0.05052704458798427,0.0009315407024760033,-0.0035405755418435212,0.021934036697291638,6.143003702163696e-05,-0.0013442817144095898,0.03839637339115143,0.004661891143769026,-0.00498157786205411,0.009668190032243729
15.29617714881897,0.006083503628452538,0.0007417029105642719,0.019523355178534985,-0.0002453944214907699,-0.00013938289056497258,0.05304350797267321,-0.05185249892338443,-0.021611309137255418,0.004264459517745121,0.0030587573078821647,0.026112244666980255,0.050233938663324366,0.0011782779920035862,-0.005025834451336757,0.02156137273940661,0.001209794543683529,-0.0016968832351267338,0.03928917646408081,0.005120802670717239,-0.005120540503412485,0.009746425785124302
15.336177110671997,0.013025025467791981,0.003778931520393637,0.006968245841562748,-0.0002484288362664377,-0.00013985021259695782,0.053515394422015305,-0.05301705039473028,-0.020914901404497012,0.00428490014160866,0.003489116986739561,0.0250023864856379,0.050450715738027216,0.0016140061081537788,-0.006013772689415506,0.02142761767464212,0.0018599899485707283,-0.0021411683410406113,0.039807260036468506,0.005363632924854755,-0.005610796622931957,0.009865690022706985
15.392177104949951,0.03161181416173071,0.006483516285669448,0.0037933504208922386,-0.00025663466374855275,-0.00014312414264051394,0.05506464776867256,-0.055666256953454715,-0.020708205654157465,0.004310971338017148,0.004840430337609429,0.023736032114189717,0.050148313609158814,0.00313406481722135,-0.007021212895901844,0.021061892174494706,0.0026396987959742546,-0.0029186783358454704,0.040642812848091125,0.00563125591725111,-0.006019906606525183,0.00974687933921814
15.432177066802979,0.03101773230110742,-0.00917754153104704,0.02516250591725111,-0.0002574327254759899,-0.00014257945315803748,0.055114936204744426,-0.05607111350873613,-0.020063099520847286,0.00432302217231195,0.00511675690568961,0.022751444929112505,0.05071906302923936,0.0034471674338251643,-0.007870093117173361,0.020840584286327277,0.0031957244500517845,-0.003537671873345971,0.041293248534202576,0.005992664955556393,-0.006347427144646645,0.00965831521898508
15.496176958084106,0.03985478068927714,-0.016896634010776825,-0.014092261670157313,-0.0002577980484969415,-0.0001410327665494708,0.054992362079999295,-0.05646233529115868,-0.018868131507942386,0.004388553318281501,0.0053613435344633175,0.02130371215482859,0.04903299047268194,0.003421861382968292,-0.008949382998092462,0.02024812456320047,0.004138047806918621,-0.004611666430719197,0.04225018620491028,0.006323474925011396,-0.0071800220757722855,0.009640734642744064
15.536177158355713,0.03122044114375702,-0.01851992405852429,-0.01698897499591112,-0.0002553031812569194,-0.000139346497331663,0.054452883242810834,-0.05579567613762963,-0.018407228631208847,0.004424016012115327,0.005202625243816583,0.020677998030981536,0.04849579447354955,0.003253816245007721,-0.00928826297867277,0.01989695972172847,0.004722118377685547,-0.005390843783970922,0.04280112683773041,0.00668438570573926,-0.0075487298890948296,0.009653744287788868
15.592177152633667,0.02227687846252641,-0.015765402824245503,-0.013061985839158297,-0.00024749929736500684,-0.00013645492745657345,0.05301250846211683,-0.05340045877431182,-0.01853846557815518,0.004481975164066366,0.004495224538728464,0.020623614158194765,0.047235971609102145,0.0020810973680113545,-0.00905876609848332,0.019588129269202705,0.005465080961585045,-0.006585140596143901,0.04334951937198639,0.0069648814387619495,-0.008397337980568409,0.0096893310546875
15.632177114486694,0.027960902218604113,-0.011896344673058926,-0.03439249191433191,-0.00024508496103119664,-0.00013520336332339117,0.05254294594973565,-0.052707917934352075,-0.01832863856985265,0.004496681445151639,0.004317489948158899,0.020132965581124988,0.04745760975358979,0.0015555787925250599,-0.009257501037398953,0.01941974773354582,0.005873136222362518,-0.007447092328220606,0.04357096552848816,0.006887672934681177,-0.008985413238406181,0.009372963570058346
15.696177005767822,0.028442754040090435,-0.008925782456442356,-0.018523454666137695,-0.0002444912526260403,-0.00013543812449734208,0.05246475616423022,-0.05248195030985456,-0.018619489791309327,0.004517176021379862,0.004508391715502052,0.019647699334064253,0.04732869422107059,0.0016856980877825755,-0.009513441080321016,0.019325739311465622,0.006329508498311043,-0.008758613374084234,0.043850675225257874,0.006960407365113497,-0.00971275195479393,0.009264540858566761
15.73617696762085,0.03306644395654134,-0.006797721186853668,-0.004960047081112862,-0.0002444412858792154,-0.00013560616956782918,0.05246169874566346,-0.052450356225036375,-0.018741035629833713,0.004546195782217959,0.004695126892402442,0.019165379290607132,0.04702398900870292,0.001798522658635301,-0.009787532456912568,0.019006480465787536,0.006550241261720657,-0.00956049538217485,0.044033125042915344,0.006969991140067577,-0.010118010453879833,0.009134254418313503
15.792176961898804,0.0506238842083825,0.003957488728124103,-0.010896072024479508,-0.0002508966139560774,-0.00013867759602624466,0.053639836678705734,-0.05431768591008079,-0.019202694551992323,0.004581999682471279,0.006010323512822183,0.018297477833413525,0.046242385545243375,0.0031675281255488844,-0.010428643875170483,0.018632647946967593,0.006842540577054024,-0.010639854241162539,0.0442596971988678,0.006888732314109802,-0.010610905475914478,0.008842404000461102
15.832468032836914,0.058536899003647065,0.006458503933119272,-0.019644449464976788,-0.0002575131392767136,-0.00014140684215093407,0.054817423208843356,-0.0562631593975139,-0.019430511683521345,0.004586166517529025,0.007262939875033683,0.017406922147509905,0.04659074189588377,0.004490849157138243,-0.01123470941564286,0.018557952544973402,0.0070920661091804504,-0.011374705471098423,0.04431232810020447,0.006887464784085751,-0.010930201038718224,0.008658939972519875
15.896467924118042,0.055631795741629006,-0.002320285348434349,0.0022752853110432625,-0.00026696016470082384,-0.0001456827488776811,0.0565087643653166,-0.05898383536374732,-0.020015620242590487,0.004596313722385418,0.00924374407306974,0.01624057770889837,0.046779084712265946,0.006535683140048248,-0.012214673559168812,0.01861030306179425,0.0077683329582214355,-0.012538884300738573,0.04433785378932953,0.007156582083553076,-0.01141476072371006,0.008628474548459053
15.936468124389648,0.06557352203159605,-0.0032438486180478617,0.031135736964643,-0.0002729899032774624,-0.00014834866794380513,0.05757134572932898,-0.06071973037740865,-0.02037086516789001,0.004596957846087204,0.01064930197382682,0.015302535161959844,0.04747484768853976,0.007959755653284262,-0.013093046440765095,0.01856392438212814,0.00837845727801323,-0.01326203579083085,0.044327616691589355,0.007563974242657423,-0.011791328899562359,0.00835360586643219
15.992468118667603,0.042684437800417196,-0.009494914768397174,0.04203005786985159,-0.0002753777050648174,-0.00015085410969044517,0.05804955954518877,-0.06131445926629568,-0.021373309297185943,0.004630311190911878,0.011871988103883478,0.014820479944928591,0.047030526140123756,0.009172858406041475,-0.01319502587814314,0.01819651728207087,0.009474078193306923,-0.014317711815237999,0.04431389272212982,0.00812478456646204,-0.012147823348641396,0.008102523162961006
16.03246808052063,0.050864418673264106,-0.018100123358112334,0.042795914225280285,-0.0002772128629258052,-0.0001514825617516942,0.058357792287904324,-0.061846856550662264,-0.02138218337009669,0.004641147992533049,0.012660650380622763,0.013977914849947756,0.047358650602325615,0.009776566627779858,-0.013808501318983825,0.018078945098819334,0.010401031002402306,-0.015068425796926022,0.044340625405311584,0.008743863552808762,-0.012483268044888973,0.008057991974055767
16.088468074798584,0.03913431521042501,0.0036161433637799333,0.022323469631373882,-0.0002837926453656403,-0.00015281091488387493,0.05942101353646617,-0.06379032238972254,-0.020905540286390804,0.004675641977330483,0.014165635783296443,0.012362565622584185,0.04671970050498456,0.011291811040685855,-0.015488446986396115,0.017721811300504528,0.01171654462814331,-0.016095425933599472,0.04444818198680878,0.00958236213773489,-0.013040244579315186,0.007891695946455002
16.12846803665161,0.04361701601644673,0.006596398945951092,0.02499167900532484,-0.0002866269890330883,-0.0001538253946587323,0.05988943213258171,-0.06459829853491501,-0.02096667165627968,0.004694703540438894,0.01521057990821387,0.011396489559651921,0.0467002473845532,0.012140703875622546,-0.016186369932358127,0.017575672701105622,0.012706397101283073,-0.016880587674677372,0.04457083344459534,0.010102369822561741,-0.013325867243111134,0.007724831812083721
16.19246792793274,0.029354855429605888,0.002548546009841251,0.059470261447131634,-0.00028843712708751467,-0.00015837571159395226,0.06027854189675292,-0.06496751952831452,-0.023226828201573613,0.004730293736508897,0.01673311811176677,0.011614119015084324,0.0460931031657485,0.013476797695345917,-0.015497138136769372,0.01747284125779064,0.014335913583636284,-0.018163752742111683,0.04472506046295166,0.010789146646857262,-0.013914583250880241,0.00784128624945879
16.232468128204346,0.01818961435635825,0.0011576259046070544,0.025982520543038845,-0.00028800308299506736,-0.0001593794142618929,0.060228001692956466,-0.06481093518094451,-0.023870165352286185,0.0047410982301440046,0.017502598292526927,0.011197388364479859,0.04644553496990006,0.01389496312307829,-0.01557577710606082,0.017408614176508286,0.015370123088359833,-0.018897645175457,0.04484516382217407,0.011330286972224712,-0.014283142052590847,0.007774633355438709
16.2884681224823,0.023031290465958074,0.012304947432394641,-0.003784704953432083,-0.00028161306058398347,-0.00015867249295929836,0.059183954322951475,-0.06301692705890165,-0.024598894964156407,0.004806328469813833,0.017569315102448375,0.011242310192877917,0.044643706682016046,0.0135101441368315,-0.014924151274272456,0.016783331875317414,0.01678362675011158,-0.019771642982959747,0.04491627216339111,0.01200743205845356,-0.014509663917124271,0.007529583293944597
16.328468084335327,0.028681701504947945,0.015029755791139911,-0.006603211630135775,-0.000278220084882516,-0.00015632940647642722,0.058595806942870365,-0.06212867486654245,-0.023896597547126416,0.004850883852665153,0.017590964217876537,0.010442786680068504,0.043596539092143435,0.013203890767493653,-0.015236557600800307,0.0162101668621454,0.017696835100650787,-0.020327292382717133,0.04502233862876892,0.012421971186995506,-0.014636288397014141,0.007259821984916925
16.392467975616455,0.034794430262186406,0.02574853860379486,9.685102850198746e-05,-0.0002706889760138729,-0.00015108522816936594,0.05730349989575402,-0.06016949188116602,-0.022310410694095218,0.004936857005451293,0.016890890339729403,0.009499978778819876,0.04086978020658477,0.011784581126426653,-0.015731619557181414,0.015511705590040469,0.01888909935951233,-0.02103171870112419,0.04494398832321167,0.012922083027660847,-0.014670793898403645,0.007013645023107529
16.432467937469482,0.03063655667767357,0.025206640633405632,-0.001699604094028473,-0.0002698910339452916,-0.00015031330252546473,0.057161069816745624,-0.05996945141038062,-0.022029553817257477,0.004963126227400285,0.01730972033427929,0.008708696281708847,0.04045280271057635,0.011953755613348148,-0.016175717506790286,0.015282777765376827,0.019493086263537407,-0.02144221030175686,0.04470996558666229,0.01319704670459032,-0.014660033397376537,0.006737237796187401
16.488467931747437,0.02845459076887976,0.027052901258387253,0.0014076540246605873,-0.0002690661882269194,-0.0001523540362261249,0.05702202300577853,-0.05972163495123021,-0.02328375928732626,0.005022836302724788,0.018269550979352858,0.008723795592083234,0.03860644721103055,0.012556784514010239,-0.015605507895050164,0.014831198316973946,0.020151400938630104,-0.021926291286945343,0.04425179958343506,0.01312191691249609,-0.014743475243449211,0.006459301337599754
16.528468132019043,0.023438286664650226,0.022923668589839453,0.019330467097461224,-0.000265592061398736,-0.00015261879347951596,0.056452334844207946,-0.05878981291840036,-0.02399152937481171,0.005050991451954952,0.018601485452779745,0.00870371246125984,0.03816119777264737,0.012451157611098707,-0.015215869912573662,0.014554379396650814,0.02060811221599579,-0.022216280922293663,0.043946146965026855,0.013203103095293045,-0.01482612919062376,0.006137732416391373
16.59246802330017,0.02757777113391063,0.016974388019931858,0.019224422983825207,-0.0002544137489042353,-0.00014990978104339632,0.05464133302845885,-0.05584589925219647,-0.024305893759038782,0.005081252301005593,0.01771718345051903,0.009213539536914271,0.037705266886832275,0.01078319605536405,-0.014141030965458363,0.01448021322251185,0.02130448818206787,-0.022459307685494423,0.04338611662387848,0.013377711176872253,-0.014824443496763706,0.0057985251769423485
16.6324679851532,0.018447175832193536,0.012237161461162624,0.020191951654851437,-0.00024660548689741003,-0.0001473871390597595,0.053379485249421085,-0.0538061486182371,-0.02417260912257196,0.0050988003021055755,0.017066771675673584,0.009123484025227651,0.037853158903482315,0.009545307990871072,-0.013696072939039551,0.014401347963502476,0.02167278155684471,-0.022458821535110474,0.04306809604167938,0.013436946086585522,-0.014671062119305134,0.0055689639411866665
16.672467947006226,0.0007868486148866632,0.017537898071820816,0.030988710932433605,-0.00023975000026289564,-0.0001453342234135037,0.052274880175508916,-0.05201590307095812,-0.02413227299085564,0.005116294732813668,0.016351539644642504,0.00915657079328377,0.03791367007623536,0.008497317972016591,-0.01324327271221894,0.014256061366677026,0.021838489919900894,-0.022393284365534782,0.042834192514419556,0.013366777449846268,-0.01451817899942398,0.005224884022027254
16.72846794128418,0.014146570548989762,0.014189767592076893,0.0231842128559947,-0.00023635024723966074,-0.00014394213058558186,0.05173178287705697,-0.05113419102229176,-0.02390619720020774,0.005127434630724553,0.016138249262380732,0.008728343456111898,0.038165617040089674,0.007890943164797673,-0.01327414245289439,0.01416520924407675,0.02180645242333412,-0.022215457633137703,0.042525798082351685,0.012967820279300213,-0.014324777759611607,0.004839337430894375
16.768468141555786,0.005043233599290768,0.01771805337333124,0.032001043669879436,-0.0002339931478989717,-0.00014591425151828973,0.05134731648839983,-0.0504834413635268,-0.02528687262658641,0.005130510389298265,0.016572498781567652,0.00911628488562575,0.03878204733358211,0.008121417011857767,-0.012418330569758647,0.014255275127192416,0.02165192738175392,-0.022062182426452637,0.042426541447639465,0.012831448577344418,-0.014042793773114681,0.004757450427860022
16.832746982574463,0.00822555054599861,0.0037071916116062802,0.035678463988006115,-0.0002304870600279118,-0.0001459148115231452,0.050783997149538115,-0.04955681830897128,-0.025793181386551303,0.005152858923576208,0.016539175309547915,0.009104482573252064,0.038623959016409144,0.00776495014411169,-0.01205849442560697,0.0140785438241012,0.02129150554537773,-0.02179892361164093,0.04230433702468872,0.012156521901488304,-0.01374267227947712,0.004484078381210566
16.888746976852417,0.024753653671250393,0.0027817262838610336,0.01569152157753706,-0.00022135100687490934,-0.00014476440729015535,0.04933967808580257,-0.04715359701079379,-0.026481036239618193,0.0051781886364212215,0.015592336731361995,0.009785925700464056,0.03837061371336617,0.006200209036218639,-0.010581024620027165,0.01402002633527006,0.020905427634716034,-0.021460807882249355,0.042373597621917725,0.011536682955920696,-0.013354891911149025,0.004507585894316435
16.928746938705444,0.013184962396690642,0.013156914612057065,0.009791352786123753,-0.00021397664488340663,-0.0001427915743109775,0.04817262899907991,-0.045240218960578005,-0.026484633111316734,0.005228304889496308,0.014630250370671125,0.010051728979217436,0.03693315076947835,0.004806333242145201,-0.009956977049367075,0.013557543981476392,0.02053859457373619,-0.021176105365157127,0.04248756170272827,0.011131515726447105,-0.013015629723668098,0.004362053703516722
16.99274706840515,0.020242019817997985,0.014815640756707165,0.014071566052734852,-0.00021316680275238476,-0.00014374012639627322,0.04803547899854785,-0.045002448727213706,-0.02708506518694417,0.005267188857538268,0.014935682074889569,0.010022040699422167,0.03589678061797692,0.004936569354447057,-0.009676073695701717,0.013251097783957423,0.019835246726870537,-0.020700042136013508,0.04268394410610199,0.010429754853248596,-0.012508830055594444,0.004320644307881594
17.03274703025818,0.02049255224158752,0.016200020106119005,0.015732071362435818,-0.00020889725938616016,-0.00014581948005952433,0.047367080662615066,-0.043790996732358575,-0.028705158647285303,0.005328713491464453,0.014934199757661849,0.011135655914729278,0.033766654627160636,0.004679298988323739,-0.008370411012666362,0.012795666907282557,0.019334565848112106,-0.020388280972838402,0.04268653690814972,0.010026814416050911,-0.012150001712143421,0.00437639094889164
17.088747024536133,0.028595684547759733,0.015393945421070162,0.009253534488379955,-0.0002072979336981732,-0.00014610647110033484,0.047114773074374026,-0.0433527386833656,-0.029060472224635012,0.005356220449020529,0.015023744247721519,0.011135754623181423,0.03319137988847711,0.004667592042706816,-0.008207950866583366,0.012634868612528391,0.018716156482696533,-0.01986579690128565,0.04256501793861389,0.0095498813316226,-0.011645467951893806,0.004204178228974342
17.12874698638916,0.03844760813582869,0.013345090994990856,-0.010573215782642365,-0.00020529219721538217,-0.00014708969976756953,0.04680796584706479,-0.04276928479824495,-0.02980745026787357,0.005396383657174227,0.015224601120333704,0.011540020954267607,0.031845313037559116,0.004401509683754658,-0.007689286236908016,0.012204053798420496,0.01829519495368004,-0.019414088688790798,0.042263418436050415,0.009172302670776844,-0.011266397312283516,0.004007506184279919
17.192747116088867,0.03249862256155737,0.006083106398036481,-0.026871913112699986,-0.00020059406945160735,-0.0001478281166371835,0.04611121433188993,-0.0414365245950686,-0.03073830241145499,0.005422453399748874,0.014802361300368126,0.012387052904398984,0.03122141054780739,0.003767275022615367,-0.006581367264721578,0.012020536435126322,0.01767764426767826,-0.018622709438204765,0.04179339110851288,0.008550398051738739,-0.010609178803861141,0.003629575250670314
17.232747077941895,0.03921034906050979,-9.977941974764493e-05,-0.02543877251446247,-0.0001951403007489491,-0.00014853137686822427,0.045308519487942935,-0.03988361492059616,-0.03172317366581902,0.005462399843565286,0.014283371288692183,0.013377185092704162,0.029843040161021905,0.003003290278465312,-0.005385269453214343,0.01166039534691111,0.01735132746398449,-0.018084310926496983,0.04155470430850983,0.008209534920752048,-0.010097050108015537,0.0034555073361843824
17.28874707221985,0.0376896275040006,-0.007826217824694478,-0.01645525824278593,-0.00019079362530704296,-0.0001486713614961533,0.04467191207618338,-0.03865518383826005,-0.03228567145450653,0.005493735874845348,0.013691170418538031,0.014021155780162402,0.028977117872993764,0.00208320147131001,-0.0046213168711435005,0.011243030271628311,0.016862016171216965,-0.017238447442650795,0.04122599959373474,0.007738182786852121,-0.009491167962551117,0.0030101975426077843
17.328747034072876,0.03703992921338859,-0.0129797233231238,-0.01577656646259129,-0.00018537811819934822,-0.0001486298321339318,0.04388229337765212,-0.03711957478836584,-0.03286150179497987,0.005559204339414722,0.012834203302190414,0.01478050933049743,0.026508394823417252,0.000946070601918837,-0.0036072631861854528,0.010616225748569184,0.01652657426893711,-0.016630060970783234,0.040956273674964905,0.0073044090531766415,-0.00893624871969223,0.002812345279380679
17.392746925354004,0.03398347607875197,-0.016239282648419954,-0.007805473171174526,-0.00018375294134747572,-0.00014998828393045276,0.04368153402339795,-0.03654960978581359,-0.03368134511302891,0.0055837865585928745,0.012798165043126133,0.015386851541911765,0.02588580543244534,0.0008214707492224886,-0.0028772554840882443,0.010399564537104519,0.015867238864302635,-0.01557837799191475,0.040302932262420654,0.006593330297619104,-0.007916891016066074,0.0024071517400443554
17.43274712562561,0.04896750738911868,-0.010410789132480435,-0.0025583356618881226,-0.00018116657624576656,-0.00015042918795647904,0.04332887828163273,-0.035758698651555676,-0.034148947339863636,0.005626502815371949,0.012497551439743697,0.01582251634045453,0.024323898135561926,0.00021052008888356117,-0.0023033900191412066,0.009938170538446403,0.01544555276632309,-0.01496060285717249,0.03983636200428009,0.006069425027817488,-0.0074193719774484634,0.002039178041741252
17.488747119903564,0.043926769566603775,-0.01657735379328136,0.015601505525410175,-0.00017965761474924663,-0.00015162538208365244,0.04316160532566341,-0.03520076482217216,-0.03485193277215228,0.005647229459514723,0.012408730384941273,0.01642082761620562,0.023945528370705578,9.719603388013235e-05,-0.0016264567497306943,0.009920003175904836,0.014903880655765533,-0.014136108569800854,0.039262160658836365,0.005518552381545305,-0.0065591600723564625,0.0018819469260051847
17.528747081756592,0.03564530414408785,-0.023482707412549136,-0.004551844671368599,-0.00017770398118694756,-0.00015364139580643427,0.04298098335076353,-0.03440579931979008,-0.03595491315186396,0.005666364032409249,0.012348555460328757,0.017397144921949312,0.023410019312507257,-0.00014986261733201803,-0.00045028937244897415,0.009632091953380396,0.014546522870659828,-0.013577891979366541,0.038863763213157654,0.005056586116552353,-0.0059508830308914185,0.0014732081908732653
17.56874704360962,0.030782713439250726,-0.008430284068116118,-0.014075498329475522,-0.00017584071641939817,-0.00015365015594207432,0.04273297950840086,-0.03384163529932253,-0.03612392890508652,0.005679049083821312,0.011915329238021704,0.017707003727267967,0.023281929020864647,-0.0006620064845851298,-0.00011560022443473134,0.009714305733479384,0.01422342099249363,-0.013020055834203959,0.038477107882499695,0.004629194270819426,-0.005420533008873463,0.00136371364351362
17.632746934890747,0.019012811212438443,-0.01834369592361721,0.013595650903880596,-0.00017062628924753985,-0.0001521415436382339,0.04195391074958809,-0.032450820188570255,-0.03590128574956938,0.005725763862033291,0.010352838776950072,0.017965889244380993,0.021760339135309652,-0.0020726470503281947,0.00019810655802169133,0.009483570299552008,0.013752615079283714,-0.012157991994172335,0.03784187138080597,0.003994010854512453,-0.004401903599500656,0.0012094947742298245
17.684746980667114,0.024494392747528345,-0.015231735781127553,0.026917180977761745,-0.00016867704283533827,-0.0001517725427322812,0.0416776094556187,-0.03190073312960708,-0.0358967078004198,0.005739069230287157,0.009724296672709866,0.018138236038834295,0.021590425558549644,-0.0026767888150912066,0.00043114107740381004,0.009471489986377622,0.013448189944028854,-0.011715439148247242,0.03745029866695404,0.0036559056024998426,-0.003905951278284192,0.0012222835794091225
17.72474694252014,0.03237646174954236,-0.015502837168669946,0.021660505793988705,-0.00016755232112972184,-0.00014992761556283874,0.04140291195287227,-0.031833209603174255,-0.035192212374280545,0.005753367695014348,0.009190892961223825,0.017448656464255065,0.021406722596058546,-0.0031783209359620194,-7.770492074704267e-05,0.009516444127859807,0.012986259534955025,-0.011277685407549143,0.036985889077186584,0.0031234831549227238,-0.0033434457145631313,0.0010627353331074119
17.78874707221985,0.036481152445547275,-0.012315969501521688,-0.01526713091880083,-0.00016695817315194654,-0.0001480743153970406,0.04119050389911477,-0.03194761264990782,-0.03444827811674045,0.005754950574217909,0.008871384877070026,0.016508532159352447,0.021732301714963403,-0.003656904326003539,-0.0008116222484294148,0.009694692722049337,0.012088490650057793,-0.010720202699303627,0.0363316535949707,0.002155809663236141,-0.002781329210847616,0.0009327353909611702
17.829062938690186,0.037772059566749366,-0.011167616550478732,-0.00693848030641675,-0.0001684582710535052,-0.00014859343458820427,0.04142129820094145,-0.032337550268039805,-0.034556821783696345,0.005743257390809766,0.009340789460309199,0.016281341116130006,0.022561283176325476,-0.003335284788352562,-0.0008090246366761145,0.00996384683411564,0.011380678042769432,-0.010460054501891136,0.03610698878765106,0.0013622656697407365,-0.002483365358784795,0.0008905379218049347
17.88506293296814,0.039631859520117475,-0.0021690252679550928,5.796831101179123e-05,-0.00016921084725069388,-0.0001497443549048663,0.04162648266676828,-0.03236262904606708,-0.03496718289109233,0.005719307441345143,0.009657798973002677,0.016480615433412765,0.024113678598745594,-0.003245242907382297,-0.0004904568527230894,0.010333148357749468,0.010646505281329155,-0.010314144659787416,0.03594781458377838,0.000514860381372273,-0.002277061576023698,0.0007436851738020778
17.949063062667847,0.041372793596012584,0.010392100607007093,-0.030753440223634243,-0.0001703617118176191,-0.00014921807199911252,0.0417062944132341,-0.0328554601304946,-0.034692138112560535,0.0057270747787435215,0.010103437486676713,0.015852661325282725,0.023968291257248468,-0.0030128565965854125,-0.0008677223241373779,0.010362514398797403,0.010071389377117157,-0.010194240137934685,0.03585582971572876,-7.604568963870406e-06,-0.001945330062881112,0.0009021896403282881
17.989063024520874,0.03244067018634601,0.013155636809308126,-0.02721006516367197,-0.00017052697271060087,-0.00014859832926689812,0.04165387102432012,-0.03304962801246292,-0.0344467495227625,0.00573914695235147,0.010104529347035119,0.015453310030059906,0.023700660452656144,-0.0030598588928889142,-0.0011891171761072548,0.010410363576919662,0.009811200201511383,-0.010154038202017546,0.035840436816215515,-0.0002575837424956262,-0.00190974329598248,0.0010097315534949303
18.021063089370728,0.028026722408106032,0.008725851104552294,-0.007908206898719072,-0.00016959092550713044,-0.00014744539213450212,0.041410943244897885,-0.033001444425457785,-0.034059868356758644,0.0057515723173112085,0.009734750178292007,0.01503069883561287,0.02333015274843775,-0.003446276042977199,-0.0014955839593617396,0.010377375987082584,0.009630806744098663,-0.010137063451111317,0.03582911193370819,-0.0004955159965902567,-0.001822660444304347,0.0011170090874657035
18.061063051223755,0.013221563822379993,0.014219689593163647,0.0029805349186062813,-0.0001682092309548816,-0.00014425821666241623,0.04087410917853075,-0.033287072153054216,-0.03293668945818126,0.005761722918300193,0.009145325576889475,0.013629222981166799,0.02322581458877948,-0.0038779841568996037,-0.002532936136806952,0.010236298421958466,0.00941014289855957,-0.010138862766325474,0.03574645519256592,-0.0007560075027868152,-0.0017400668002665043,0.0010740626603364944
18.11706304550171,0.005672873737191851,0.015623659757175194,-0.017651754431426525,-0.00016572035492076338,-0.0001422351467956942,0.04034107876299504,-0.03294161492090244,-0.03230881974500712,0.00575997503370626,0.008018314710205482,0.013033712042023138,0.023760454264096443,-0.004763307418027031,-0.0029142236459508116,0.010338546931245658,0.009035507217049599,-0.010221057571470737,0.03564521670341492,-0.0011216090060770512,-0.0017188440542668104,0.0010491436114534736
18.157063007354736,0.024604218948393524,0.007476847777453579,-0.024381770752370358,-0.00016392429543735156,-0.00014080670025351502,0.03995021876120623,-0.03269782254338857,-0.03187247528283002,0.005768998207165359,0.00716304467171711,0.012529776215748425,0.02373350801770855,-0.0054315203257609595,-0.003242002173233215,0.010319587310994341,0.008648624643683434,-0.01035143993794918,0.03561502695083618,-0.0014789584092795849,-0.0017550738994032145,0.0010000270558521152
18.221063137054443,0.02751457684952879,-0.005550386542412812,-0.03677839133888483,-0.00016390325842851822,-0.00013900686045104476,0.03970679353369829,-0.03316232041363627,-0.03122942136363646,0.005792625280074332,0.0071081192823608435,0.011303435827030585,0.02279523946075881,-0.0054737246274133575,-0.0041419446799370605,0.01011362490410598,0.007792916148900986,-0.010619369335472584,0.03542490303516388,-0.00215019378811121,-0.0021198727190494537,0.0011251901742070913
18.26106309890747,0.03233092460847671,-0.012486459408920637,-0.022798817604780197,-0.0001648524726832352,-0.0001386238131091586,0.039753874446904376,-0.03359807148292877,-0.031060020809067817,0.005821419429662573,0.007426158709843649,0.010541470729849328,0.021535845381003556,-0.005053582278325881,-0.004521224785929268,0.009569064655272212,0.007246579974889755,-0.010846470948308706,0.035189658403396606,-0.0024756425991654396,-0.0022308030165731907,0.0008526929304935038
18.317063093185425,0.033573312952204254,-0.00936418320613205,-0.011541550513356924,-0.0001641298436338738,-0.0001386655894960172,0.039672232805905906,-0.033343725108049525,-0.03110003883911799,0.0058319048448850965,0.006881110184554856,0.010399871396315931,0.02149035079880376,-0.005430187259624717,-0.004571553226247651,0.00942581994828964,0.0065726786851882935,-0.011270083487033844,0.03487515449523926,-0.002915807766839862,-0.002635498531162739,0.0006997971795499325
18.357063055038452,0.04046378699798797,-0.0045289411092189055,-0.03404093440622091,-0.00016097719935847298,-0.00013607513369962173,0.038930450257562,-0.03301293709303567,-0.030313228925985158,0.005855867754739899,0.00552261443501864,0.009229734714211738,0.02060330781206851,-0.006458885681337761,-0.00529991753172195,0.009221652471519173,0.006152577698230743,-0.011641343124210835,0.03465202450752258,-0.003178100334480405,-0.0028781096916645765,0.00065181142417714
18.425063133239746,0.022360668386258355,-0.004877136235799916,-0.05360627640038729,-0.00015984540648523665,-0.0001350692251395852,0.03864515710639175,-0.03292726707680129,-0.030007734271032295,0.005870411580375265,0.004804510396065391,0.008558721327210755,0.020182632116215987,-0.006980330223323355,-0.0056439463128074244,0.009157920697509337,0.00537305511534214,-0.012296309694647789,0.03433708846569061,-0.0037928700912743807,-0.0033541203010827303,0.0005656371358782053
18.465063095092773,0.02412957934894183,-0.011023221718571773,-0.056084626354277134,-0.0001577166609952382,-0.00013370421742709259,0.03817975777126643,-0.03262039341548268,-0.02961137685902239,0.005891314168339956,0.0036483635246295104,0.0078018658550851935,0.01923208594530679,-0.007872238597663445,-0.006111407588599233,0.008964807462492315,0.004848075099289417,-0.012762823607772589,0.034110814332962036,-0.004249008372426033,-0.003603581106290221,0.0005414189072325826
18.5290629863739,0.035484005110890435,-0.007815575350859817,-0.06284153927117586,-0.0001573792672275158,-0.00013337435678647332,0.0380878762346722,-0.03261077296161208,-0.02951114341419215,0.005894472798519085,0.003224556295789966,0.00729693691185281,0.019336888472199422,-0.008108570674941572,-0.006331633640998108,0.008995716181241375,0.0038829380646348,-0.013574883807450533,0.03349767625331879,-0.0049757808446884155,-0.004159450996667147,0.0003223661915399134
18.56906294822693,0.0415911807824831,0.008357601173553404,-0.05847920197993517,-0.00015706621208326057,-0.00013404078435337761,0.038162540348939705,-0.03228277513348473,-0.029725918119315152,0.005887657780512726,0.0027706596543959146,0.007430798925210396,0.019738235517890317,-0.008367060714008777,-0.006138447233828824,0.009172838848371874,0.003217616118490696,-0.014117899350821972,0.032944366335868835,-0.005432408303022385,-0.004415807314217091,0.00020946908625774086
18.625062942504883,0.03878479613560009,0.008654497873954933,-0.04425059352070093,-0.00015754119155499168,-0.0001345195099657999,0.03830282962211921,-0.03228501297767801,-0.029867478395723575,0.005877368758408175,0.002627066277347848,0.00731746974357097,0.02057414633549721,-0.008265803586926248,-0.006142120366156443,0.009237937129480333,0.002376391552388668,-0.014807446859776974,0.03212475776672363,-0.005929319187998772,-0.004828241188079119,-4.917633850709535e-05
18.66506314277649,0.052659128287408756,0.003516382791742884,-0.03392215725034475,-0.00016005048400004684,-0.00013566177495785126,0.03881061685484068,-0.03275958467245174,-0.030188874752234873,0.005852738445453225,0.003750426344627607,0.007241699314260672,0.021984120082261183,-0.007490248336676224,-0.0058899529934934285,0.009610374805057182,0.001859007403254509,-0.015191060490906239,0.0315801203250885,-0.006276114843785763,-0.004867122508585453,-3.27991547237616e-05
18.729063034057617,0.05535520228823206,0.0013886756670348213,-0.03968691546469927,-0.00016235338664981255,-0.00013684289704499764,0.03930351452587229,-0.0331361550941012,-0.03052295892983295,0.005837026253763541,0.0046550456585296015,0.007258558228986618,0.023047342103771677,-0.006806857909429411,-0.005780922459578394,0.009835783165239925,0.001285439357161522,-0.015643315389752388,0.03090129792690277,-0.006735173519700766,-0.00503298407420516,-4.5697004679823294e-05
18.769062995910645,0.05711203323870006,0.009950323956236705,-0.06421615649014711,-0.00016512195081218903,-0.00013880314242993545,0.039994616832623876,-0.03338517429867519,-0.031088136353050893,0.005818538219962713,0.005818482473822579,0.007774928359887738,0.024019665138501053,-0.005856844257176009,-0.005273972986841219,0.009972512094359705,0.001181165687739849,-0.015871834009885788,0.030590370297431946,-0.00661946926265955,-0.005015363451093435,-0.00014516085502691567
18.8250629901886,0.0480976871031863,0.014740607660677335,-0.06567810196429491,-0.00016714858658537152,-0.00013977379013914128,0.040414792454916755,-0.033734012455401544,-0.031370984133998324,0.005824915228902346,0.006653538844159612,0.007800528048520303,0.023919472517615777,-0.005157685740521702,-0.005232951099838642,0.009925849975464248,0.0012881821021437645,-0.016049797646701336,0.03031344711780548,-0.006382949650287628,-0.004981494043022394,-1.9864428395521827e-06
18.865062952041626,0.04835608875550493,0.005384303517869066,-0.07366648409515619,-0.0001710867546161912,-0.00014277209376643276,0.041423384270061876,-0.03399429409561759,-0.03224608153426607,0.005849921099946197,0.00829263845068677,0.008848488789745724,0.022525868720966794,-0.004165915291963704,-0.00445710748283257,0.009650870104115998,0.0015423158183693886,-0.016078426502645016,0.030042245984077454,-0.006074422970414162,-0.004926302935928106,7.152738544391468e-05
18.929063081741333,0.04258043413573667,0.005945662529767843,-0.06945934239774942,-0.00017220770346578447,-0.00014370189610174512,0.041719616671884875,-0.03403979717838092,-0.03251663290229218,0.0058726294437338135,0.00862261710326672,0.009054237480420883,0.02152977623819428,-0.003960473700625387,-0.004359155125980202,0.009345302214459197,0.0022119134664535522,-0.015955806709825993,0.029377833008766174,-0.005508789326995611,-0.0048638805747032166,5.23622366017662e-05
18.96906304359436,0.030552146522648788,-0.004464041358739423,-0.09122083056718111,-0.00017298716274972804,-0.00014527882938768973,0.042077795885982434,-0.03372834120711014,-0.0329620094037169,0.0059203170532142815,0.008528043836558686,0.009658876818805817,0.018970041763775744,-0.00398511474070989,-0.0038248404971354265,0.008862239144963377,0.002740866504609585,-0.01578992512077093,0.02884867787361145,-0.005093091167509556,-0.004660863429307938,4.723680831375532e-05
19.025063037872314,0.039705885574717235,-0.001951659663714661,-0.0888511287048459,-0.00017277784918347727,-0.00014566524722195578,0.04211148435106353,-0.03351781650351103,-0.03306512442026113,0.0059403457994191625,0.008152326497887462,0.009728619076340057,0.0180360047407323,-0.004302047737649271,-0.0035951792384606917,0.00862114538964242,0.0034380899742245674,-0.015493251383304596,0.027921006083488464,-0.004724597558379173,-0.004235315136611462,-0.0001889035920612514
19.065062999725342,0.03916522564271245,0.0069962425619223955,-0.058724106289446354,-0.00017179761065284552,-0.00014633405393272374,0.042085145855769425,-0.03294843923949507,-0.03323435822789574,0.005980984099253995,0.007176761517004512,0.010067683174843084,0.015951838774344303,-0.005063035046038097,-0.003427687530587281,0.008096157774714475,0.003850896842777729,-0.015262330882251263,0.027079835534095764,-0.004448452033102512,-0.003994591999799013,-0.00041934006731025875
19.12906312942505,0.05158487849436214,0.019244261865026747,-0.04504890087991953,-0.00017200196149334856,-0.00014710369046803351,0.04225092959146805,-0.032719206186810734,-0.033433216323814914,0.005991086106232678,0.0068769560608850375,0.010390485050789875,0.015697933400886703,-0.005272863451681355,-0.003251937708586777,0.008133366020791207,0.004342411644756794,-0.014880740083754063,0.02550046145915985,-0.004155626520514488,-0.003782146843150258,-0.0006534215062856674
19.169063091278076,0.05817760403696251,0.010631046839879893,-0.06357278767973185,-0.0001741230189130838,-0.00014870494729746908,0.042828452481816826,-0.03279671083236424,-0.03386503469919349,0.006005072502038396,0.007784437212315552,0.011054920861643443,0.014923818710912482,-0.004573777085515153,-0.002780208587594411,0.007926445457254577,0.004571916535496712,-0.014581358060240746,0.024543017148971558,-0.003961195703595877,-0.0033930016215890646,-0.001019085175357759
19.22506308555603,0.06356677110941948,0.011852640553709383,-0.04837625566869974,-0.00017518069944061194,-0.00015014631835798273,0.04324450599922283,-0.032571455649618844,-0.034232174474097696,0.00600035926591904,0.007852350362925913,0.011741530334369102,0.015451060996977172,-0.0044202953178552416,-0.0023870152120841043,0.008213963119733755,0.005021031014621258,-0.014034963212907314,0.023375049233436584,-0.00361694791354239,-0.002862627152353525,-0.0011551250936463475
19.265063047409058,0.042436273146917086,-0.00253705010686884,-0.025350481271743774,-0.0001774752775030815,-0.00015336476683505297,0.044174525727949235,-0.03202992498938852,-0.03503489416106202,0.005978508695909383,0.008111124271477692,0.013403179176335184,0.016858019750079174,-0.004238343664017225,-0.001193197255449404,0.008314049963454442,0.005423267371952534,-0.013571459334343672,0.02268292009830475,-0.0032857710029929876,-0.0025179157964885235,-0.0013310592621564865
19.329062938690186,0.03153991047213643,0.0017013770731393997,-0.011108767241239548,-0.0001785435447009281,-0.00015435490472785326,0.044517331894394885,-0.031972861864218875,-0.03528219782771204,0.005961722058005304,0.008302245867099543,0.013852645365513838,0.018112427172966804,-0.004173650968608814,-0.0007765850201306808,0.008677931202038637,0.006083061918616295,-0.012675018049776554,0.021733388304710388,-0.003200373612344265,-0.001791939721442759,-0.0014533917419612408
19.36106300354004,0.03490558462082576,0.009396384579709795,-0.0006618564948439598,-0.00017926262792205736,-0.00015404372087865855,0.044565032655145706,-0.032324218333107675,-0.03522670236877001,0.005938480756099226,0.008975254772706715,0.013532562921561764,0.01964217121932002,-0.0037801070235212422,-0.0009065339465420879,0.00897832564929623,0.0064061228185892105,-0.01217928808182478,0.02139049768447876,-0.003058168338611722,-0.0013156902277842164,-0.0014974691439419985
19.425063133239746,0.03239341379525426,0.005146583346577901,-0.014976820908486843,-0.00017923834681622235,-0.0001532418392933384,0.04440446684118139,-0.03264316679210683,-0.03505363097997881,0.005934177166011506,0.0092252784171581,0.012941789233481894,0.020272435156162446,-0.003617600702082138,-0.0013405546797930698,0.009230957394435864,0.0070233531296253204,-0.01126785483211279,0.02085214853286743,-0.002790377475321293,-0.0006550858961418271,-0.0012436112156137824
19.465063095092773,0.02205226562489187,-0.004758013062525219,-0.030335296876728535,-0.0001789404275717028,-0.00015156968243423995,0.04403311898078347,-0.03323111457373374,-0.034693659671611615,0.005924704014946811,0.009760245289898398,0.011721596457049217,0.02100687373457124,-0.003418634747914768,-0.002128355377306865,0.009281519962094338,0.0074043236672878265,-0.010807383339852095,0.020673662424087524,-0.0025527358520776033,-0.0004336759157013148,-0.0012314178748056293
19.5050630569458,0.025492436836209494,-0.00035321089853266344,-0.04106067027896643,-0.00017952762234759324,-0.00015149089244888574,0.04410390910759762,-0.03344401034065704,-0.03469010073333394,0.005911466954114342,0.010171469129057958,0.01151515822502323,0.02189973595099471,-0.0032719366747607725,-0.002127877085685623,0.009366490896739748,0.007781464606523514,-0.010488152503967285,0.020513460040092468,-0.002497452311217785,-0.0002837646461557597,-0.0012340560788288713
19.561063051223755,0.011639581518951475,0.005370160652024488,-0.023416850715875626,-0.0001798502284756203,-0.00015063199233563906,0.04397312618565157,-0.03389986676994886,-0.03452760395712744,0.0059092774328851514,0.010719389192461405,0.010786054479573887,0.022253197912985908,-0.002868972422006232,-0.002400499388437305,0.009406038399106118,0.008234770968556404,-0.010213840287178755,0.020365431904792786,-0.0023490386083722115,-6.090053648222238e-05,-0.001172990771010518
19.61706304550171,0.026411488776632602,0.006988038165504888,-0.03960670065134764,-0.0001792925625325726,-0.00014949972960188397,0.04366581568105562,-0.03419316487137732,-0.0342925533285381,0.005904762335833841,0.010807389062365296,0.00997901129041823,0.022818195455076348,-0.0029049179016856354,-0.0027890896500631156,0.00958623019521061,0.008643964305520058,-0.010034986305981874,0.02044162154197693,-0.002218925394117832,7.453070793417282e-06,-0.0008753770962357521
19.66506314277649,0.04058148172036298,0.0013133694592750186,-0.04279084596782923,-0.0001776327907763217,-0.00014822489805283424,0.0431698313595769,-0.03421578410185206,-0.03401196892722677,0.005901018960514706,0.010286744200913783,0.009077655993782947,0.023207375250466507,-0.003200985092769358,-0.003326055693413449,0.009662856672982728,0.00893416814506054,-0.010006337659433484,0.02056555449962616,-0.0019156673224642873,-1.3992123058415018e-05,-0.000688461062964052
19.721063137054443,0.04388670418096879,0.009561048983896136,-0.031857253052294254,-0.00017700053723710462,-0.00014869874049205665,0.043185690171863675,-0.033824683029325286,-0.034084091092479014,0.005887903601575303,0.009641841562411869,0.009231058002260487,0.024208805870477176,-0.0038628540572999592,-0.0032385391121051072,0.009977913730742197,0.009180491790175438,-0.010118676349520683,0.02061617374420166,-0.0019131454173475504,-0.00034549468546174467,-0.00045286741806194186
19.76106309890747,0.03596439015962722,0.01631902443077275,-0.02726067043840885,-0.00017645223343220118,-0.00014895028903063443,0.043171420981089774,-0.03354583798935634,-0.03411276887475081,0.005866496518195763,0.008992356923103269,0.009293038486761279,0.02583040608895451,-0.0042860334809198585,-0.0032151696063325197,0.010285657403728134,0.009300516918301582,-0.010238591115921736,0.02063089609146118,-0.0017574584344401956,-0.0005293890717439353,-0.0003043022588826716
19.82106304168701,0.039169175462291136,0.02131040756496394,-0.022262592799961567,-0.00017342064798406018,-0.00014628049787511816,0.042176510745429836,-0.033761267783394056,-0.03357596429074449,0.00584502672282576,0.008199386221105418,0.007748352386222063,0.027320815086876633,-0.004982919658510379,-0.004157436309108425,0.010564900041716093,0.009386146441102028,-0.010317638982087374,0.02073061466217041,-0.002020482439547777,-0.0005963213043287396,-9.193698497256264e-05
19.86106300354004,0.0428351455179458,0.00999478570553256,-0.006632868200540543,-0.0001721895112897721,-0.00014504651626361543,0.0417316188347541,-0.03392372688634767,-0.03333823481349594,0.005848039873441288,0.007861675851799138,0.006848263421269328,0.027560648043334243,-0.005268018474460801,-0.004758638804152641,0.010606047936591778,0.009329238906502724,-0.010370852891355753,0.02095857262611389,-0.0021572315599769354,-0.000802137132268399,0.00018229323904961348
19.925063133239746,0.03654214515636628,0.019518767365191172,0.0013349587097764015,-0.00017017363490154293,-0.00014259446444553353,0.040916165894444335,-0.03437283147948559,-0.032881048875758344,0.005840646994031696,0.007712327792158497,0.0052472390904408734,0.02831837624645392,-0.005361953619119914,-0.005732404867987027,0.01066992450005448,0.009152708575129509,-0.010616661980748177,0.021468088030815125,-0.0025298772379755974,-0.001053169253282249,0.00043921341421082616
19.965063095092773,0.026825609502170885,0.011893072854558403,-0.007860228884965181,-0.00017079489775094625,-0.0001423707010607892,0.04097293907009894,-0.034635822274338486,-0.032849166520576144,0.005840194325971385,0.008115767041047182,0.004804358976410525,0.02877393736566669,-0.004967945761246996,-0.005754993730146303,0.010766015104043288,0.009006423875689507,-0.010850854218006134,0.021782606840133667,-0.0027591704856604338,-0.00112735026050359,0.0006739923846907914
20.021063089370728,0.018851073703298547,0.0030103224825361883,0.02395263221114874,-0.00017318640811347897,-0.0001426743264726233,0.041441215839623874,-0.03514612055515574,-0.032920794704160476,0.005828801970582609,0.009613631727496639,0.004611873729822507,0.029802662546197064,-0.004003207141958238,-0.005598931789150655,0.01086679849632322,0.00885915756225586,-0.01127134682610631,0.02224525809288025,-0.0029942195396870375,-0.00156814930960536,0.0009844908490777016
20.061063051223755,0.01504343843560015,0.007415097515429414,0.03096811007708311,-0.00017430924998367128,-0.00014333525630478398,0.04176766152773875,-0.03516584481199776,-0.033042208808193446,0.005823292261633396,0.009888829295672877,0.004740068889329963,0.030640778080348197,-0.0037493032965371003,-0.005362378700892473,0.01088122860706984,0.008835632354021072,-0.011574634816497564,0.022578060626983643,-0.003051538486033678,-0.001791277900338173,0.0010708060581237078
20.11706304550171,0.035933021449257946,0.0008949172705390158,0.042320373468101025,-0.00017555274324208186,-0.00014563886326840177,0.04243249346327618,-0.03454460552577708,-0.033451394892318714,0.005820033924454613,0.009278572573587987,0.005928647406687195,0.03146788555514194,-0.003938695536755702,-0.004320670235386066,0.010942694876940821,0.00886790081858635,-0.011933002155274153,0.023103535175323486,-0.0030666892416775227,-0.002046867972239852,0.001266123610548675
20.157063007354736,0.03746595102466905,-0.0042053943462802565,0.04868160840123892,-0.0001766045551491798,-0.00014741251899798798,0.04295696638099117,-0.03409231515385016,-0.03376440066335976,0.005825405772036488,0.008821896815395231,0.006794438594472957,0.03180521026364104,-0.004203828964811905,-0.0035184511829137424,0.010894141706857525,0.00886116735637188,-0.012088334653526545,0.023609116673469543,-0.0029618735425174236,-0.002226575743407011,0.001388013013638556
20.221063137054443,0.023268492513676787,-0.0025003273235829726,0.048227409832179546,-0.00017864648756051548,-0.00015025180795583308,0.0438810677539375,-0.03343603165722514,-0.03424845416925727,0.005808333513326836,0.008467832475793875,0.008381902275520148,0.033447486803559,-0.0044638598300352165,-0.0024487141878465173,0.011033005375351844,0.008702011778950691,-0.012101290747523308,0.024466395378112793,-0.0031577241607010365,-0.0023110159672796726,0.0016013497952371836
20.26106309890747,0.026686221536151033,-0.020534236633536814,0.045137240551412106,-0.00017900689106603232,-0.00015137697460638303,0.0441729009163006,-0.0330580364963073,-0.03443055393658959,0.005795112017729724,0.007835580947319643,0.008890190455617437,0.03485333134441459,-0.00485633309336774,-0.002027164762886608,0.011393597179801256,0.00858287513256073,-0.011978126130998135,0.02507200837135315,-0.0032094172202050686,-0.002259965520352125,0.001886715879663825
20.317063093185425,0.03100906957236628,-0.010909773747021363,0.04617814999073744,-0.00017904891984353723,-0.00015333436966166953,0.04457209674588606,-0.032260333019219295,-0.034741170573541175,0.005779300645721899,0.006402363406416502,0.009885475436200771,0.03657037709637519,-0.00570072544798359,-0.0011636971738015075,0.011690285638237683,0.008279869332909584,-0.011658689007163048,0.026313617825508118,-0.0035055717453360558,-0.001890999497845769,0.0023394811432808638
20.357063055038452,0.04044060293613867,-0.00688220731011571,0.05055851023644209,-0.0001787233989453021,-0.00015430526701212566,0.04470628470750154,-0.03178250398193396,-0.03489352117653921,0.005773403021606035,0.00529228349384502,0.010402226351850433,0.03763550430836796,-0.006425804488624608,-0.000783192672037658,0.0116941415253902,0.007977085188031197,-0.011421978939324617,0.02728217840194702,-0.0037998456973582506,-0.0015773605555295944,0.0025953822769224644
20.39706301689148,0.02830821901264693,-0.012831558949097653,0.03985845576971769,-0.00017651335446714354,-0.0001556297562399237,0.04456889794179937,-0.030703673012351843,-0.03508968433138597,0.005767565995294874,0.0024952764709079613,0.011062547230453154,0.03871391761876755,-0.008057141964642722,-0.00035312553809492916,0.011735735489266244,0.007578881457448006,-0.011164984200149775,0.02821674942970276,-0.004093656316399574,-0.0014325014781206846,0.0027513604145497084
20.461063146591187,0.01767499848089859,-0.007152815535905694,0.017292234115302563,-0.00017659751735356756,-0.00015722278254184712,0.044906093688099905,-0.030068292209775,-0.03532463314388918,0.005766155945361956,0.0010749126143789279,0.011989579150117355,0.03944793035753149,-0.008798867934265925,0.0003249220831933157,0.011831310593811893,0.0066800788044929504,-0.010696390178054571,0.029710665345191956,-0.004863734357059002,-0.0008301375200971961,0.0032652730587869883
20.501063108444214,0.008763377357639527,-0.0004761180198200011,0.048439099453389645,-0.00017745697715566196,-0.0001615956773013768,0.04594870415268423,-0.028477654867817278,-0.035958504195678344,0.005771842366173568,-0.0016429892256396505,0.014648784717014108,0.039862442951051215,-0.010099360220389828,0.002188102637398332,0.01172498029203677,0.005895320326089859,-0.010382113978266716,0.030697330832481384,-0.005421570967882872,-0.00035492185270413756,0.0033819829113781452
20.557063102722168,0.0026099240864138223,-0.005274127124720955,0.04326979350298643,-0.00017874345580941008,-0.00016424876275887492,0.04672446434788425,-0.027695980301772224,-0.036337097309306204,0.0057769610232634855,-0.0029909236409878023,0.016361116299552118,0.04026558840652048,-0.010611754566413127,0.00335748150722392,0.011692226185982984,0.004564366303384304,-0.009756648214533925,0.03199474513530731,-0.0064883665181696415,0.00041408714605495334,0.003680064342916012
20.597063064575195,0.0032515911950857274,-0.00047120080818936235,0.04821526911109686,-0.00017963265883004075,-0.00016851227375800926,0.04777229258514917,-0.026154021664688547,-0.036918111649091624,0.005794381460825587,-0.005735639603917807,0.019056171369567238,0.04002243852577294,-0.01198847170172706,0.005142756541797478,0.011391859777227871,0.0034477394074201584,-0.009122030343860388,0.032928407192230225,-0.00730890640988946,0.0010237987153232098,0.00393223250284791
20.661062955856323,0.007839385490670833,0.0054730860788032,0.04546321835368872,-0.00017904112028937222,-0.00016921528646413132,0.04782113656223388,-0.02571717055238738,-0.037005323630586666,0.005792079444822996,-0.0072419648105420875,0.01970065683332212,0.04079318841262717,-0.012816465756095435,0.005629905400428045,0.011515861826749274,0.0014382516965270042,-0.00776980712544173,0.0343971848487854,-0.008795855566859245,0.002211787039414048,0.00416160561144352
20.70106315612793,0.006239071356750107,0.004140317643409574,0.04734342824667692,-0.0001786133869791694,-0.00017122484954677008,0.0481947707215463,-0.024770111151610628,-0.03725068509691147,0.00578523253754927,-0.009563747909453897,0.021134024266351144,0.04196764803315874,-0.01390229008327383,0.006753942766744688,0.01164178782864533,-2.7191825211048126e-05,-0.006784796714782715,0.03524118661880493,-0.010076014325022697,0.0032270317897200584,0.004312888253480196
20.757063150405884,0.0030356976637332888,0.005104495448424238,0.03579373564571142,-0.00017905572406737817,-0.00017273397944621483,0.04860976808663429,-0.024246517607481824,-0.037435799125354524,0.005785414125574362,-0.010879196480119084,0.02234155363865374,0.042573203569004466,-0.01436013110257636,0.007658004593917416,0.011635163188409877,-0.0022176234051585197,-0.0054074861109256744,0.036449506878852844,-0.011560089886188507,0.004528721794486046,0.004571930970996618
20.79706311225891,0.0055344207150364606,0.0015291618199016926,0.02374106179922819,-0.00017705410252504043,-0.00017276148306615856,0.04826498253776701,-0.023756192418908983,-0.03743604471111261,0.005801452095078757,-0.013162750049727525,0.022651236081418752,0.042167285177953685,-0.015499409178597396,0.007776585522677365,0.011423831211056721,-0.0038587194867432117,-0.004361592698842287,0.03734283149242401,-0.012601510621607304,0.0053461468778550625,0.004689391702413559
20.86106300354004,0.008288827575034113,-0.0044634129016377045,0.014107589609920979,-0.00017627655778348566,-0.00017251334394229563,0.048073690152902575,-0.023673097261746996,-0.037406295625433635,0.005805020312631013,-0.014236361642198254,0.02276836249192512,0.04239056947414415,-0.016007561767753854,0.007780616358353578,0.011420988798012257,-0.006548603996634483,-0.0026864493265748024,0.038617610931396484,-0.014387063682079315,0.00665275938808918,0.004911129362881184
20.901062965393066,0.013278564987683854,-0.010954055422649104,0.0030900565907359123,-0.00017323635701901264,-0.00016954722274115493,0.04685041024467864,-0.024191473772721236,-0.03708432585575274,0.005810947532917211,-0.015267511521735966,0.021208633637485496,0.042333349624510117,-0.016412408183904225,0.006753961055344853,0.011357915562960917,-0.008279351284727454,-0.001736086793243885,0.0392778217792511,-0.01546951662749052,0.007442041765898466,0.005056376103311777
20.961063146591187,0.0074493993296700705,-0.003125594960491932,0.0028255898505449295,-0.00017124362970860792,-0.00016750520264148142,0.04601725886164384,-0.024577898622644926,-0.03687272527711581,0.005820436901782309,-0.01620116837712983,0.020258817952456005,0.042122908722951984,-0.016725483298549688,0.005920791479589769,0.01120434253501835,-0.01064644375583157,-0.0006396612152457237,0.04008273780345917,-0.0167861208319664,0.008186501450836658,0.005124832969158888
21.0050630569458,0.016056745023176108,-0.0011657599522448853,-0.011622555030044168,-0.0001696394331012545,-0.00016579512825407768,0.045323200451945,-0.02492493993449258,-0.03670208796323913,0.005835181382709733,-0.017031911883600474,0.019450656469095363,0.04153064572676436,-0.01704095489563911,0.005280944279523424,0.01105230546907856,-0.012318436754867435,-9.901076555252075e-05,0.04058241844177246,-0.017690593376755714,0.008488163352012634,0.0051887924782931805
21.045063018798828,0.017994005287880605,-0.00483126763095964,0.002608451060950756,-0.00016807196819205533,-0.00016462469757279026,0.04476475416712542,-0.02505593752896281,-0.03658770527170233,0.005853177703894318,-0.01816110697917451,0.01885230413891687,0.0407439786107481,-0.017392828675236966,0.004883896583544407,0.01086568108633128,-0.013860386330634356,0.00020863208919763565,0.04099199175834656,-0.018424907699227333,0.008663676679134369,0.005330921150743961
21.109063148498535,0.014730783164810817,-0.007663975291295161,-0.015024224761873484,-0.00016841462516772114,-0.00016444706076931153,0.044770242744284754,-0.025225095645361666,-0.03657845819953511,0.005858476048275957,-0.01847326544624581,0.01888147586575507,0.040755736340412275,-0.01739415741838219,0.004833496226027871,0.010746202538409763,-0.016186061315238476,0.0004266919568181038,0.04145234823226929,-0.019620243459939957,0.00856737606227398,0.005185131449252367
21.149063110351562,0.018457691475401307,-0.015905247794804775,-0.011925307218916714,-0.00016920933882514207,-0.0001645966860356105,0.04492923296400264,-0.025368835139097386,-0.03660372638306619,0.0058654228904873665,-0.018554805750102776,0.019005651584431054,0.04056804597856349,-0.01723855246289201,0.005032337364789919,0.010629206398580464,-0.01757156290113926,0.0004913299344480038,0.04163719713687897,-0.02019866183400154,0.008441484533250332,0.005079467780888081
21.205063104629517,0.007920653470514221,-0.013306934705257687,-0.01973364781588316,-0.00016915487274383545,-0.0001645455272641543,0.04490611455526024,-0.025380674945384075,-0.036599481095381206,0.00586668879658244,-0.019233983852828936,0.019087843870525548,0.04080686366080346,-0.017429778688340662,0.00504360713776251,0.010662085665002902,-0.01921723410487175,0.0005360306240618229,0.04184362292289734,-0.02084210515022278,0.008347074501216412,0.005024528130888939
21.245063066482544,-0.007154731473592313,-0.00023085612320998812,-0.05143358279019594,-0.00016874013297721015,-0.00016345092713356622,0.04455548426008251,-0.025760235610686032,-0.03651392134476152,0.0058652524290082044,-0.019576882109884067,0.018523406934171885,0.040971320522200455,-0.017350958737495367,0.004752203175762708,0.010715338912571384,-0.020270363427698612,0.000513062346726656,0.04187189042568207,-0.0212290957570076,0.00827599223703146,0.00500669376924634
21.309062957763672,-0.0036567726691514,-0.001720764284445024,-0.032925727777183056,-0.0001693137861587989,-0.00016337111910499447,0.044627344888882564,-0.025936485922532847,-0.03651492294841559,0.005865305560734092,-0.01973612974581192,0.018623075103562065,0.04122734687352969,-0.017147762694776504,0.004864087031700638,0.01062023064481055,-0.02187169250100851,0.0003451323136687279,0.04184085130691528,-0.021782148629426956,0.008128002285957336,0.00480261305347085
21.34906315803528,-0.013560768811486828,0.0011336388915231207,0.0006864955648779869,-0.00017029194437336007,-0.00016325026382010713,0.04473111250728936,-0.02625347845566903,-0.03653061483282239,0.005895148190748942,-0.019617059921745998,0.018661078735728857,0.039505356300267865,-0.016683766657299606,0.004813846658074933,0.01030930523251757,-0.022778868675231934,0.00023245718330144882,0.041827112436294556,-0.02188844420015812,0.007985479198396206,0.00483515253290534
21.405063152313232,-0.015882650271869997,-0.005970072235775397,-0.007831457071006298,-0.00017141869436054403,-0.00016418903253570728,0.04514518949222235,-0.026129485284682806,-0.03661396048901698,0.005915266684094529,-0.020138041650116262,0.019383236197527635,0.03856493388358712,-0.016558559583776753,0.005289912034971047,0.010136212860538864,-0.023898489773273468,5.331495776772499e-05,0.041740044951438904,-0.021822215989232063,0.007839389145374298,0.0048417276702821255
21.44506311416626,-0.022076511930072797,-0.00511602724608116,-0.0026010647416114807,-0.000173257006378699,-0.00016513385194299383,0.04566135190723079,-0.02619015753852907,-0.03671374107286551,0.005955550239704112,-0.02000249888769683,0.020037516245485963,0.036110830883787574,-0.0162233523871786,0.005816675648950476,0.009584394230002327,-0.024693715386092663,3.734137862920761e-06,0.04164479672908783,-0.021932268515229225,0.007717988453805447,0.004664251580834389
21.485063076019287,-0.01955833539852777,-0.009212126479745057,-0.02370290458202362,-0.00017460508856453143,-0.0001657764134758707,0.04603256658591052,-0.02624988431458205,-0.03678024970761047,0.005978016024553306,-0.02008974499305216,0.020629118315243986,0.03490217482321896,-0.01591769938136645,0.0062618940688427115,0.009293503659561813,-0.02546740509569645,-7.616821676492691e-06,0.04152151942253113,-0.021909115836024284,0.007728475611656904,0.00453062541782856
21.525063037872314,0.0030745989664629036,-0.024223889910212557,0.007467190735042095,-0.00017600205574731445,-0.00016689426721602565,0.04652068902415386,-0.026132972690690936,-0.036881950442942894,0.006023619926616097,-0.020370238929508313,0.021321117821616244,0.03216091253547738,-0.015790978907905404,0.0069250387945841655,0.008678551315546073,-0.026216253638267517,3.263447433710098e-05,0.04131112992763519,-0.021935656666755676,0.007670935709029436,0.0043348572216928005
21.589062929153442,-0.0026432291631226495,-0.022188037403216655,-0.009741571731865406,-0.0001768332227672566,-0.00016774556958666374,0.04686698383946896,-0.025974964185092094,-0.036947866822626116,0.006045701509537317,-0.020930211704693464,0.02200310112790716,0.030968500419551973,-0.015948818449357333,0.0073884105323991705,0.008248743589018599,-0.027322756126523018,0.00014950428158044815,0.0407327264547348,-0.021860048174858093,0.007847030647099018,0.0038049162831157446
21.62906312942505,0.0015741173180149981,-0.020071598448315395,-0.010257506044581532,-0.00017777234355636302,-0.0001684956072821523,0.04720557794438812,-0.025886029334166488,-0.037007246277626575,0.0060665402545008445,-0.02143694219422918,0.02271607274532758,0.029890735955429393,-0.0159854096818182,0.00787660825850134,0.007982222592272447,-0.0279689971357584,0.00021250080317258835,0.04019598662853241,-0.021822601556777954,0.007787870708853006,0.0034265867434442043
21.685063123703003,0.0034697471208575393,-0.03159888189847602,-0.009676818270236254,-0.00017731434270624164,-0.00016828055086976415,0.04702907982261939,-0.02592344592603809,-0.03701562734434888,0.006117112599094222,-0.022264594128194766,0.02256572074977222,0.026598678794717383,-0.01623626125179381,0.007862894379791685,0.007140399323649918,-0.028829745948314667,0.0003519938327372074,0.03935548663139343,-0.021774467080831528,0.008091133087873459,0.0028201874811202288
21.72506308555603,0.0036038366001659365,-0.02873266168816066,0.0014886604622006416,-0.0001771695088106054,-0.00016748635075719787,0.046761306427763834,-0.02627153052350322,-0.03699392938785174,0.0061403649053152105,-0.022508284229673617,0.02228405909480784,0.025252096707361386,-0.016159225837612718,0.007626344810731777,0.006942248234565049,-0.029451802372932434,0.0004009269177913666,0.03857165575027466,-0.021647755056619644,0.008183522149920464,0.0025045692455023527
21.789062976837158,0.0070884027934409646,-0.020088277591750806,-0.021268149837851524,-0.00017633020747282778,-0.00016515451258937265,0.045930380787123096,-0.02716634230098097,-0.036916932543816346,0.006178926994532024,-0.021976764714325244,0.020842597731261583,0.022574956334521327,-0.015807952401366624,0.0064886380784596204,0.006462565466598812,-0.030312879011034966,0.00025460822507739067,0.03721001744270325,-0.02143443562090397,0.008045624941587448,0.001898673246614635
21.829062938690186,0.0034500673304518202,-0.02277737698196169,-0.004793390166014433,-0.0001759679395466566,-0.00016422859253517673,0.04559128180513665,-0.027519160764965172,-0.03689118331764821,0.0061957670585357704,-0.022219774326685236,0.020405035671927585,0.02159248506959744,-0.015609681269492888,0.006173589422854236,0.006295637860559037,-0.030725382268428802,-1.533469185233116e-05,0.03629620373249054,-0.021273154765367508,0.007964329794049263,0.0015539572341367602
21.88506293296814,0.0031969252677852326,-0.02593419263483482,0.002921300008893013,-0.00017452715465858296,-0.0001628088455333874,0.04493520998686678,-0.027846614031446337,-0.03683251915217322,0.006224536586361585,-0.022987078479815282,0.01943670136303257,0.019763933944445245,-0.01578808048557873,0.005554373887057012,0.005860296761484237,-0.03118235431611538,-0.0005432749167084694,0.03494906425476074,-0.020870259031653404,0.007780241314321756,0.0008753053843975067
21.925063133239746,0.011504689345780625,-0.017832633648106753,0.001994703896343708,-0.00017428601949959742,-0.00016251471753643,0.04480160163683458,-0.027936705352242765,-0.03682648547308175,0.006236439615441744,-0.023606661275169888,0.019368863054888778,0.01915229569443215,-0.01601939203241175,0.005362785513585827,0.0056191761302439155,-0.031491946429014206,-0.0010066824033856392,0.03400556743144989,-0.020710881799459457,0.007328717038035393,0.00044617243111133575
21.989063024520874,0.0019755929631474056,-0.0006746958179714048,0.0014394596219062805,-0.00017428562456491838,-0.0001629962313151596,0.04491572184226055,-0.02774834922807069,-0.03685318461350679,0.006266088944663203,-0.024552356863467344,0.019720034811732484,0.017274424376683577,-0.016340323684638995,0.00547352285731681,0.005404726380095943,-0.032010091468691826,-0.0018022111617028713,0.0325680673122406,-0.020286431536078453,0.006759103387594223,-8.876743231667206e-05
22.0290629863739,0.004908016105259363,0.0017074387129554602,0.03772605489939451,-0.00017635879653111854,-0.00016487183942386188,0.04576683882218949,-0.027407113461750506,-0.03695005288822567,0.006283579992196079,-0.02483592456453184,0.021157990368168816,0.01647473723141244,-0.016217590592598016,0.006386408741853735,0.005319897528631887,-0.032334621995687485,-0.0022473542485386133,0.03169435262680054,-0.02012297324836254,0.006472404580563307,-0.0003948427038267255
22.085062980651855,0.003626577942757172,0.012818743586334412,0.01739321555942297,-0.0001768404164856251,-0.00016520208432189998,0.045928139206428686,-0.027382783716003296,-0.03697398913907199,0.006294498232442931,-0.02534457232525465,0.021666098448653102,0.0159668757358305,-0.016344055742015542,0.006651052659508686,0.005280083141536216,-0.03282115049660206,-0.0026480641681700945,0.03058658540248871,-0.01994152180850506,0.006146246567368507,-0.0007789969095028937
22.125062942504883,0.004176604993888117,0.008976714132584444,0.03243695106357336,-0.00017663042061989554,-0.0001653083871411392,0.04591621195815896,-0.02729854235833985,-0.036977788657229255,0.00630609947366183,-0.026293689977803143,0.021960390159542695,0.015469292527179938,-0.01667975904775743,0.006785158208677011,0.00524074904558581,-0.03313358500599861,-0.00278015760704875,0.02991725504398346,-0.019882943481206894,0.006177777424454689,-0.0010263844160363078
22.18906307220459,0.010305715070893989,0.022626439353397473,0.03662041109055281,-0.00017592575144318408,-0.0001648840094399153,0.04568055691275806,-0.027329309063418822,-0.03695666820923723,0.006307660500528051,-0.027272206737613304,0.021961127367864815,0.015655978717790245,-0.016832095263483286,0.006540890062858822,0.005314801007205119,-0.03367619030177593,-0.002835489111021161,0.02897968888282776,-0.019599206745624542,0.006268592085689306,-0.0012604239163920283
22.229063034057617,0.019496443104807405,0.019469872802431905,0.038284423761069775,-0.00017515843109645415,-0.00016375098894169668,0.04523285464754349,-0.027664555725007894,-0.03692301889972654,0.0062982672768183996,-0.027594445286952436,0.02148398874701093,0.016618541155436303,-0.016693237004881328,0.005968908884761762,0.005436380800660878,-0.03404354490339756,-0.002815519692376256,0.02853122353553772,-0.019398225471377373,0.0063139148987829685,-0.0015644293744117022
22.269062995910645,0.020006715946778674,0.024716377466807923,0.037744476459920406,-0.0001745749820684912,-0.0001622828932682516,0.04471133341903133,-0.028198301874251635,-0.036894638971785264,0.006289143421894652,-0.027450616516038837,0.0207704415405394,0.01746304313909496,-0.016404337203619175,0.00540716735946043,0.005762128058202803,-0.034401269629597664,-0.002766959136351943,0.028185993432998657,-0.019337832927703857,0.006418462842702866,-0.0015018278500065207
22.3250629901886,0.02352525836784224,0.02210359041596515,0.043969000689685345,-0.00017338512290119638,-0.0001595798031520025,0.04372729215609597,-0.02916253492959031,-0.03684662195666686,0.006279269548234813,-0.02672672578615284,0.019219248493191732,0.018397118650416062,-0.015830353510546555,0.0042008207478056656,0.005810841833575911,-0.0347730852663517,-0.002722793724387884,0.027958571910858154,-0.019208597019314766,0.006404033396393061,-0.001608247053809464
22.365062952041626,0.018784126913512143,0.020367721192091372,0.0589711545035243,-0.00017281501334182799,-0.00015832019332165641,0.043266535969491475,-0.02960936589075835,-0.03682596982596989,0.006274618816932832,-0.026758310929012447,0.018541652566193004,0.019016215431197043,-0.0156490976396598,0.003577603210431394,0.005853539841275297,-0.03488138131797314,-0.0027533560059964657,0.02797028422355652,-0.018956860527396202,0.006236103363335133,-0.0017216020496562123
22.429063081741333,0.01245825641506997,0.007363164149496163,0.02159967180341482,-0.0001720449346168873,-0.00015574378698393165,0.04239276073173533,-0.03061204107253747,-0.03679522855643608,0.00626308443522485,-0.02569009000677247,0.016894042715813937,0.020007226611071054,-0.014887037660570961,0.0023753593591408387,0.0060154078092820905,-0.03484429232776165,-0.0029314125422388315,0.02823406457901001,-0.01841096021234989,0.005828517023473978,-0.00159282679669559
22.485063076019287,0.018908173172079837,0.0070509680301043135,0.02176979836076498,-0.00017111689132193907,-0.00015394936587456492,0.04172147415449381,-0.03122502021432844,-0.03676618755256655,0.006257811230410977,-0.025493608179909533,0.01566941956242816,0.02055796292174518,-0.014517400348078987,0.0014783438882191892,0.005961144486213528,-0.034665439277887344,-0.0031979454215615988,0.02864280343055725,-0.017826447263360023,0.005447710864245892,-0.0015793535858392715
22.525063037872314,0.010371644879381529,-0.003913616540017653,0.013415812514722347,-0.0001697038871671463,-0.00015141399827841925,0.04076180886916271,-0.032071350245911165,-0.03672174635786991,0.006250729027321505,-0.02491210470848088,0.013737239829841985,0.021142982305452845,-0.013979386544031637,0.00012703071204033304,0.005864661110127509,-0.03440491668879986,-0.00353898573666811,0.02900741994380951,-0.01725745014846325,0.0050318376161158085,-0.001578795607201755
22.565062999725342,0.022679273492699513,-0.007299787582150703,0.014361192472279072,-0.00016885011018783885,-0.00015078308168437954,0.04043229191066742,-0.03218409147103594,-0.03670587875098086,0.006248843150678421,-0.025642033490714543,0.013117920115160105,0.021526472834540573,-0.014235298389202268,-9.757018815724809e-05,0.005954982425205187,-0.034065140411257744,-0.0039989284705370665,0.029386863112449646,-0.016800276935100555,0.004568698350340128,-0.0014289079699665308
22.62906312942505,0.011984237046911112,-0.018858432902448322,-0.009467038325965405,-0.00016966716226527205,-0.00015003448810289784,0.040379888592270534,-0.032684705578571026,-0.036707250144279654,0.0062641161591896624,-0.02450206512171424,0.012525195366503986,0.020482949582069365,-0.013403808118027025,-0.00030340733349176817,0.00571234948892374,-0.03352206200361252,-0.0049369300249964,0.03004060685634613,-0.01608303003013134,0.003710490418598056,-0.0012239260831847787
22.669063091278076,0.02396267065255765,-0.02035437137068117,0.006493735127151012,-0.00016993512750954862,-0.00015002654581519595,0.04042329831548732,-0.032748037754552664,-0.036713461137935686,0.006273637863386412,-0.02476150050754544,0.012431590935609518,0.02002174427805744,-0.013415948511336998,-0.0004077860107565898,0.00540999617378183,-0.03318173810839653,-0.0055793936480768025,0.030396252870559692,-0.015600867569446564,0.002948446897789836,-0.0012462910963222384
22.72506308555603,0.03629051371404348,-0.014669811818107345,0.033400111831724644,-0.0001699855018462883,-0.00014963850291344248,0.04034768098543798,-0.03291790834009941,-0.036695861741942774,0.0062668075756065235,-0.02459766520961469,0.01207269029746353,0.020795768034258904,-0.011723264576912355,0.005730928021193212,0.0049986885298503,-0.03260384500026703,-0.006481383083155379,0.030751630663871765,-0.017473142594099045,0.004823886323720217,-0.0011759238550439477
22.765063047409058,0.02706159725441662,-0.017476515760325165,0.03648351226001978,-0.00017045708747528824,-0.00014988684391443118,0.040531384501029104,-0.0328696184086735,-0.03667247373412562,0.006259539192629951,-0.024761065677655493,0.012672534574772312,0.021488667498542783,-0.009099386107384992,0.011257035385622836,-0.0010096365839409014,-0.03232526034116745,-0.0068860179744660854,0.030911684036254883,-0.021072985604405403,0.01093277707695961,-0.005047737155109644
22.829062938690186,0.02301245509535127,-0.012421435887806604,0.03568543400615454,-0.00017179994133710667,-0.00015010150054980324,0.04100621539978881,-0.03288856630847988,-0.03648539421783673,0.006256421848839991,-0.02417440348436957,0.013195686052396247,0.02139868380023503,-0.0079678220200971,0.010462816598302418,-0.01774722070764096,-0.031932419165968895,-0.0072063099360093474,0.030765637755393982,-0.019245412200689316,0.011355563998222351,-0.022262390702962875
22.869063138961792,0.030431925613069653,-0.012132455465953599,0.011377410031855106,-0.00017498083249506855,-0.00015082946550779095,0.04212982007867147,-0.03287590412264222,-0.03615045582110642,0.0062355212054928475,-0.02221145922354183,0.014178433633310462,0.02114054064504377,-0.0046917770036839414,0.008499876610497876,-0.05609853694967822,-0.03155164420604706,-0.0072878176579251885,0.029805272817611694,-0.016625752672553062,0.011232251301407814,-0.049007244408130646
22.925063133239746,0.01518370547516276,-0.0034302960536695317,-0.0033469190821051598,-0.00017522887506801307,-0.0001505206107446266,0.04219628746346108,-0.032986072352786514,-0.03602733930264421,0.006223138291473043,-0.021775237636275653,0.014015203886538501,0.018115167709177562,-0.0019423453862792528,0.0042982993363520775,-0.10859847200470407,-0.030531924217939377,-0.0072453952161595225,0.026177987456321716,-0.010741466656327248,0.010993460193276405,-0.10564471781253815
22.965063095092773,0.023373048516600995,-0.004648648561522078,-0.00565385352820158,-0.0001744875824474335,-0.0001497316525730317,0.041989950052783234,-0.03310435619920552,-0.03576528308741317,0.006203980784426278,-0.021747842253574037,0.01253044076950078,0.012033427528692488,0.0012559170555427822,-0.002174985259161889,-0.18144088972529185,-0.02953311800956726,-0.007223134394735098,0.021237477660179138,-0.005412756465375423,0.010454644449055195,-0.15864944458007812
23.021063089370728,0.01691854190658027,0.007490081631421517,0.003472716547548771,-0.00017447428227758768,-0.00014970220110859024,0.042051615355301115,-0.033049035747103384,-0.03565355329338717,0.00619338351836372,-0.021528684864751003,0.01199202555703453,0.002239066559592553,0.004394960858798802,-0.008340586934407533,-0.2611746910443678,-0.027824213728308678,-0.0073523413157090545,0.010038971900939941,0.00282021495513618,0.00925914105027914,-0.2476344108581543
23.061063051223755,0.011896725028202874,0.006927480471360088,-0.003350655548274517,-0.00017472103764969616,-0.00014988646427212176,0.04232303645638124,-0.032841802237613044,-0.0353469702214297,0.0061975023926250285,-0.021803506928213895,0.010972594424007097,-0.011256841608982082,0.0067688966322849275,-0.014634660268656917,-0.3430536551951721,-0.02637067809700966,-0.00756448192987591,-0.001557379961013794,0.008860842324793339,0.007860304787755013,-0.31973734498023987
23.125062942504883,0.012865586421253822,0.007123630276219752,-0.05236063804477453,-0.0001749738000994403,-0.00014960965013700492,0.042325763756091185,-0.033024122392065806,-0.03517217579639824,0.006203460134968782,-0.020987448741691193,0.009013226581103614,-0.03236666638478339,0.00982057428763848,-0.02258207502544017,-0.44921254157083945,-0.0237345015630126,-0.008068319177255034,-0.027146518230438232,0.018291817978024483,0.0049902284517884254,-0.4478597342967987
23.16506314277649,0.012628330624871191,0.009584935155725926,-0.06336599122732878,-0.00017495658911180877,-0.0001493458301520657,0.04215330558664917,-0.03326156295984859,-0.03521143318367909,0.006212008679941176,-0.02001136995288022,0.0072656034169167084,-0.05718449235798722,0.012272003011844692,-0.029462282827310164,-0.5543898368461245,-0.02196874562650919,-0.008572075748816133,-0.047940343618392944,0.02359950914978981,0.0027023483999073505,-0.5348098278045654
23.221063137054443,0.024797710602400522,0.0010944477784438557,-0.09490075055509806,-0.00017274662271825014,-0.00014806614434346844,0.04045496605970349,-0.034451676185846825,-0.03629633945560637,0.0062270461522731,-0.017344847947673457,0.00500582129483044,-0.09068047141504301,0.016367157086281565,-0.036097074410615965,-0.6739139930234702,-0.0191876208409667,-0.0096426026429981,-0.08395230770111084,0.03018210455775261,-0.0009810262126848102,-0.6631123423576355
23.269062995910645,0.02825845340761334,0.003934100760109429,-0.11034614965319633,-0.0001706208442557966,-0.00014736217956391238,0.03918760818843098,-0.03511908227400404,-0.03720735610755803,0.006227385417857427,-0.015295530230575624,0.003222021065658709,-0.12919544554575585,0.01991209835184816,-0.04156663493361125,-0.797334421131696,-0.016577997710555792,-0.010823006741702557,-0.12109678983688354,0.034961771219968796,-0.004249271005392075,-0.7773849964141846
23.3250629901886,0.020080393342282232,0.005632115857865137,-0.18412983417510986,-0.00016290893657239155,-0.0001454298161280986,0.03483724048707901,-0.037235737187244954,-0.04041045164583957,0.006222913666686001,-0.010885767849440935,0.0021787142019847622,-0.17083005108753263,0.02749467409748297,-0.04452690390387098,-0.9139978860929892,-0.013145819306373596,-0.012505675200372934,-0.17234352231025696,0.0392136387526989,-0.007928863167762756,-0.914776086807251
23.365062952041626,0.037508990267301055,0.002524588168691552,-0.18419830221682787,-0.0001593889269519813,-0.00014491681180128622,0.033082080194456014,-0.03794679926548012,-0.04176816430484474,0.006224858371038169,-0.008043116429069673,0.00042275278169564727,-0.22212570093173933,0.03204417785674487,-0.047914461098539335,-1.0423497615242092,-0.01047296216711402,-0.013792907819151878,-0.21406981348991394,0.041708070784807205,-0.010407520458102226,-1.0145635604858398
23.42106294631958,0.05618555337436739,0.0036768610833911313,-0.27948623429983854,-0.00015199324775686942,-0.00014454246152817275,0.030153145231654122,-0.038652583706271997,-0.04420078966475094,0.006238801055718998,-0.00438664031559286,0.00021567347356566768,-0.27203694516994786,0.038077620407314876,-0.048596145024428446,-1.1592615455065993,-0.006417837226763368,-0.015731393359601498,-0.27995947003364563,0.0443093366920948,-0.013522060588002205,-1.1594057083129883
23.461063146591187,0.04871708458451477,0.015006440452838042,-0.31338505540043116,-0.00014689145961443352,-0.0001446661528367656,0.02855281629602717,-0.03872759573640656,-0.04563046708960163,0.006256454689027805,-0.0012559534243408367,-0.0008363920207162937,-0.3388168157219304,0.042361797526312715,-0.049875166734181006,-1.3639201813795814,-0.0033902982249855995,-0.017144844867289066,-0.3329770863056183,0.04528934136033058,-0.015427721664309502,-1.2997795343399048
23.525063037872314,0.04818281437854282,0.014024782296613972,-0.40997925493866205,-0.0001394031060110474,-0.00014497053617151275,0.027111112792678447,-0.037977886002204087,-0.0470521941709559,0.006288414171273946,0.0019960711587548707,-0.0009042706455696435,-0.419395289807835,0.04626201431009126,-0.04997112812975232,-1.6403160850479874,0.001570708118379116,-0.01930571999400854,-0.4333168566226959,0.045363206416368484,-0.017855864018201828,-1.6266565322875977
23.565062999725342,0.04773426834098459,0.010818413731650954,-0.46781699173152447,-0.00013550806279200004,-0.00014486256969984285,0.026983680061149602,-0.0370068772749611,-0.047248681052484254,0.006307659057192381,0.004173356644027925,-0.0018308227340275143,-0.5052328720222562,0.04787778174985966,-0.04969431815067789,-1.8739094406135552,0.004652125760912895,-0.020517664030194283,-0.507562905550003,0.04452161863446236,-0.018655264750123024,-1.8310469388961792
23.621062994003296,0.042469194910785865,0.012918021440891802,-0.5798361487686634,-0.00013065982863745378,-0.00014343962053445553,0.027805598759480427,-0.03489790565865738,-0.046436180489125144,0.006332770017231045,0.005606464803734536,-0.0023011212345620214,-0.6098223653315884,0.047441319395920674,-0.048207085383389525,-2.088724145793781,0.008750859647989273,-0.022020941600203514,-0.6258112490177155,0.04240205138921738,-0.019026894122362137,-2.0773675441741943
23.661062955856323,0.0436614767697955,0.014819258796846915,-0.6677122516557574,-0.00013046194006303472,-0.00014195460298040507,0.02863575633910867,-0.03406237792593693,-0.04547189280869125,0.006347039502854053,0.007199511134953457,-0.004342803593412495,-0.7238098943826745,0.04701022160007816,-0.047047762151491104,-2.2539166361003797,0.011392449960112572,-0.022986313328146935,-0.7189759910106659,0.04017655551433563,-0.0188758485019207,-2.2222201824188232
23.72506308555603,0.0437485849663051,-0.0009893277338472795,-0.8415899286046624,-0.00012686096145296936,-0.0001386632589954679,0.029798964917357614,-0.032031131938651015,-0.043890326434987796,0.0063817270652844925,0.007888981899006626,-0.00516567963669232,-0.8370272756105981,0.04554253510965979,-0.044517961773848334,-2.365199448990612,0.014985201880335808,-0.024356847628951073,-0.8796843588352203,0.035809557884931564,-0.017800496891140938,-2.392320156097412
23.765063047409058,0.038590844789072744,-0.007943655268337403,-0.9134967382997274,-0.00012400222342846565,-0.00013549761841294202,0.03065140596797521,-0.030502696238646758,-0.042545481145884696,0.006397812701676785,0.00893457423880051,-0.006472383767443274,-0.9632614711799153,0.04454414437822636,-0.04164682915193374,-2.4542995558783463,0.01684751734137535,-0.025177335366606712,-0.9852469265460968,0.03262205049395561,-0.017053401097655296,-2.4700517654418945
23.82106304168701,0.048375105881462085,-0.028498426422543955,-1.0872728424146771,-0.00011730293639859923,-0.00012894026216871908,0.03198245279072737,-0.027567512439824835,-0.04007877444226294,0.006438388679451546,0.00854659483140344,-0.006440911753061711,-1.075057093193269,0.041653744065412286,-0.03760072580535171,-2.512896714409027,0.01892431639134884,-0.026197241619229317,-1.1376011669635773,0.02771572582423687,-0.015528961084783077,-2.555743455886841
23.86106300354004,0.05730292374026115,-0.03143478124491999,-1.1926282355561852,-0.00011183157637688624,-0.00012522837238523532,0.0325089820438688,-0.025702008734708025,-0.03886569092657511,0.006455348078790323,0.009587070805976903,-0.007046836500139906,-1.2082099983539643,0.04077948021853856,-0.03326417015564473,-2.571735259095077,0.020017383620142937,-0.02684107981622219,-1.2488003075122833,0.023724179714918137,-0.01427970640361309,-2.606574773788452
23.925063133239746,0.06324011431167961,-0.025542298190868746,-1.3785040518268943,-0.00010329064960661376,-0.00011584333531120223,0.03356958682329071,-0.02260148636386119,-0.03592528626339886,0.006484151611146344,0.009037870613732027,-0.006661704680587852,-1.3344694894164038,0.03747268832205324,-0.028081874046045476,-2.6221485123877035,0.021169869229197502,-0.02767043001949787,-1.4300513565540314,0.017209595069289207,-0.011979342438280582,-2.679837942123413
23.965063095092773,0.06391574986872817,-0.02896591447184414,-1.4739620173349977,-9.992995817618743e-05,-0.00010968070143983037,0.03412255494471575,-0.02127430949183734,-0.034072795834787346,0.006491693084766724,0.009470371191262929,-0.007333356636508275,-1.4723395637127206,0.03576587281957743,-0.023761009459236277,-2.6679447013797213,0.02159256860613823,-0.028031831607222557,-1.545144945383072,0.012751759961247444,-0.01028971467167139,-2.720717668533325
24.021063089370728,0.0565215440519281,-0.02760972409453712,-1.6794989397749305,-8.807861191933087e-05,-9.894703945021518e-05,0.03477892771529197,-0.017771642114971113,-0.031118835714370494,0.006497881922434376,0.008760139804490065,-0.005993822332957997,-1.600993567080101,0.03247748157025655,-0.017000593362547233,-2.697074659012048,0.02173115313053131,-0.028410686179995537,-1.7078736126422882,0.0065798070281744,-0.0076262145303189754,-2.763273239135742
24.061063051223755,0.05290915009869108,-0.023474923308073006,-1.760081073269248,-8.240870189404647e-05,-9.216385445299248e-05,0.03508723276802825,-0.016115675799057427,-0.029312674507752937,0.006501175889361449,0.008823188418023304,-0.005613396962278668,-1.7308428367677602,0.03062748248700574,-0.012279933717119737,-2.7153985761967827,0.021596509963274002,-0.028537480160593987,-1.8246939480304718,0.002393074333667755,-0.005946607794612646,-2.7835466861724854
24.125062942504883,0.03712090299001896,-0.005599047489599979,-1.9605947583913803,-7.066521370208213e-05,-7.322448228906832e-05,0.035672805215232924,-0.012766892746795953,-0.02444132683126754,0.0065237818548682875,0.006241610971374036,-0.003832390622380466,-1.8733791420708072,0.02468579862744248,-0.005340390182900538,-2.7250757456744337,0.02092667669057846,-0.028359632939100266,-2.01195564866066,-0.004250956233590841,-0.002745229285210371,-2.801668405532837
24.16506314277649,0.035204849402107,-0.01257116066019152,-2.0530075803399086,-6.692866360485059e-05,-6.284504678862157e-05,0.03586286424088848,-0.011716509002222583,-0.021854521962595293,0.006529127988580339,0.005255897368256468,-0.0033502687546019777,-2.0043479856948125,0.021713766287027095,-0.0013907644921925815,-2.7209937273076825,0.02011035941541195,-0.02798916958272457,-2.1288227140903473,-0.008136918768286705,-0.0006470200605690479,-2.8043406009674072
24.221063137054443,0.025689690896690723,-0.01351792017938772,-2.2321071662008762,-5.305301867431412e-05,-4.454577964232447e-05,0.03607385457689754,-0.008236643693615027,-0.0174151334293275,0.006545153238446266,0.0025239114911293,-0.0006392695824311074,-2.1454765416759916,0.01573832108993194,0.005883886156734134,-2.680715420790693,0.018469298258423805,-0.027155965566635132,-2.2911438047885895,-0.013425872661173344,0.0021391601767390966,-2.7742748260498047
24.26106309890747,0.021179906421808635,-0.014610176101143289,-2.3449217211455107,-4.668750683198624e-05,-3.7565394588743757e-05,0.036121835631663865,-0.006691686608429997,-0.015746993365198043,0.0065452165604047985,0.0018087712072540332,0.0009625622738857108,-2.272352165712613,0.013800589231246517,0.010311203700699784,-2.612124090876694,0.016978828236460686,-0.026313558220863342,-2.4048904478549957,-0.017003489658236504,0.004306250251829624,-2.7256994247436523
24.301063060760498,0.03199528541888925,-0.022035220285753773,-2.512763673439622,-3.918387574082178e-05,-2.462687155212991e-05,0.03611053987110782,-0.00496088739906594,-0.012717222347816585,0.006537286174581564,-0.00019857722009603235,0.0027692285640324604,-2.3847362294959065,0.009742370807335846,0.014583631428214184,-2.529865405006677,0.015296274796128273,-0.02527085691690445,-2.515827566385269,-0.020161813125014305,0.006463737227022648,-2.6593050956726074
24.365062952041626,0.037568279994136984,-0.01262820091535249,-2.5842004250735044,-3.720842281293534e-05,-1.9508319510036047e-05,0.03607892387617978,-0.004543331502970061,-0.011538632225471869,0.006528569732975568,-0.0007028014726190191,0.003803418085530076,-2.5030469274820413,0.00861654774668054,0.01663060620176848,-2.4260234321916556,0.012357989326119423,-0.023278240114450455,-2.685652643442154,-0.024468276649713516,0.009841122664511204,-2.527520179748535
24.39706301689148,0.055600950373513675,-0.0015648249296752637,-2.7337345089763403,-3.1151097966519256e-05,-1.2897667658243765e-05,0.03607668201367105,-0.0031468490633368013,-0.009989292474189733,0.006529401319801892,-0.00153114919255682,0.005717587955194562,-2.5983917947766257,0.006570693268650055,0.019741632271120867,-2.3325413670937443,0.010840678587555885,-0.022194990888237953,-2.7664808332920074,-0.026214178651571274,0.011413111351430416,-2.4539072513580322
24.461063146591187,0.05510051070816227,0.002976175833146363,-2.8238998828455806,-2.890268064060436e-05,-6.305064339287496e-06,0.03601099513808587,-0.0027134054663764534,-0.008493915109726337,0.006534574897330238,-0.0025046551704189838,0.0070640316564328665,-2.7080611780070543,0.004624117355388821,0.02129561613345702,-2.215741843895408,0.0079206433147192,-0.019843184389173985,-2.919280916452408,-0.029100729152560234,0.014283853583037853,-2.2982962131500244
24.501063108444214,0.05382918860998478,0.00417177267165754,-2.9645528942346573,-2.473797174535891e-05,4.939604412781745e-06,0.03592324264106363,-0.001889713319858234,-0.005930980348166337,0.006541650962697096,-0.00454167400488952,0.008902390549147618,-2.8207138582931717,0.0006189692542556276,0.02316059314404173,-2.0871637943301207,0.006222231313586235,-0.018242348916828632,-3.008688360452652,-0.030482754111289978,0.015771163627505302,-2.198309898376465
24.54106307029724,0.04385238636627667,0.00495560657800671,-3.0203269263729453,-2.2987349518610437e-05,7.133802443059832e-06,0.03593135354768373,-0.0014906154482992701,-0.005410988560600779,0.006545629198645447,-0.004913876085989091,0.01031072434095971,-2.9106860335057383,0.00024429267889870506,0.02408575488088889,-1.979534058786303,0.004553379490971565,-0.016580075956881046,-3.093484789133072,-0.031472377479076385,0.017304496839642525,-2.098501205444336
24.597063064575195,0.0362924394720941,0.016460779622803377,-3.143101225607097,-2.1928465903388092e-05,1.1500490629413629e-05,0.03590744822586276,-0.0013044220889961468,-0.004416031369719265,0.006552171257324594,-0.005670185001884844,0.011735958680093146,-3.011399030322027,-0.0009781406621771904,0.02440536264402431,-1.855645916020512,0.0022849049419164658,-0.014172001741826534,-3.204815298318863,-0.03243638202548027,0.019233664497733116,-1.961333155632019
24.637063026428223,0.04140764606846683,0.008960949523284828,-3.1980524295940995,-2.18628314149751e-05,1.3397509686053517e-05,0.03589900134752141,-0.0013169341181388408,-0.003986411580667996,0.006565094670876964,-0.0060316860632450625,0.01284431725435477,-3.0991671486363774,-0.001140314690655892,0.023807673924286423,-1.7459143131310657,0.0007978538051247597,-0.012396978680044413,-3.2791294157505035,-0.032676734030246735,0.02045561745762825,-1.8664391040802002
24.70106315612793,0.03302330711765117,0.00594066008326763,-3.300174499861896,-2.3573730566569327e-05,1.507577431841217e-05,0.03584791623555142,-0.0017785086033089597,-0.003650318619631004,0.006569140586779639,-0.0061486828118303485,0.013465264487061947,-3.1879467969254383,-0.001088429639814658,0.021968650140920105,-1.6324619814798247,-0.0012778881937265396,-0.00956319086253643,-3.389395147562027,-0.0321594700217247,0.021650532260537148,-1.72100830078125
24.757063150405884,0.051682945053337565,0.007640927542464111,-3.3405260602012277,-2.4086917640957598e-05,1.5549645958012e-05,0.03583657702538166,-0.0019145494147435865,-0.0035548910773728873,0.0065655755737648695,-0.006100906904114829,0.014299359056737253,-3.263872299167601,-0.000758738008443165,0.020547106083005303,-1.5332971808158191,-0.002764323726296425,-0.007205965928733349,-3.4777101576328278,-0.031161997467279434,0.022301889955997467,-1.6012096405029297
24.79706311225891,0.032754067330141266,0.009504833226036905,-3.4195656972005963,-2.5235057197465427e-05,1.4085755154860081e-05,0.03575915187753163,-0.0022233353361924032,-0.0039502448720836626,0.006563850104321624,-0.005336008216186418,0.014954819450769897,-3.3413878325972903,0.0005884875513618929,0.018457890733700105,-1.432860920872059,-0.0035783364437520504,-0.005656908790115267,-3.5363592207431793,-0.029978472739458084,0.022318445146083832,-1.5206488370895386
24.83706307411194,0.03721146170930821,0.0011156570951725718,-3.4621940134093165,-2.6076962536202936e-05,1.2478923266219512e-05,0.035662913134987276,-0.0024703554170474934,-0.004386356285628425,0.006561802687271963,-0.004561744235303288,0.01551065174913695,-3.4081943011355698,0.0018602955673644934,0.016522536936025612,-1.346100877329672,-0.004212961997836828,-0.004204510943964124,-3.5917166769504547,-0.028589196503162384,0.022167280316352844,-1.4441672563552856
24.901062965393066,0.028566042159609183,0.003719717776058529,-3.555870379321277,-2.7330418126139395e-05,7.0429438187261904e-06,0.035312639282652596,-0.002945584266574358,-0.005857061415588843,0.006565380817770186,-0.0021670894198436174,0.015895492150110834,-3.4769288010385586,0.0052973815912739294,0.013811932945723282,-1.2585937926273127,-0.00475828442722559,-0.0021336940117180347,-3.673638731241226,-0.025817256420850754,0.021358905360102654,-1.3297686576843262
24.941062927246094,0.048441276144498724,-0.003754339219686616,-3.5931502636522055,-2.6538892229658753e-05,5.888663864762931e-06,0.035278214537521675,-0.0027711022530938624,-0.006129501623899578,0.006557764735379906,-0.0013811726777267228,0.016745674152396202,-3.53503670124903,0.005908470745683185,0.012215319392871304,-1.1834371599740834,-0.004724044352769852,-0.0010342313908040524,-3.721015363931656,-0.02374059520661831,0.020382819697260857,-1.26329505443573
24.997062921524048,0.06669140018091999,-0.009004455561599446,-3.6807617945596576,-2.7017664146805276e-05,3.0189234022839953e-06,0.03496737255970033,-0.0030698264997107167,-0.006983365175493541,0.006548810664508449,0.0006067463164356624,0.01695381311242782,-3.589996084664517,0.008186475315117646,0.009860636190095586,-1.1135104077903684,-0.004197386559098959,0.0002658618614077568,-3.782811552286148,-0.020329991355538368,0.018953556194901466,-1.176466464996338
25.037063121795654,0.057162309456040866,0.00041296414357744186,-3.7470739604905248,-2.7268548673133234e-05,2.5122234752704483e-06,0.03488022006113522,-0.0031852477582431644,-0.007157436254776638,0.00654166898720379,0.0014737205919948557,0.017206522519975773,-3.641565299697779,0.008768989748135787,0.007528905039390857,-1.0480162622985354,-0.003523338120430708,0.001066198106855154,-3.823951631784439,-0.01759907603263855,0.017771868035197258,-1.1185283660888672
25.09306311607361,0.05894907063289907,0.018146569159083473,-3.8096045507118106,-3.019514394916806e-05,3.985896041229221e-06,0.03480015543483683,-0.0039478991752348,-0.006927863716773181,0.006535732453058865,0.00209160061567244,0.016285766370147378,-3.694555849609994,0.008566378370618582,0.003496272460906833,-0.9823786230841153,-0.002156249713152647,0.0018951212987303734,-3.877788931131363,-0.0138587336987257,0.01578288897871971,-1.042462944984436
25.133063077926636,0.05702372984163756,0.014243078401522107,-3.8280465081334114,-3.0380991157970857e-05,4.199501851839878e-06,0.034815532273519585,-0.003984242486569581,-0.0068740966380908645,0.006535543329878825,0.002563970026559027,0.01631753492295139,-3.7368720235759767,0.00828797746960352,0.0016340017996238551,-0.9309762634583844,-0.0009673470631241798,0.0022899992763996124,-3.9138177931308746,-0.01129211951047182,0.014208604581654072,-0.9923058748245239
25.197062969207764,0.06018591296317343,0.015334595420992848,-3.9016581159085035,-3.046703479344567e-05,3.3539260329607744e-06,0.03460314972401107,-0.004146041754990135,-0.007202320246152922,0.006523863430180889,0.003951512821190068,0.01622040985107328,-3.7833601543578337,0.008831256310833235,-0.0005958673302406126,-0.8746016620197067,0.00109060388058424,0.002553400583565235,-3.9676593840122223,-0.007707994431257248,0.011353024281561375,-0.9179649949073792
25.23706293106079,0.04987476574112746,0.013129493354023969,-3.9105448247864842,-3.18870102149026e-05,4.339818357303313e-06,0.03456974186964759,-0.00451578833438579,-0.007032169526091711,0.006521759401774099,0.004298955243450045,0.015475100845282697,-3.8242951151957545,0.008112642647572546,-0.0033044913965841138,-0.8267947816903223,0.002480234019458294,0.0025700926780700684,-3.999115377664566,-0.0056946719996631145,0.00943903997540474,-0.8753079175949097
25.293062925338745,0.05049587540028941,0.0122507883559235,-3.974573405459523,-3.390959871516366e-05,6.123433425123152e-06,0.0346222903178396,-0.004977712708693525,-0.006644282678898607,0.006514969885084526,0.004374635793218934,0.014337770627121705,-3.8628352801922268,0.006809833372531435,-0.006083931903532329,-0.7827061668720797,0.004533006809651852,0.002382640726864338,-4.0404981672763824,-0.003133735153824091,0.006645155139267445,-0.8201378583908081
25.33306312561035,0.052503525198148084,0.0067641167993030904,-3.982784390449524,-3.5367871611606094e-05,6.8069486560545145e-06,0.03437773477088426,-0.005502158820451215,-0.006681095499734985,0.006512939607999198,0.005065149973573141,0.013142712398289517,-3.8995978987780933,0.006509062915373948,-0.008340359125860834,-0.7419433011686104,0.005949882790446281,0.0020475750789046288,-4.068348795175552,-0.0018326884601265192,0.004695385228842497,-0.7835612297058105
25.389063119888306,0.049670536377064395,0.002921835002319537,-4.030388427898288,-3.754055247348241e-05,8.388885621339864e-06,0.03416224078422957,-0.006187123467355216,-0.006518476150922026,0.00651630827314318,0.005543039603224518,0.011380342186254744,-3.9380460272993476,0.005697652375536182,-0.010983370266326887,-0.7013138435152353,0.0077990759164094925,0.0013495306484401226,-4.1052683889865875,-0.0006522821495309472,0.002015446312725544,-0.7361623048782349
25.429063081741333,0.04911429923359319,0.004738188632353413,-4.054351984523237,-3.926409440998695e-05,1.0130191150924492e-05,0.034156428081584006,-0.006621951237974876,-0.006178952626084596,0.006521209321521856,0.00536796131507729,0.009936117912847708,-3.968931313232113,0.004297363778700285,-0.012692735775930516,-0.6698540142329156,0.009076768532395363,0.0006179679185152054,-4.130234628915787,3.848789492622018e-05,0.00010773002577479929,-0.7050425410270691
25.46906304359436,0.05034854465473721,0.018116677770520298,-4.0900384252890944,-4.213547483028573e-05,1.3425310409860806e-05,0.034179781062374494,-0.0073322531033373885,-0.005510880618838986,0.006527556870018564,0.004656345726251641,0.007749380997056329,-4.001371757399993,0.0020947676056129795,-0.014931946038745597,-0.6380777658166258,0.01026921160519123,-0.0002693762071430683,-4.1541809141635895,0.00025869495584629476,-0.001680275541730225,-0.6759450435638428
25.53306293487549,0.03529915426182745,0.013328512932907812,-4.107959054410458,-4.359644149864677e-05,1.5779900151349224e-05,0.03447636270337228,-0.007508447685843679,-0.004842612647252083,0.006535472311055551,0.0034121298899556472,0.006078352586308024,-4.044212125379603,-0.0009716781422155839,-0.015576383671269005,-0.5973102152763434,0.01185062900185585,-0.0020339046604931355,-4.190535455942154,-2.036718069575727e-05,-0.004504167474806309,-0.6333892941474915
25.589062929153442,0.03817489024398791,0.0076979918074474955,-4.118151748087257,-4.427176110376747e-05,1.6956827549030802e-05,0.03460302783040328,-0.007600433484481081,-0.004522650446690516,0.006552239050013764,0.0027613208182465042,0.005067286456994704,-4.071638134740479,-0.002518700594819669,-0.015549048503147984,-0.5736076493716266,0.012583034113049507,-0.003377466229721904,-4.2218336164951324,-0.0009740894893184304,-0.0063600135035812855,-0.6003466844558716
25.645062923431396,0.036387444478884014,0.009934633177141017,-4.142435894347727,-4.421804320135642e-05,1.800623701547686e-05,0.03512963274771229,-0.007247232234171836,-0.003957520285260327,0.006581549435502851,0.0013165301779114284,0.004700096524221517,-4.103523466225594,-0.0052518080335189725,-0.014209455582321187,-0.5476583105683259,0.013104869052767754,-0.005271618894767016,-4.250360399484634,-0.00244897766970098,-0.008282524533569813,-0.5697054266929626
25.685063123703003,0.03550999895486795,0.004000040736145052,-4.167788316728547,-4.4329352868323166e-05,1.855172394098022e-05,0.03526248221830261,-0.007194198109651229,-0.003758061186290354,0.006595898770362809,0.000634889685051283,0.004044694890422308,-4.130679888503374,-0.006622751521067879,-0.01340364231610335,-0.5249281020505248,0.013239733874797821,-0.006619249586947262,-4.269996553659439,-0.003872047644108534,-0.009509158320724964,-0.5491594076156616
25.74906301498413,0.02068696610951226,0.004021785591962739,-4.188457953743637,-4.549668610479111e-05,2.0789225753972428e-05,0.035157622486525084,-0.007587273151884426,-0.003376376174494592,0.006619506093172054,-0.0002536029268646336,0.0025182849377754037,-4.155756351252107,-0.007974391909842725,-0.013624557532340226,-0.5051958761868219,0.013121649622917175,-0.00886832200922072,-4.299031645059586,-0.006514156702905893,-0.011091924272477627,-0.5262616872787476
25.789062976837158,0.028561669422911783,0.00611718449938331,-4.1948986714705825,-4.601983430594086e-05,2.1849792679996485e-05,0.03509120833418592,-0.007778599027657901,-0.0032062766515226298,0.006632960061711505,-0.0008769783002794887,0.0014264712162297675,-4.1808308894490755,-0.008800917430198901,-0.01304800450249209,-0.48326008704424994,0.01270594447851181,-0.010114604607224464,-4.31722965836525,-0.008357393555343151,-0.011717631481587887,-0.5118879079818726
25.845062971115112,0.043914498605187535,0.005991438336644484,-4.234250434674323,-4.6004236374389885e-05,2.4071577029756266e-05,0.035429921361764184,-0.007607871338978852,-0.0025173365327980654,0.006661451136302369,-0.0029423279836435414,0.0009113675237128543,-4.208007218002333,-0.011177638168170821,-0.011559372546971352,-0.45954556899078114,0.01182381808757782,-0.01180517254397273,-4.342490583658218,-0.010767280124127865,-0.0121010672301054,-0.4903055727481842
25.88506293296814,0.03912132854311555,0.006489206133385409,-4.264737164136022,-4.619179102584671e-05,2.5482423971917728e-05,0.035497523350882555,-0.00764473684034795,-0.0021804202207133987,0.006673651323925152,-0.004213400275734893,0.00019117868348038936,-4.230750559887813,-0.012230979482210923,-0.010591702076065341,-0.4377343976057428,0.011026570573449135,-0.012905317358672619,-4.360115438699722,-0.012378092855215073,-0.012192655354738235,-0.4742361605167389
25.949063062667847,0.04486171060218789,0.010945052339488955,-4.285763366147876,-4.7552073228409035e-05,2.8702717473772014e-05,0.03517806846289199,-0.008255812293231293,-0.0017425046059166556,0.006686470807718983,-0.005326287423358794,-0.0018591113265297578,-4.2544366921543935,-0.012846759295264184,-0.011035491637739772,-0.4148354235366832,0.009400321170687675,-0.014478573575615883,-4.3872531950473785,-0.015374104492366314,-0.011720727197825909,-0.44874611496925354
25.989063024520874,0.06436040549312574,0.008965248842135612,-4.322679832577705,-4.7848176666042404e-05,2.9243722532671403e-05,0.035094845526228546,-0.008393758824773145,-0.001691045308467362,0.006691639654003884,-0.00575443241031094,-0.0026771179867718237,-4.2745145301997285,-0.012412908269059322,-0.010280747895714652,-0.39442940076522703,0.00827784463763237,-0.01544746570289135,-4.4034403860569,-0.016955960541963577,-0.011330944485962391,-0.43295061588287354
26.045063018798828,0.06442764860778295,-0.0020786299672493277,-4.33878186205402,-4.858684677797275e-05,3.100534648509149e-05,0.03489736097510889,-0.008743061423159296,-0.0014705156735147096,0.006704175279382014,-0.006312673515860267,-0.004112047293307886,-4.295936889442298,-0.012009517951773418,-0.010107673072228684,-0.3733152048279763,0.0067915115505456924,-0.016701878048479557,-4.425066381692886,-0.018785687163472176,-0.010513857007026672,-0.4112207889556885
26.085062980651855,0.07280126470014706,-0.001133199631822034,-4.338783818762749,-4.871115396299213e-05,3.201512868506736e-05,0.03486009355394168,-0.008827964209588814,-0.0012875079166928078,0.006704524414530199,-0.0070724706669509025,-0.004841556829291385,-4.313513303326191,-0.011587654852645748,-0.009482454438432809,-0.35456466048273744,0.00582028366625309,-0.01753015909343958,-4.439753443002701,-0.019758813083171844,-0.00984972808510065,-0.39617642760276794
26.149063110351562,0.06663062600085297,-0.003983658114016469,-4.383483557030559,-4.915749367070785e-05,3.495822813643277e-05,0.03471708769844559,-0.009116478737614607,-0.0007801834044294399,0.006708451576821158,-0.008398641088528983,-0.006210497178355954,-4.332076377452918,-0.01169248413348207,-0.009472857611371269,-0.335825483218221,0.004368731752038002,-0.018754168413579464,-4.461980730295181,-0.020990770310163498,-0.008495335467159748,-0.3733123242855072
26.18906307220459,0.05843359124272042,0.007357604915214142,-4.3665713127702475,-4.865895964770728e-05,3.947973817566033e-05,0.034686452638827435,-0.009181350172260584,0.0001543025594929036,0.0067070093801203596,-0.011143439051343684,-0.007000085810871011,-4.3476486473760545,-0.013241931565287076,-0.009115262957759974,-0.3195019310990841,0.0035237278789281845,-0.019448619335889816,-4.475057035684586,-0.02157951518893242,-0.007575548253953457,-0.3597894608974457
26.245063066482544,0.05104303326287413,0.005636319257475371,-4.378973353654146,-4.801068465041585e-05,4.078957621519563e-05,0.03473705622414248,-0.009054547407597861,0.00047840348618927137,0.0067038396913728605,-0.01262840555311675,-0.007130205080778358,-4.363483549284987,-0.012657354563570198,-0.008088093898470844,-0.3031969922454746,0.0022509777918457985,-0.02030159067362547,-4.492380052804947,-0.02208983153104782,-0.006167540792375803,-0.3420003652572632
26.28506302833557,0.04628272980156848,0.008673399966798659,-4.408175375312567,-4.644944251188529e-05,4.3119717263794594e-05,0.03484004301208007,-0.00873629648955712,0.0010762683335396295,0.006699099436624565,-0.014791083192710105,-0.006632952708669624,-4.377180563870578,-0.013095872650394202,-0.006705321625272346,-0.28919634561884183,0.001245293766260147,-0.020764985121786594,-4.504005819559097,-0.02245539426803589,-0.005040569230914116,-0.3300795257091522
26.34906315803528,0.036199114818270886,0.017586770545543463,-4.417272889986634,-4.513197948965119e-05,4.4368014894267304e-05,0.034921205691817066,-0.008447790777989827,0.0014295206680100894,0.006693506590850028,-0.016520586111748645,-0.006092473067800427,-4.391236099996079,-0.012529179414900431,-0.0054486090458923326,-0.27537057827473793,-0.0004499591886997223,-0.021166442893445492,-4.521395117044449,-0.02290235459804535,-0.003059011185541749,-0.31226757168769836
26.389063119888306,0.014574164508689806,0.022797549914705853,-4.455558705609292,-4.2295278491435175e-05,4.636336870608094e-05,0.035056670821861396,-0.007830346879072437,0.002024016641651089,0.006690887967825846,-0.019060939197018272,-0.004355322487581157,-4.40384931916244,-0.01294828649947152,-0.0031400628162463673,-0.26391935460568994,-0.0015811454504728317,-0.021144114434719086,-4.531543642282486,-0.02319619618356228,-0.001593521679751575,-0.30215078592300415
26.429063081741333,0.024841505155204426,0.02425916694204169,-4.477108300663531,-4.144934728563193e-05,4.622300195099296e-05,0.03509540514233967,-0.007621802149157771,0.0020497250024832533,0.006689656709311602,-0.01967963097106083,-0.0037257184209853827,-4.416226215350373,-0.011322014589286123,-0.002236453073997384,-0.25370383343737984,-0.002801144029945135,-0.020892293192446232,-4.541279226541519,-0.023332126438617706,8.149122004397213e-05,-0.2927853763103485
26.485063076019287,0.029070549750156032,0.02450559907739622,-4.495649944059551,-3.824682303058776e-05,4.725376218475404e-05,0.035158614604030095,-0.006944479397445839,0.002417116113819128,0.006684512153940355,-0.021456726500133652,-0.0014493092791237222,-4.42868342222497,-0.010752611096505164,1.5257439633496349e-05,-0.24388623165878193,-0.004591537173837423,-0.020126094110310078,-4.554235368967056,-0.023317495360970497,0.0025523100048303604,-0.2808680534362793
26.549062967300415,0.017879604085609072,0.029322604393644768,-4.4837802942493,-3.678327887818959e-05,4.8662000698930554e-05,0.03516233265552138,-0.006687183502238489,0.002760080385931283,0.006686144577570936,-0.02312572908832634,-0.0005369991562374878,-4.441266494172867,-0.010074187010976163,0.0008365484658636249,-0.23514351374597706,-0.006563738454133272,-0.018703460693359375,-4.5682434141635895,-0.023111287504434586,0.005571509245783091,-0.26890406012535095
26.589062929153442,-0.011367379897172007,0.03404069524399818,-4.522865396924317,-3.440389758102541e-05,5.1341059257442176e-05,0.035153605182652856,-0.006295306927180957,0.003387372558352894,0.006696262005204795,-0.025802865590008855,0.0009747567137016305,-4.453448996487772,-0.010490375095174385,0.0018633447051762334,-0.22792660475264623,-0.007812973344698548,-0.017529942095279694,-4.576652437448502,-0.022826269268989563,0.007487513590604067,-0.2619720697402954
26.645062923431396,-0.0024976940472768547,0.03903641047044775,-4.518164115957916,-3.4254365918317186e-05,5.260179915709031e-05,0.03516280669822453,-0.006307509545693174,0.0036526393250638774,0.0067014761508551925,-0.027189646617183,0.0010543564016465196,-4.465719839528469,-0.009579287729901886,0.0013667801732535649,-0.2209686008415346,-0.009719090507132933,-0.015594367869198322,-4.588173300027847,-0.022353755310177803,0.010173833929002285,-0.25322070717811584
26.685063123703003,0.014413337897959459,0.039577545288631506,-4.528756240382791,-3.3013795768784706e-05,5.438354263881212e-05,0.035163741188580885,-0.006119083071400727,0.004059623368671547,0.0067093688933002795,-0.028915282516712278,0.001931150765057866,-4.477082851600052,-0.009540619531448195,0.0013383528767661006,-0.2149710357268242,-0.011147559504024684,-0.014142445288598537,-4.596239000558853,-0.02203289605677128,0.011770029552280903,-0.2474718540906906
26.74906301498413,0.011881562954443281,0.04498732718970383,-4.54400266893208,-3.2818119051611495e-05,5.4867213057948374e-05,0.0351756766956735,-0.006090774857089762,0.004171044603358376,0.006710356411127244,-0.029681129054278117,0.002181454871157412,-4.488303786583805,-0.008443489697423989,0.00034101143938272856,-0.20876487126461182,-0.013402156764641404,-0.011789112351834774,-4.608782202005386,-0.021184423938393593,0.013703026808798313,-0.23873445391654968
26.789062976837158,-0.0005461210791465137,0.04803327304575749,-4.53013673145324,-3.298959421889615e-05,5.5997323043239314e-05,0.03525068693472732,-0.006127724761687056,0.004435098710509606,0.006721849525356895,-0.03092128436222905,0.002176429741975465,-4.499485805494879,-0.008163505148154384,-0.0009316838533659671,-0.20355503207503972,-0.014687117654830217,-0.0102826664224267,-4.616390615701675,-0.02048242837190628,0.014688373543322086,-0.23358334600925446
26.845062971115112,-0.010103016836533318,0.04574875056790885,-4.54870654840488,-3.309031914755808e-05,5.6647698991296656e-05,0.035309850957483825,-0.006140327876448278,0.004596821888479291,0.006722602565411352,-0.031930310930293374,0.002100422274999054,-4.510076695743166,-0.007652664701186312,-0.002397888248853811,-0.19816335483760414,-0.016351216472685337,-0.008250281447544694,-4.626792818307877,-0.01935107260942459,0.015584792010486126,-0.22691069543361664
26.88506293296814,-0.018518017278456176,0.053825329495297884,-4.551437687128782,-3.330167066733375e-05,5.6791518037776574e-05,0.035335094190480046,-0.006174506974414582,0.004630404523578064,0.006718572645717906,-0.03229112493658385,0.002092810804663168,-4.519247857298839,-0.006841499121036494,-0.004146201415572284,-0.19317918443271076,-0.017497625201940536,-0.0068862311309203506,-4.634020239114761,-0.018473757430911064,0.01572132296860218,-0.22218762338161469
26.949063062667847,-0.008655158666157039,0.051916516800272546,-4.545601830817759,-3.260667391038257e-05,5.6419317387800676e-05,0.035240767939262375,-0.0060706040429986605,0.004526870511585043,0.006710522517465101,-0.032079586019621055,0.0025213400178584595,-4.528369926317132,-0.00558958715793021,-0.0054221106361815805,-0.18769661448423292,-0.019147195853292942,-0.0048654681304469705,-4.645177274942398,-0.01673256792128086,0.015736712142825127,-0.21476075053215027
26.989063024520874,0.009257428004177354,0.05407457822291995,-4.5747155030258,-3.172749749222562e-05,5.586296924607747e-05,0.0350720758716326,-0.0059639079410235335,0.0043479124085640305,0.006705143560255465,-0.031247822903080397,0.00315150531188869,-4.536840827497924,-0.004115393826083269,-0.006890983599228552,-0.18307928355567163,-0.01999924797564745,-0.00365562760271132,-4.651838690042496,-0.015343934297561646,0.015380905009806156,-0.21034948527812958
27.045063018798828,0.0036686525383157107,0.05705740921869248,-4.568541090004146,-3.196615564779134e-05,5.566388726411783e-05,0.03500274476111919,-0.006043705799356378,0.004253019997674129,0.00670809576879307,-0.030806861900845018,0.0026712187771760856,-4.545930095875749,-0.0031553751178847863,-0.009058823257034197,-0.1788861714679863,-0.02083014976233244,-0.002004235051572323,-4.6607116758823395,-0.013334258459508419,0.014712141826748848,-0.20440368354320526
27.085062980651855,-0.009968890581823292,0.0526007395957292,-4.600110815139487,-3.094009650578627e-05,5.540407071424899e-05,0.03484956023349131,-0.0059100328285363515,0.004151233799629866,0.006713835460152036,-0.03026235855322006,0.003239988666773611,-4.555179446093064,-0.002083584010791656,-0.010429107437847012,-0.1749998392823734,-0.021173475310206413,-0.000931992195546627,-4.666882425546646,-0.011610757559537888,0.014080576598644257,-0.2003994882106781
27.149063110351562,-0.0002707652594581973,0.06490765175189207,-4.591654581949115,-2.962920420387711e-05,5.5224461190568033e-05,0.034725304457782456,-0.005705612788066021,0.004098416156700779,0.006712533517185382,-0.02999352521576561,0.003875878101319529,-4.5640560195764035,-0.0013453460084769677,-0.011871116428490754,-0.17087206990668555,-0.02140002604573965,0.0006320979446172714,-4.676535993814468,-0.008711939677596092,0.012779687531292439,-0.19438298046588898
27.18906307220459,-0.007613034308090113,0.057186932486644554,-4.609349519945681,-2.56659159641286e-05,5.4669269664759904e-05,0.03424948180963091,-0.005144353641008686,0.0038785264647905114,0.006701393499317235,-0.028650133708854938,0.0066042422366756216,-4.5710622344971386,0.0002308665755448849,-0.011580401792200984,-0.16712069242591593,-0.021383936516940594,0.0016169408336281776,-4.682410150766373,-0.0068693337962031364,0.011820237152278423,-0.19085238873958588
27.245063066482544,0.005937705427041252,0.05317972673929435,-4.621747797355056,-2.401898506941775e-05,5.443464634713341e-05,0.034136926991518955,-0.004863157616233944,0.0038412415257905574,0.006700165900357409,-0.028360895533777266,0.007535462314030449,-4.579546359773478,0.000652756736080725,-0.012582447806709267,-0.1631198445447653,-0.021084927953779697,0.003094610758125782,-4.690362364053726,-0.004261862952262163,0.01071174070239067,-0.18575409054756165
27.28506302833557,0.019708288513103734,0.04713556895513074,-4.661114474758506,-2.1091274570303148e-05,5.4056243736984194e-05,0.03383139427505078,-0.004424586660667131,0.0037181761674085823,0.006686752196861657,-0.027319202385070563,0.009534027013572711,-4.586057175217059,0.0016104786258836251,-0.012659116246771419,-0.1597259757159821,-0.020733121782541275,0.004278716631233692,-4.695857912302017,-0.0024448023177683353,0.010069972835481167,-0.18237408995628357
27.34906315803528,0.013607520955244722,0.0443588708082799,-4.670383689925075,-2.0475840018694834e-05,5.391140049732244e-05,0.03381208075679122,-0.0043045204244157595,0.0037082101678547097,0.006678023864799553,-0.0270931162393662,0.009547972076350265,-4.593507312796083,0.0016344552536975184,-0.014388591121524514,-0.15635908613323823,-0.01988643128424883,0.0062249088659882545,-4.704415708780289,0.00038269395008683205,0.008943627588450909,-0.17739255726337433
27.389063119888306,0.012176407615336556,0.0374652661555128,-4.676187914796174,-1.9501548641744322e-05,5.365492101840398e-05,0.03377982396424854,-0.004114206827269236,0.003686796154761019,0.0066645827518201535,-0.026730378118245694,0.010015342941103551,-4.599783321947042,0.0016898874000654427,-0.015422032789568567,-0.153156615260266,-0.019242784939706326,0.00735161267220974,-4.709590345621109,0.002032799646258354,0.008345098234713078,-0.17419560253620148
27.44506311416626,0.00553801551054558,0.030831803606846654,-4.669905098155141,-1.9095798720383658e-05,5.3371567605990774e-05,0.033842250576608654,-0.003985130137593385,0.0036925780244799885,0.006663225112910481,-0.02672880092586972,0.009856848519770003,-4.607628246436257,0.0011925110577617598,-0.016922841631009686,-0.1500484515480639,-0.01829129457473755,0.008735922165215015,-4.716575533151627,0.0039918506518006325,0.007040121592581272,-0.16994810104370117
27.485063076019287,0.007341790261191491,0.032650223282099364,-4.666980525478721,-1.9111652070240638e-05,5.218404375494378e-05,0.03434257469706919,-0.0036593474926386966,0.0037805186803047154,0.006676944622368797,-0.027777469613007585,0.01050185304825536,-4.616367968306098,-0.00048103066547743864,-0.017389460831328137,-0.14746639210303839,-0.017612020950764418,0.009550688788294792,-4.72155037522316,0.005082012619823217,0.006141452584415674,-0.16690614819526672
27.549062967300415,0.011661914088809231,0.031037010637016017,-4.650050370953977,-1.8805251889685265e-05,5.17891834786082e-05,0.03443432808469144,-0.0035292954834535723,0.0037793208352960195,0.006688380309221193,-0.02788955983047783,0.01026308153555412,-4.625205282567269,-0.0012233092993108664,-0.018406245939044042,-0.1449415628550918,-0.01672221953049302,0.010622918605804443,-4.72948494553566,0.006431820336729288,0.004656678065657616,-0.162547305226326
27.589062929153442,0.0217435007672632,0.02769300624525415,-4.660171017982066,-1.8732709578614067e-05,5.001089026480059e-05,0.035031512073573905,-0.003107018550754836,0.0038231491702531138,0.006706988203495704,-0.02906921486673783,0.011337006682655228,-4.634109820806377,-0.00318817687089802,-0.018406630521300794,-0.1428371164990736,-0.016252583358436823,0.011161254718899727,-4.73451367020607,0.007162569090723991,0.0034992683213204145,-0.1600448340177536
27.62906312942505,0.026747590487617462,0.041489645048394606,-4.661942699924111,-1.8448134796647033e-05,4.936492672582042e-05,0.03517839569420115,-0.0029398204242805336,0.0038090100907690726,0.006716241970353639,-0.029294557701166946,0.01143141118107168,-4.641335809652137,-0.004143222245043789,-0.018851824073727822,-0.1407236530834918,-0.015924849081784487,0.011636225506663322,-4.739625841379166,0.007524840999394655,0.0024652432184666395,-0.1576647013425827
27.685063123703003,0.03765956078429281,0.03854945717791909,-4.684136098250747,-1.7673859000920903e-05,4.7722289970023275e-05,0.03550241026935696,-0.0025310634876261817,0.0037464300513557467,0.0067250834915601075,-0.029514981087003022,0.012797003430849654,-4.648980017483711,-0.005468228899173666,-0.01820937343098843,-0.13789889949269946,-0.01552753709256649,0.012213269248604774,-4.7467807829380035,0.007595780771225691,0.0010907328687608242,-0.15387049317359924
27.72506308555603,0.04529036468356178,0.03697792306351723,-4.675837356597185,-1.6945593764267633e-05,4.691724790448598e-05,0.035561936555856606,-0.0023135668320608893,0.0036735973770305234,0.006730161097973085,-0.029410229526753647,0.013155711176747669,-4.656613489955431,-0.00633307803272883,-0.018262690148041893,-0.13495135673650188,-0.015300378203392029,0.012639814987778664,-4.7517880499362946,0.007435861974954605,0.00016081129433587193,-0.15123015642166138
27.789062976837158,0.030879688051685505,0.025812880486050523,-4.687798643484712,-1.534560775860682e-05,4.420166839888136e-05,0.03588375829806247,-0.0016860547668339641,0.0034608570864235935,0.0067449055454950994,-0.029070072893705272,0.015911590325438877,-4.664553593537823,-0.007321969160692205,-0.016253101268598236,-0.1320672776658341,-0.014807797502726316,0.013264702633023262,-4.759618669748306,0.007141302339732647,-0.0012939912267029285,-0.14673037827014923
27.829062938690186,0.04060953286517386,0.02375376042029936,-4.690929802134633,-1.5039227774719399e-05,4.272955950242028e-05,0.03615707803321363,-0.0014063240834347197,0.0033770014327867896,0.0067534562342695436,-0.02944330876109717,0.016589099600615526,-4.672241221583761,-0.008732926519338527,-0.015846409103970987,-0.12909754695421852,-0.014442491810768843,0.013743359595537186,-4.7644809782505035,0.006936240009963512,-0.0020462963730096817,-0.14410004019737244
27.88506293296814,0.04458310298833256,0.02061577327016426,-4.70017081219703,-1.5144439491394047e-05,4.1013853404374046e-05,0.03656863615231832,-0.0011256560254898826,0.0033110307102682496,0.006772461463958289,-0.02997430314643442,0.01731780189638756,-4.680380869986437,-0.010197345529105171,-0.015233634695329517,-0.1261668788628007,-0.013971737120300531,0.014500707387924194,-4.771159082651138,0.00664180563762784,-0.0026688806246966124,-0.14016945660114288
27.925063133239746,0.05180960873039419,0.020966677785155714,-4.704551604576409,-1.5123981698759053e-05,4.041907899068284e-05,0.03668930188622199,-0.0010286563989488923,0.0032777206942177246,0.006779690901624593,-0.030364797994293834,0.017060456361311423,-4.687662754817647,-0.011432934524407537,-0.01523031782242468,-0.12305616353140916,-0.013657163828611374,0.015012158080935478,-4.775824934244156,0.006173540372401476,-0.003088306402787566,-0.13733379542827606
27.989063024520874,0.058769897340072014,0.026197013514822648,-4.71163478679955,-1.4408747535780379e-05,3.9438863644839994e-05,0.03668781464680549,-0.0008343644558593251,0.003137676645598291,0.006791540577198467,-0.029698979770864525,0.017608258666657273,-4.6953072405581135,-0.012066112837584162,-0.014775643725394735,-0.11980570168936712,-0.013272795593366027,0.015606649219989777,-4.783165365457535,0.005362407770007849,-0.004062718711793423,-0.13295497000217438
28.0290629863739,0.06825805562850085,0.032363453924792576,-4.694862992502749,-1.4128872401139438e-05,3.8979443375970054e-05,0.0366931236143933,-0.0007509748367651944,0.0030727307170909253,0.006796290025210809,-0.029596398957727036,0.017562305439911562,-4.701013122720052,-0.012756904956204747,-0.014942693710605812,-0.11691760893919474,-0.012946031056344509,0.015900064259767532,-4.7876390516757965,0.005054223816841841,-0.00468705827370286,-0.130096897482872
28.09306311607361,0.06538668036031034,0.03652770527948032,-4.718578157015145,-1.2803335393984349e-05,3.925137662719681e-05,0.0362508665042605,-0.0007227280015126112,0.002923118634982105,0.006796343729152902,-0.02784545871464116,0.017424909247702056,-4.707553898785105,-0.012393494881919218,-0.01526193149792304,-0.11343592786439621,-0.012286256765946746,0.016193868592381477,-4.794547468423843,0.004504571668803692,-0.00595115777105093,-0.12584078311920166
28.125062942504883,0.05081222023396898,0.032883472704407696,-4.7645036755129695,-1.2131940699131526e-05,3.9096051213598845e-05,0.036067285009532754,-0.0006703624243483986,0.002820254783055704,0.006795792097706625,-0.027178128743158204,0.01727283956947693,-4.712982630974048,-0.01250005308089337,-0.015374619599122247,-0.11023586966851229,-0.011826934525743127,0.01627289690077305,-4.797837644815445,0.0043066455982625484,-0.0064262645319104195,-0.12355020642280579
28.169063091278076,0.05498054651917527,0.04792801074296311,-4.771593446843326,-1.0923849807029151e-05,3.9096865253369705e-05,0.03568253551707464,-0.0006174075250047818,0.0026522180331483617,0.006796149320292206,-0.025095197184279924,0.017776756672705372,-4.715872692028126,-0.011363094430124425,-0.015243747188574545,-0.10879470936489377,-0.011117101879790425,0.016331857070326805,-4.8017663061618805,0.004199125338345766,-0.0071290466003119946,-0.12077692896127701
28.20106315612793,0.05498054651917527,0.04792801074296311,-4.771593446843326,-1.0923849807029151e-05,3.9096865253369705e-05,0.03568253551707464,-0.0006174075250047818,0.0026522180331483617,0.006796149320292206,-0.02546997005906803,0.017282427623282498,-4.719322904753953,-0.012101242201000945,-0.015691977661218954,-0.10688892568375112,-0.010496587143279612,0.01635519228875637,-4.804847151041031,0.004187371116131544,-0.007745446637272835,-0.11868477612733841
28.241063117980957,0.03149997662928419,0.0647815114679183,-4.774357663467526,-1.1052897122677993e-05,3.773361630020398e-05,0.03590789855715198,-0.0004529638753047048,0.0025379990408229574,0.006797698573706165,-0.025617761128038204,0.017753040929042077,-4.725195247382673,-0.013243463234638589,-0.015460035538702399,-0.10430581300043403,-0.009648797800764441,0.016344791278243065,-4.808631330728531,0.00427398644387722,-0.008650031872093678,-0.11634308844804764
28.305063009262085,0.03602278525409663,0.05111301596818661,-4.7591331279836595,-1.1741636571503136e-05,3.6281635249640976e-05,0.03632123754713355,-0.0003055310328000133,0.002490765908814112,0.0068028295845202836,-0.026662442449995216,0.018014931081803152,-4.730812374660072,-0.014873792168429335,-0.015291666578498283,-0.10191429067352183,-0.008359667495824397,0.01628406159579754,-4.814575105905533,0.004553251899778843,-0.009950810112059116,-0.11270319670438766
28.345062971115112,0.03874823502140868,0.05065915985571001,-4.748576818965375,-1.226521247649122e-05,3.5564080490718854e-05,0.0365875194672105,-0.00024069766193424548,0.002494573779632759,0.006806502902742018,-0.027977239862053832,0.01760189552566482,-4.7364593893368,-0.01626364731717262,-0.015296520836702328,-0.09923895609002531,-0.007702033268287778,0.01635541208088398,-4.818027883768082,0.004476755857467651,-0.010398026555776596,-0.11032173037528992
28.401062965393066,0.02110977997421995,0.040398830196180395,-4.757276673801243,-1.2533933575787484e-05,3.553253762288526e-05,0.03668974568121652,-0.000245363516435544,0.002534597224722566,0.006807930410834627,-0.029088658505454286,0.016874322363418064,-4.740973406966411,-0.017658170874112998,-0.015474515192788418,-0.0971782569421156,-0.007116931956261396,0.016402415931224823,-4.822814851999283,0.0038381970953196287,-0.011251432821154594,-0.1072167381644249
28.441062927246094,0.025682201444705365,0.051182563059892786,-4.773014643229544,-1.2812524602386393e-05,3.465866667061168e-05,0.036876419574864254,-0.00015893758160539142,0.00247645690356898,0.006816737320330204,-0.029836128247020366,0.01686756194060657,-4.749940233262797,-0.019429386890073518,-0.01461508714322279,-0.24894931476270063,-0.006938109407201409,0.016343526542186737,-4.8271464407444,0.002808889839798212,-0.012021669186651707,-0.19272072613239288
28.5050630569458,0.016576488238285805,0.057648723605331166,-4.835258224979043,-1.2165032111738722e-05,3.372170431169883e-05,0.03692368681325838,4.654745920317833e-05,0.0023868251645893343,0.0068390167009024444,-0.029990838156407924,0.017543548546762072,-4.771365293566349,-0.00525037880015666,-0.037861273147597324,-0.4812019835707009,-0.006486037978902459,0.016158804297447205,-4.846710592508316,0.03041214682161808,-0.013533249497413635,-0.4712306261062622
28.545063018798828,0.02017290257229628,0.05382340078626327,-4.835905095562339,-3.001578359623813e-06,4.192710326360559e-05,0.03456550688590975,0.0001923222314386691,0.0030038538943912415,0.006845394556831851,-0.027259102239894663,0.01665715286590767,-4.796962828962005,0.047728896199690604,-0.10523808667101794,-0.6370012520511494,-0.0041481065563857555,0.016042817384004593,-4.868704706430435,0.10493461787700653,-0.01403601374477148,-0.623788595199585
28.585062980651855,0.015549793282859534,0.05358862457934755,-4.857201182283461,1.777762008397126e-05,6.321604112654763e-05,0.02906313485296753,0.00026651897368215746,0.004782746682567444,0.006852207104431341,-0.019460362999635814,0.012265299612812369,-4.829995834466626,0.1672858867822717,-0.19999097302799274,-0.7015420719712188,0.0020988769829273224,0.01596852019429207,-4.896513372659683,0.21923081576824188,-0.014252298511564732,-0.698608934879303
28.64106297492981,0.040649044498126646,0.04793680602111025,-4.913175417110324,7.753520736121874e-05,0.0001284112047190267,0.013481295541614952,0.0002817410555014311,0.010776137460096973,0.006861367253269833,0.0017003048716323205,0.01016571698741845,-4.866380782760259,0.44832415852281576,-0.2088866210722833,-0.6818121766052315,0.020590532571077347,0.01571701467037201,-4.939293771982193,0.4236123263835907,-0.014298466965556145,-0.699928343296051
28.681062936782837,0.06382158998895644,0.04504457765086004,-4.930463999509811,9.506388725506893e-05,0.00014838380741567263,0.009005192794962367,0.0002584096993260988,0.01275177976764771,0.006864474854693848,0.030491548234298376,0.003854031208533119,-4.89781776151089,0.6912276118349708,-0.2175035816444038,-0.6199254028479453,0.0423780120909214,0.015332415699958801,-4.969255834817886,0.5940732955932617,-0.014523150399327278,-0.6572926640510559
28.745063066482544,0.12398781750397006,0.039442083911399695,-4.974605626426637,0.00011102513541294372,0.0001673517218841388,0.005019223916258609,0.00021016541934785777,0.014753604055153928,0.006857473936080991,0.07566030522290244,-0.0007817325329163917,-4.926909231499834,0.9868972665132861,-0.1899287970957973,-0.533772637980324,0.09589336439967155,0.01412111334502697,-5.012344270944595,0.9081583619117737,-0.015489664860069752,-0.5566230416297913
28.78506302833557,0.1764202643374027,0.03808252603644983,-4.98784252628684,0.00011669062017724504,0.00017491395714931446,0.0035722762133107433,0.00011667861201568998,0.015592904735398412,0.00685363999683631,0.13030971518274828,-0.006483979349350645,-4.950170913053999,1.2685503580416737,-0.17825317858307216,-0.4519261975905123,0.14258524402976036,0.012862300500273705,-5.035083681344986,1.1311562061309814,-0.016557030379772186,-0.4883852005004883
28.841063022613525,0.2240095456574696,0.01901032912317247,-5.008520451374352,0.00011745706699040535,0.00017577045943377182,0.0034723221726877846,0.00014800373458152084,0.01574482350478022,0.0068589179018520826,0.20378347119220078,-0.015588460160156853,-4.972139082095866,1.586412376239748,-0.19691836491597342,-0.3683218610652805,0.22647018358111382,0.010431762784719467,-5.061353117227554,1.4759886264801025,-0.018933305516839027,-0.3960702419281006
29.120167016983032,0.3433016613508474,0.0022525064600999447,-5.0301485592499375,0.00011744233177838754,0.00017552891764045875,0.003539372302946617,0.00018599110155285932,0.015746054283305676,0.006861918273737472,0.28725088064481996,-0.02556579444527586,-4.988613458588678,1.9017633906382567,-0.22127198006006918,-0.29905058644158766,0.3012145571410656,0.008040808141231537,-5.076158910989761,1.7439556121826172,-0.02131851762533188,-0.3349604308605194
29.184545040130615,0.39414374886869225,-0.006532552386331853,-5.0535535998642445,0.00011768243231737077,0.00017556620699283793,0.0035791934812104934,0.00023564047079020024,0.015803942643687913,0.006863441045300261,0.39475641051610905,-0.037690797785625584,-5.0027225831796915,2.266540358513462,-0.24870410019637262,-0.23463898029125546,0.4465435855090618,0.003050653263926506,-5.094289213418961,2.2050838470458984,-0.026295611634850502,-0.25006991624832153
29.224596977233887,0.4778120195720513,-0.020249398866443332,-5.069571202620864,0.00011771252813241076,0.00017546176921713757,0.003606971472483671,0.00025728108417282766,0.015807503780204582,0.006865024427548383,0.5014516244383914,-0.0492404251823072,-5.012337616639428,2.5916716627935155,-0.2733158887387383,-0.18944439113015937,0.5552893690764904,-0.0012245331890881062,-5.102437883615494,2.5122692584991455,-0.030850734561681747,-0.205503448843956
29.280753135681152,0.6767107856330628,-0.04154353041289022,-5.075029764324427,0.00011765595497681958,0.00017500665465719362,0.0036873162091728253,0.0003101803478469797,0.015774427761249394,0.006861484311353519,0.6585211983518395,-0.0660769811712722,-5.021399969922293,3.0204684548238667,-0.30955501728144796,-0.1413855951725922,0.7309567742049694,-0.008628163253888488,-5.11063089966774,2.9614145755767822,-0.03900798782706261,-0.15341347455978394
29.32076406478882,0.8866938536444353,-0.06970906701024997,-5.077674528583884,0.00011761265868796448,0.0001745594641931939,0.0037600271887004316,0.0003657041964978366,0.01573504376051898,0.006848580801516887,0.8123267450649219,-0.08233994896139747,-5.02572363341008,3.381746861796327,-0.34127163705533303,-0.08826364516687407,0.8744504265487194,-0.015298706479370594,-5.1143368780612946,3.2846474647521973,-0.04636555165052414,-0.1117454469203949
29.38437294960022,1.016698626151516,-0.08264287959129515,-5.077150807715952,0.00011764813517250024,0.0001743739322592054,0.0037939776415304763,0.00039948786146280454,0.0157256080439372,0.0068407069848569445,0.9829917776899043,-0.09976159028078192,-5.027539153686299,3.729075683568586,-0.3690543960780738,-0.01959122861738693,1.13346354290843,-0.028258437290787697,-5.115696340799332,3.78352952003479,-0.0604863241314888,-0.019945429638028145
29.424652099609375,1.2682651358449868,-0.10433329493739295,-5.072420793585479,0.00011747065748901604,0.0001738494672472835,0.0038528334147731975,0.00043922064228134566,0.015643821221590935,0.006826887971932174,1.1870934318022437,-0.12062736278428,-5.0250221743494885,4.091614725554979,-0.3996456290502951,0.061667301785600454,1.3125483207404613,-0.03780779242515564,-5.113030344247818,4.084512710571289,-0.07066623866558075,0.04552467167377472
29.480688095092773,1.4007077780147463,-0.12128394492609931,-5.045020726742223,0.0001175850334848483,0.00017372158398498797,0.0038799000459015225,0.00047900366288069633,0.015647766459706128,0.006818415992666012,1.4087972084211022,-0.14254160073957856,-5.018794833421594,4.439671326878683,-0.42554341851069133,0.1403816467802134,1.584181111305952,-0.05323566496372223,-5.104441553354263,4.49209451675415,-0.08664155751466751,0.13672852516174316
29.520380973815918,1.7034064065526575,-0.1411528121170837,-5.026215395890176,0.00011794595538068405,0.00017350226076956777,0.003934233272952329,0.0005771632054660189,0.015675988081407678,0.006798497897652301,1.6285828219949192,-0.16463185672759215,-5.008229159591661,4.745338541617218,-0.45068425195478756,0.20500854778623842,1.7929499559104443,-0.06606057658791542,-5.094765096902847,4.772435665130615,-0.09979768842458725,0.19709980487823486
29.584455966949463,1.8458389090625802,-0.1629528481489898,-5.011545665562153,0.00011820482577401295,0.00017331769296739395,0.003964556265290058,0.0006437182732195767,0.015688856994956955,0.006791366241302243,1.8830444603575591,-0.1894102906674574,-4.995222600952797,5.058216457849224,-0.4715624920076517,0.26135873680557625,2.1497613601386547,-0.08936737850308418,-5.073939710855484,5.197393894195557,-0.12232636660337448,0.27817732095718384
29.62450408935547,2.178730436540146,-0.19591951488806628,-4.976741309277713,0.00011877915259761163,0.00017261867235024994,0.004038150851362751,0.0008145954273398295,0.015670901350976103,0.006781074595732626,2.152657770925305,-0.21704106700189552,-4.9793343596428485,5.346174426089579,-0.4951653261150673,0.3002838230330099,2.386162679642439,-0.10575549677014351,-5.058219343423843,5.445073127746582,-0.13703280687332153,0.3165169358253479
29.681092977523804,2.3569214124204736,-0.20996943618904365,-4.960135632194579,0.00011923470930175533,0.0001726589634279684,0.004045737047581024,0.0008783484940230193,0.015737997984602896,0.0067768667421213725,2.414164750144791,-0.24142410010670712,-4.9639261174319556,5.588404577911555,-0.5042917982100092,0.31839907171818643,2.73191587254405,-0.13075445964932442,-5.034039884805679,5.764033794403076,-0.15704920887947083,0.35071396827697754
29.721065044403076,2.728320295331567,-0.2379869965293359,-4.945767235942185,0.00012027934071027154,0.00017272176747852775,0.004056316249213924,0.0010214590533409553,0.015885065659417264,0.0067660234296185815,2.6853526662076908,-0.2667410469966752,-4.947345925228696,5.802214464121836,-0.5105022908479483,0.3185488315475913,2.988319080322981,-0.15019481256604195,-5.01585379242897,5.969078540802002,-0.1706981658935547,0.3602452278137207
29.78507113456726,2.949981059736801,-0.26216017325279034,-4.930615231394768,0.00012081588475796935,0.0001727778996641642,0.004055369019910701,0.001088472085559843,0.015962934962066345,0.006759689560521113,2.9912519856326867,-0.293611317415652,-4.930494975799994,6.000282356671733,-0.5072204890754675,0.29841822944513013,3.4119307212531567,-0.18333763256669044,-4.986863523721695,6.251418113708496,-0.1892511546611786,0.3488338589668274
29.82501792907715,3.3244713048325263,-0.2886578808615277,-4.9196772668510675,0.00012205630817313909,0.00017252513547917544,0.004047366950659718,0.0012619854971386488,0.01607846168481094,0.006757925241128813,3.305363439474814,-0.3214213433014622,-4.91582862773937,6.156828964797503,-0.4999351789952697,0.2586430717546095,3.683491390198469,-0.20510438457131386,-4.969740301370621,6.3963141441345215,-0.19784286618232727,0.3257059156894684
29.881067991256714,3.520197453459009,-0.3126463190484709,-4.927175755612552,0.0001231116125318071,0.000172358804257787,0.004026597692039781,0.0013947704459576667,0.01618470255620854,0.006757930081724788,3.6014315186625283,-0.3462151000204287,-4.904717668516725,6.262452069251163,-0.4847504983235254,0.20867770761760907,4.069816987961531,-0.23637238517403603,-4.948332220315933,6.55363655090332,-0.20500525832176208,0.2764015793800354
29.92109203338623,3.9415333628661857,-0.34349026286187445,-4.910483024083078,0.00012564234687530292,0.0001719790772157743,0.003951848812027917,0.0016932470109395292,0.0164378374620298,0.0067489588200881495,3.9239684104851964,-0.3735317196064441,-4.894748618518192,6.330931228931179,-0.46465654546066604,0.14540208779610891,4.348323743790388,-0.25909099355340004,-4.935540109872818,6.631997585296631,-0.20645572245121002,0.23227852582931519
29.985149145126343,4.13336096389605,-0.35252245024855994,-4.9115765849128366,0.0001268504659700097,0.00017190051205296573,0.00390648692005784,0.0018198949740327935,0.016576388515773463,0.006740857018401258,4.200598385557139,-0.3942248964161195,-4.888778929333101,6.3542061328381045,-0.43810130950629006,0.08991123536912196,4.794444959610701,-0.29508477821946144,-4.920063883066177,6.697112083435059,-0.20127610862255096,0.1546446830034256
30.02514910697937,4.562236592312075,-0.39270192694725303,-4.933318595401943,0.00012894864431562666,0.0001717303892504758,0.00380922416969135,0.0020275506005497344,0.01680932063810482,0.006720000357597559,4.5263882031318685,-0.41747931115717113,-4.883639046221341,6.339870480184677,-0.4017881896470801,0.027068287443722073,5.07132188603282,-0.31716224923729897,-4.913627058267593,6.700563907623291,-0.19359728693962097,0.10616499930620193
30.081149101257324,4.764324002103313,-0.41559809012463184,-4.930093516595662,0.00012988894019431743,0.00017188075579113374,0.0037746972877575765,0.002103896431840063,0.01696284422104112,0.00670978595112264,4.852514255599152,-0.436986635210915,-4.882710331161598,6.285999555236827,-0.35671518355400805,-0.028141060842929336,5.453911226242781,-0.3467651344835758,-4.908546358346939,6.660854339599609,-0.1772182732820511,0.04413207992911339
30.12114906311035,5.137857076847609,-0.44306888486318746,-4.931636389344931,0.00013221119091789672,0.0001715893242908235,0.003633950802259747,0.002303153564041185,0.017210152455441267,0.006701066765126771,5.1720982491764325,-0.4552272598830884,-4.884830273429874,6.19436282830507,-0.3101517651663198,-0.07258802568070613,5.722107332199812,-0.3665902651846409,-4.907532125711441,6.603184700012207,-0.1616261601448059,0.006187846884131432
30.18514895439148,5.352614333863278,-0.4610088197282081,-4.933453435078263,0.00013370537970245993,0.00017136472603513029,0.0035377258478200397,0.0024259197068915222,0.01736528325208563,0.006698218489480966,5.463635348643682,-0.4694548724482626,-4.889049122880665,6.082578069533441,-0.2637972743052483,-0.102754553569274,6.139769475907087,-0.3953149951994419,-4.909726530313492,6.466551780700684,-0.13039009273052216,-0.04092869535088539
30.225149154663086,5.736298175474244,-0.48211449565748654,-4.932402076257858,0.0001366480269856626,0.0001708317298270938,0.003336783382045015,0.002658488354935229,0.017659592783643614,0.006700498910905283,5.76984506109755,-0.48240905753926877,-4.895866838293894,5.933962513386266,-0.2126157040864772,-0.12407806364929576,6.392720144242048,-0.4111631251871586,-4.912989050149918,6.356928825378418,-0.10782037675380707,-0.0616677887737751
30.289149045944214,5.913876217857298,-0.49136298417293567,-4.952635483816266,0.0001378425371129175,0.0001705601073913757,0.0032437789829209652,0.0027486101100454886,0.017767286209632673,0.006698995367419571,6.02533768353528,-0.4911163135463643,-4.901665203586139,5.791639608720615,-0.16781659801300391,-0.13336981457388106,6.78169671818614,-0.4328352250158787,-4.920555979013443,6.1480231285095215,-0.06762592494487762,-0.08191388100385666
30.321149110794067,6.288128478013581,-0.5132986835046801,-4.962764457799494,0.00014093598284486722,0.0001701970032868949,0.0030895876303563114,0.0029909948054515226,0.0181550589350073,0.006700745994817027,6.314058268937014,-0.4975463487505556,-4.909693945805014,5.603318333007949,-0.11367740694611052,-0.13598688980653587,6.968378942459822,-0.4418707527220249,-4.925040632486343,6.030084609985352,-0.04601825401186943,-0.08688357472419739
30.385149002075195,6.471187901788674,-0.5175430771255585,-4.963290294632316,0.00014218790509540897,0.00017016681072787906,0.003063195744700525,0.0030955015944721235,0.018352979263871437,0.006697506977085249,6.574994415510175,-0.5008893594776271,-4.9160767701836035,5.4167268918212885,-0.06345447742689798,-0.13141566894031573,7.325059335678816,-0.45605913177132607,-4.934713751077652,5.771059513092041,-0.0009801203850656748,-0.08814489096403122
30.425148963928223,6.846781387009437,-0.518074917381338,-5.004474589601159,0.00014517682573273643,0.00016959330019164758,0.0028891577572714173,0.0033208008919474144,0.01869109353450801,0.006688343390055319,6.84382680517289,-0.5021724369047359,-4.922354385350153,5.199702774543355,-0.01075558922023651,-0.120811232632137,7.53628770634532,-0.4621628262102604,-4.940877825021744,5.595824241638184,0.028192076832056046,-0.08409950137138367
30.481148958206177,7.019644334922513,-0.5171845343657621,-4.992969637736678,0.0001463487585029273,0.00016927013227113421,0.002803346126997014,0.003404684638006926,0.01880077665025449,0.006686397472446345,7.085848522229961,-0.5014899693362057,-4.927923936431378,4.991761974372287,0.036501849399116625,-0.10689499933395998,7.8167318515479565,-0.46719593182206154,-4.949151426553726,5.336618423461914,0.06910624355077744,-0.07339479774236679
30.521149158477783,7.334193548796751,-0.5117274921304932,-4.994272920303047,0.00014937779668032806,0.00016848672690300732,0.002635103794305166,0.003638114615862809,0.01912328945070533,0.006683951958089181,7.313007849651773,-0.49776493164372315,-4.933125610557049,4.773583999900895,0.08264665920105395,-0.09074756637647018,8.006014745682478,-0.46841925755143166,-4.954647928476334,5.143032550811768,0.09805196523666382,-0.06317683309316635
30.58514904975891,7.4929202749003,-0.5109549037046687,-4.989037431776524,0.00015085846778311823,0.00016811216629408822,0.002580541311021211,0.00376174439871867,0.019299169814066725,0.00668250566000926,7.551107026552458,-0.4914969591687862,-4.937538665676391,4.53302082272259,0.1309914487632293,-0.07117606361303275,8.28921214863658,-0.46639567986130714,-4.962582975625992,4.82199239730835,0.14289921522140503,-0.04387475177645683
30.62514901161194,7.77893394968892,-0.4901353973673331,-4.985088813118637,0.00015337108753662673,0.0001673295472119073,0.0024598551675234772,0.003963724849811705,0.019562696236349236,0.006680917949160454,7.77418573191253,-0.48255293832066837,-4.94113583861767,4.286029254162881,0.17726214467319476,-0.05109583361649988,8.453822057694197,-0.46271831169724464,-4.9668029844760895,4.615570545196533,0.16980546712875366,-0.030886048451066017
30.689149141311646,7.897518017966468,-0.48158194891268247,-4.974855500040576,0.00015461183954514117,0.0001668968536252027,0.0023977889850783367,0.004063289307932759,0.019686352866220717,0.006679375261508961,7.971296816775407,-0.47262823830182377,-4.943227743876075,4.056900365245931,0.21781192580420217,-0.032224469242363725,8.697281759232283,-0.45318374410271645,-4.972195535898209,4.279148101806641,0.21068225800991058,-0.009072305634617805
30.72114896774292,8.164684394188212,-0.4812950799146127,-4.978641388821416,0.00015718848041637996,0.00016589125701561074,0.0022626754399547,0.004268926640998975,0.01992759803000501,0.006675356263890345,8.154018455096917,-0.46051480991517185,-4.944435065605392,3.824837039087306,0.25554623183831904,-0.013979130673440867,8.80998794361949,-0.4468551017343998,-4.974231630563736,4.1092915534973145,0.2296975702047348,0.0019625762943178415
30.785149097442627,8.401191674654399,-0.4624030746777267,-4.969441015273333,0.00016042865395614662,0.00016444682013632995,0.0020661279011275928,0.004521323584786503,0.020191076405724116,0.0066810104397392696,8.338666850986009,-0.44555584671769893,-4.946063729875216,3.5736374569615306,0.293588797979553,0.004206046714764746,9.018652837723494,-0.43148860707879066,-4.976968199014664,3.7697131633758545,0.2647797465324402,0.022949235513806343
30.825149059295654,8.505522583124655,-0.4460000860972312,-4.97503293864429,0.00016179162072301427,0.0001638052525441455,0.0019996554333399814,0.0046357434452615085,0.02030480494259751,0.006688763148610929,8.51465458810255,-0.42894029058662925,-4.9466851038465505,3.3265994288097787,0.3295677392312603,0.02082357932783982,9.137240331619978,-0.42019594088196754,-4.977826029062271,3.5581088066101074,0.28469881415367126,0.0353432334959507
30.88114905357361,8.710301508181352,-0.41706853376293307,-4.975996729335748,0.00016476284559026417,0.00016227334577045778,0.0017963284834198873,0.0048623888685147085,0.02050652189898009,0.006703220800381481,8.661933871457519,-0.4120436895935448,-4.947816983119089,3.0994099393707097,0.35888093181137737,0.03428175442799308,9.288127820938826,-0.402453426271677,-4.978156477212906,3.263986825942993,0.3098875880241394,0.0510607548058033
30.921149015426636,8.821880541379292,-0.41082382169203685,-4.978857169859111,0.0001654774932463821,0.0001619727469664388,0.0018950883559980159,0.004979376988293278,0.020638568873196067,0.006709744400073278,8.814101794022257,-0.3912760905809993,-4.946708788029681,2.8608877295346082,0.3910324795116995,0.04746799914603032,9.385589521378279,-0.38854122534394264,-4.97792187333107,3.056899070739746,0.32579144835472107,0.06112651899456978
30.985146045684814,9.007013034148423,-0.38416127584799886,-4.978846980258822,0.00016630153850435514,0.0001616518361239981,0.0022199414879051247,0.005205143207193206,0.020904667423922583,0.006709711709891261,8.941317373280837,-0.36866982879293997,-4.944443441833988,2.645027394751325,0.4213170303599019,0.05760860014421948,9.524281423538923,-0.36430469527840614,-4.9766506254673,2.732236385345459,0.3478935956954956,0.07501016557216644
31.025146007537842,9.079139780697957,-0.36707840700857786,-4.966151182423346,0.00016676939883185666,0.0001614119132486242,0.002353439660253447,0.0053132980983741345,0.021021188323340666,0.006711557656294946,9.070618397595837,-0.34467022228539174,-4.941563053964267,2.419521694176194,0.44876518374262403,0.0664179325754224,9.60141746327281,-0.34801870957016945,-4.975293070077896,2.5356063842773438,0.3598383069038391,0.08221721649169922
31.081146001815796,9.240900608978583,-0.33679411738963244,-4.963466413319111,0.00016764771389751984,0.0001608704641302587,0.0025581688390180204,0.0054978511044072274,0.021206901029749432,0.006709917443500703,9.177844187834244,-0.3203926536114499,-4.938222710045255,2.2177810653544094,0.4730544480514408,0.07228611354694257,9.696911733597517,-0.3237626291811466,-4.972808748483658,2.268571138381958,0.37440353631973267,0.09016545116901398
31.121145963668823,9.305179085241855,-0.325780006078127,-4.953715652460232,0.00016805285284273217,0.0001605895395544326,0.002671503524609852,0.005592840138693426,0.0212974704336396,0.006710496041759777,9.285720670023085,-0.29406415557223986,-4.934503611459714,2.0086853405411453,0.4949350239896041,0.07641138603638874,9.756809156388044,-0.3055594600737095,-4.970595747232437,2.084596872329712,0.383251816034317,0.09444591403007507
31.18514609336853,9.416089206416272,-0.28936286639101616,-4.970600992441177,0.00016907847625897838,0.00015980040407331074,0.0029522066872007123,0.005833554109942548,0.02151384780649803,0.0067126044100065,9.365315721491275,-0.26887295698974106,-4.931646639670944,1.8381694969176516,0.5142011790610451,0.07805129151931409,9.838884275406599,-0.27516135945916176,-4.9664086401462555,1.8028603792190552,0.3944949209690094,0.09863577783107758
31.225146055221558,9.473577269551054,-0.2662047637342304,-4.96861679200083,0.00016954290638119545,0.00015938586696192858,0.0030742690532387213,0.005940635437226668,0.021605421995287477,0.006706116809874902,9.46016588575979,-0.23824811707199672,-4.9265345775478835,1.6332114339151915,0.5319004427705082,0.07817849615342798,9.882248800247908,-0.2554505504667759,-4.963549047708511,1.6352940797805786,0.3998164236545563,0.09991493821144104
31.28114604949951,9.585035336430314,-0.23764181571591,-4.943601465551183,0.00017096747445987604,0.0001582150844675441,0.0031169192701249572,0.006117366263665831,0.02172527420369871,0.006698728655327886,9.530103618908935,-0.21141781666021456,-4.922137059931712,1.4661387857508277,0.5433499904157318,0.076215931195574,9.933257024735212,-0.2270253486931324,-4.959297567605972,1.4122850894927979,0.4054138958454132,0.09962476789951324
31.32114601135254,9.614579672166272,-0.22469394454349692,-4.960959632880986,0.0001718095476560683,0.00015752964257599255,0.0030907028493900594,0.00619822939630473,0.021769836149932727,0.006696543936535923,9.599671794220482,-0.1828482708462634,-4.918190910441668,1.296810848802445,0.5515835202587217,0.07235088409559255,9.963497083634138,-0.2063615508377552,-4.956068426370621,1.2617299556732178,0.40779003500938416,0.09824986010789871
31.385146141052246,9.685151180615991,-0.1836968351913916,-4.960205899551511,0.00017293942120862602,0.00015644848647362728,0.0031682522004992724,0.006361517295179428,0.02187009752250891,0.006686872360272147,9.65452699637955,-0.15498982474341846,-4.9138553793571464,1.149765357765535,0.558206630320932,0.06734495652220658,10.001748960465193,-0.17287414148449898,-4.950978189706802,1.0360772609710693,0.40923088788986206,0.09405916929244995
31.425146102905273,9.7233693300478,-0.1628331463389949,-4.973306925967336,0.00017364938486257963,0.00015577787405419982,0.003195906695844761,0.006455262238784341,0.021921081646470497,0.0066861930188848355,9.708201890581321,-0.12528212858482185,-4.910645813217142,1.0023504035031752,0.5611370014190503,0.060390059734994915,10.019974630326033,-0.1518159843981266,-4.947813898324966,0.9049760699272156,0.408285528421402,0.09032011032104492
31.481146097183228,9.793852853349126,-0.12996240268203885,-4.9615402445197105,0.0001745983324227555,0.00015477171963011694,0.003280353570300317,0.006605021022215503,0.0220011669978583,0.0066834534814234365,9.75002690776429,-0.09705468974907926,-4.907883975817235,0.8760518944222364,0.5623198035024907,0.05305054034435593,10.038566511124372,-0.12212341651320457,-4.9435557425022125,0.7340115904808044,0.40505796670913696,0.08371727913618088
31.521146059036255,9.829108126777399,-0.1154906715387098,-4.952241577208042,0.00017515527696886066,0.00015421205395725927,0.0032946315937033895,0.006675804002383778,0.022032372880592555,0.00668375687427838,9.79069253523832,-0.0675485572100751,-4.905550877411925,0.7508778339603129,0.5592154706709126,0.044188702656513965,10.047643583267927,-0.10093993321061134,-4.9407362043857574,0.6211447715759277,0.4012525975704193,0.07837102562189102
31.585145950317383,9.870468512211458,-0.07320523065034054,-4.938843145035207,0.00017654613563685537,0.00015291580270874474,0.003261285668776388,0.006819400853236103,0.0220809910397606,0.006696885340738075,9.820164487146481,-0.040832009583031244,-4.908080494566074,0.6180853714724167,0.5513549827236387,-0.08880070412428001,10.055573385208845,-0.06733157113194466,-4.938168436288834,0.4346592426300049,0.390336811542511,-0.028995918110013008
31.62514615058899,9.889585255659432,-0.044234217932804756,-4.934125256724656,0.00017725554466881016,0.000152204716063996,0.0032552652109151307,0.006898858766602805,0.02210670798835798,0.006705315387678017,9.844819568637547,-0.014007189058763414,-4.918083175657317,0.4874773676958477,0.5675242590049383,-0.29076631654921226,10.055826108902693,-0.04655997455120087,-4.942626863718033,0.3125940263271332,0.39411261677742004,-0.17903071641921997
31.681146144866943,9.88814246330063,-0.0029717154083871737,-4.93143377546221,0.00017800763681130575,0.000150977175634278,0.003461512215776578,0.0071004452205538195,0.02220439174615882,0.006725218892663965,9.863093523738799,0.02105405455317102,-4.942162795375135,0.36687060408288247,0.6683980848870335,-0.514100410106749,10.049858968704939,-0.015271294862031937,-4.9616173803806305,0.1528112143278122,0.4782927632331848,-0.4371405839920044
31.72114610671997,9.907323206555724,0.02052093987383415,-4.949714103713632,0.00017782329862734174,0.00015080381081122022,0.0036081828197201513,0.00716082216159742,0.022246392608204213,0.006725198367209674,9.87813703778339,0.05876683900671128,-4.969418255008749,0.292589612672534,0.8218011845016785,-0.6088243097660714,10.041827123612165,0.011542744934558868,-4.983614355325699,0.06537789106369019,0.5953030586242676,-0.5457000732421875
31.7851459980011,9.9187633826532,0.08578079471196301,-4.995425421744585,0.00017786073989709306,0.00014989686491585584,0.0038495447737052634,0.0073074560119294465,0.022320018183861447,0.006722759142184138,9.888514329021646,0.10677835169471131,-4.9985796500193596,0.24373480318550125,1.013320964098434,-0.6140904444114718,10.024872701615095,0.06781303510069847,-5.0259837210178375,-0.034226611256599426,0.8451348543167114,-0.5821455717086792
31.825145959854126,9.935650611012512,0.12816355185239836,-5.040294086560607,0.00017814944544653806,0.0001490006302146471,0.00395193990287605,0.007408354962143082,0.022353516514823583,0.00672123183488047,9.8972833549791,0.1626712659557797,-5.026954775105345,0.21109379611779328,1.2286913257540224,-0.5698870711533346,10.01316062733531,0.11302903667092323,-5.05262890458107,-0.07951761782169342,1.0286809206008911,-0.5517088770866394
31.88114595413208,9.947872882504214,0.22534173243343847,-5.0664210468530655,0.00017813255073984013,0.0001474802616620622,0.0042351137887241186,0.007595514641747413,0.02242152507886777,0.006717069197697911,9.903566188083028,0.23334685604679545,-5.0520442604993425,0.18949114870084122,1.4739581599939116,-0.502873755914151,9.99639980122447,0.19263891503214836,-5.086782366037369,-0.1284974217414856,1.3189479112625122,-0.47697171568870544
31.921146154403687,9.946700910567973,0.2860040929572411,-5.0806072279810905,0.00017789290145024355,0.00014680748360769178,0.004399691323178961,0.007680494663312354,0.02245282209433396,0.006712747296010192,9.911726882974683,0.32096687142371244,-5.0754389925591985,0.1759791668955801,1.7650393953531256,-0.4237843984499593,9.984623830765486,0.26189857348799706,-5.107759863138199,-0.15568992495536804,1.5499510765075684,-0.41520819067955017
31.985146045684814,9.958666502486258,0.39664249331244067,-5.092172773554921,0.00017750617316846757,0.00014485277320140774,0.004724342797684763,0.007881700883216809,0.0225020570270241,0.006707849207913396,9.917134667216581,0.42899718372230305,-5.094524721162168,0.16964291153469724,2.088967749953287,-0.34741900721262087,9.966988485306501,0.3975692056119442,-5.134568601846695,-0.1883525252342224,1.960697054862976,-0.3168123960494995
32.02514600753784,9.949683661554431,0.4677130380230408,-5.088308854959905,0.00017730119485722054,0.00014381200024682196,0.0048622244599115395,0.007974151744774066,0.022514970089783315,0.00670706324334066,9.924168500406568,0.5502633525955104,-5.11050940837176,0.16916562819092698,2.434133141161964,-0.2794872465912145,9.956993024796247,0.49911027774214745,-5.147207170724869,-0.2024543732404709,2.2415096759796143,-0.2598794996738434
32.081146001815796,9.955524871156479,0.6438006516028605,-5.090646133758128,0.00017680065945075712,0.00014152893156760396,0.0051176680163417965,0.008154594700128102,0.022523144194785318,0.006708624081414862,9.928785625698252,0.6831422173055864,-5.122404337599399,0.17335768948942334,2.7766579253526995,-0.2256625528682221,9.944321554154158,0.6629924736917019,-5.160386949777603,-0.21507671475410461,2.6605591773986816,-0.18921765685081482
32.12114596366882,9.966700789826145,0.7389347839240233,-5.103246467188001,0.00017661142118085286,0.00014046320018271607,0.0051983521774068555,0.008224064841628107,0.02251459295675949,0.006708260031559571,9.93644227352643,0.8404449198845051,-5.132630447977498,0.1808246517373614,3.1578262979576794,-0.17432680277797064,9.936472814530134,0.7966036163270473,-5.166987806558609,-0.2194320410490036,2.9763567447662354,-0.14567093551158905
32.18514609336853,9.992548911981926,0.9591721404779532,-5.109052020125091,0.0001758514134514695,0.0001379443215503284,0.0053904690678228265,0.00836707877873561,0.022478899761908148,0.006697903548253835,9.942144991200735,1.0080387036782776,-5.137746418557117,0.18982651045277008,3.5069310211209648,-0.11266479838416718,9.92656509205699,1.0406628213822842,-5.172937303781509,-0.21790185570716858,3.48527193069458,-0.0642848014831543
32.22514605522156,10.010301950693956,1.1992491084943526,-5.120359259657562,0.00017509333912804232,0.00013539089230776293,0.0055075476021927226,0.00847496064368256,0.022412710157372777,0.006676793436178244,9.94856317411096,1.190571570087698,-5.1381827536094145,0.19877370455925172,3.8433795850242713,-0.0374358082240369,9.92222873494029,1.2117610536515713,-5.17311754822731,-0.2122848778963089,3.7955808639526367,0.0007397047593258321
32.28114604949951,10.021875564214579,1.3562774873437222,-5.11119897570461,0.0001746475126618485,0.00013427283480960217,0.005559612558525603,0.008514920998362218,0.022377944934516347,0.0066645558891347415,9.956443342488917,1.3690801906160537,-5.136365908413641,0.20749355453468143,4.140526397455516,0.03550624869034547,9.918515127152205,1.4734011255204678,-5.16813126206398,-0.19987885653972626,4.218119144439697,0.09988828748464584
32.32114601135254,10.040767034989347,1.6450245857041172,-5.072347241453826,0.00017380920369569624,0.00013200839039113918,0.00563021896107687,0.008586225977910965,0.022296881249480226,0.00664682887904516,9.967072211426554,1.6343792500207195,-5.128508835577331,0.2180973878565809,4.531063373552275,0.13006407306584347,9.917675893753767,1.6754074655473232,-5.160674005746841,-0.18837310373783112,4.511142730712891,0.1697973608970642
32.385146141052246,10.042986979279734,1.8005889123299126,-5.056843530386686,0.0001732830930461165,0.00013076890226735587,0.005672071533299625,0.008623909996394088,0.02225062473108983,0.00664148260390536,9.976610804276353,1.8620505867655717,-5.119652059292252,0.22573407738100856,4.827591473527293,0.19515815364526173,9.919491689652205,2.02260809764266,-5.142693430185318,-0.16683292388916016,4.9603657722473145,0.27017635107040405
32.42514610290527,10.05478706491743,1.984309218083108,-5.040378189645708,0.00017248974669649607,0.00012941643002554318,0.005742333461098597,0.008662298881812528,0.022199537476290623,0.006633550247130226,9.986679783378872,2.104692015245338,-5.107503424639777,0.23238073203228585,5.107874839598327,0.2470200636168467,9.922681730240583,2.254107531160116,-5.127893358469009,-0.15197569131851196,5.226320266723633,0.3220243453979492
32.48114609718323,10.067628337847674,2.318772678121121,-5.020608291961253,0.00017101313573662005,0.0001267494671367365,0.005845080560652408,0.008727858477305462,0.022088975920166856,0.006623792046922465,9.99696693992662,2.3850507718516867,-5.09150854879047,0.23650000342456837,5.390207839371136,0.2854923496100727,9.929326932877302,2.594901379197836,-5.1037072241306305,-0.13155007362365723,5.5748186111450195,0.37687948346138
32.521146059036255,10.101611863431774,2.694043273512901,-5.016745761036873,0.00016951032672254477,0.0001240927745242989,0.00591936901736505,0.008775515977248445,0.021966202093158627,0.006611110527349906,10.007487524355712,2.678519793114018,-5.073742706062153,0.23716920604137431,5.643163679286834,0.30258969375758354,9.935722272843122,2.8496985994279385,-5.0846361219882965,-0.11717647314071655,5.8040452003479,0.4013279676437378
32.58514595031738,10.111423227287943,2.885209685467175,-5.011833807453513,0.00016872875895476626,0.00012280854151157578,0.005954714283604398,0.008794338305240233,0.021904424273937677,0.0066058255130405025,10.018050184009748,2.9575533163989367,-5.0582141739240285,0.2350348459195117,5.845422242451213,0.29813870813667165,9.947832029312849,3.2733972631394863,-5.052886873483658,-0.09704021364450455,6.128903388977051,0.41225355863571167
32.62514615058899,10.128179249500882,3.261098913621538,-4.987286379560828,0.0001671304788825632,0.00012070147450850892,0.006041602519918116,0.008817993400030212,0.021801829765074138,0.006595072777015719,10.028580407644146,3.2486581471149916,-5.042225990215177,0.2301625524599341,6.017216145912062,0.2749310916127872,9.956492345780134,3.546590145677328,-5.033286482095718,-0.08674198389053345,6.302092552185059,0.4011499583721161
32.68114614486694,10.143375602178107,3.492513625710164,-4.969729565083981,0.00016644520030918917,0.00011961838597895957,0.006063812709228612,0.008826698353375247,0.021745984908671495,0.006591241754737215,10.039708797955681,3.567979070086443,-5.028192749773632,0.2200629458837719,6.1600073040528525,0.23004568784413967,9.969539564102888,3.937090214341879,-5.007655531167984,-0.07631617784500122,6.500986576080322,0.36399635672569275
32.72114610671997,10.146139705014187,3.883832582684581,-4.958113031461835,0.00016506258798838948,0.0001175377621353082,0.006100956115922028,0.008832041063401522,0.021633903409981264,0.006576260993791342,10.049687264139653,3.8955994773354203,-5.0150462879760696,0.2056590416001702,6.257730758447577,0.1707425704939488,9.979471128433943,4.2200763784348965,-4.991477876901627,-0.07155697792768478,6.6093058586120605,0.3246026635169983
32.7851459980011,10.148639969803483,4.092891005778285,-4.932283788919449,0.0001643800913424718,0.00011631091383116271,0.006106732853258713,0.008832880514640222,0.0215666580243135,0.006567941218372511,10.058128866677565,4.199352252008478,-5.006856481521885,0.18869248370356329,6.304124645391492,0.10859200977896105,9.995445173233747,4.676009949296713,-4.970400243997574,-0.06974750012159348,6.720080375671387,0.24751974642276764
32.825145959854126,10.151159079157233,4.5280636408467085,-4.9468120550736785,0.0001630622933704124,0.00011379285914704293,0.006109987752816262,0.008828935911370578,0.021428558634522105,0.006550048339980657,10.064262215885377,4.506146783116293,-5.0001085675228225,0.1680812044030404,6.310798897889925,0.04588118910613136,10.00516502186656,4.960698898881674,-4.960567384958267,-0.07189647853374481,6.750019550323486,0.19559602439403534
32.88114595413208,10.152649919992701,4.728923902393591,-4.960717492736876,0.00016258376467259643,0.00011287642123582794,0.006111691277462261,0.0088256126520614,0.021378318194177556,0.006542713979274123,10.071567070708403,4.834996006916442,-4.998193574613555,0.14498343584181364,6.273695458584006,-0.017761862784292787,10.017607610672712,5.356059368699789,-4.95105305314064,-0.07949599623680115,6.74294900894165,0.12532471120357513
32.92114615440369,10.161914067287087,5.14555214307268,-4.963294679298997,0.0001614782630415174,0.00011124777498936939,0.006134574338596284,0.008811103951268252,0.021288156945037117,0.006524220219661595,10.077030050096937,5.137683884689573,-4.9972406689132205,0.12217882185331655,6.2040715241935755,-0.06779607611797378,10.025649946182966,5.633948620408773,-4.9473094046115875,-0.08748487383127213,6.7048540115356445,0.07966581732034683
32.985146045684814,10.153650136658955,5.348471631288925,-4.961563594639301,0.00016115228679238088,0.00011059013878660537,0.006137334564933618,0.008805830115690966,0.02125317353474854,0.00651673126293549,10.082114463963116,5.458446194504738,-5.000707657979629,0.09649576172008417,6.092572991735717,-0.11034552972111769,10.036687772721052,6.067927177995443,-4.945843130350113,-0.10422089695930481,6.59248685836792,0.019488437101244926
33.02514600753784,10.154219851279905,5.737659288308808,-4.977016610093415,0.00016037726841313675,0.00010945946565428397,0.006157843369450622,0.00879287123468319,0.02119271001641661,0.006504212408076833,10.085584692951844,5.750127786577397,-5.004593189884472,0.07260107539527628,5.962890974954351,-0.13777806543295312,10.042340200394392,6.330851849168539,-4.947345167398453,-0.11630676686763763,6.493844032287598,-0.009137973189353943
33.081146001815796,10.15470708928329,5.949283291420965,-4.966873190365732,0.00016005352326551326,0.00010898811809332767,0.006166695686136831,0.008785900576848214,0.02116724205184668,0.006496705788026805,10.088500564307784,6.05688208092313,-5.01101832330379,0.04721979071728642,5.796685378937153,-0.15526637167029045,10.048447530716658,6.686571892350912,-4.951880365610123,-0.1345209777355194,6.324685573577881,-0.03720315918326378
33.12114596366882,10.176046571952174,6.329521053159851,-4.98495065793395,0.00015962913184162895,0.0001083717547284277,0.006178208011387151,0.00877427757141562,0.021132317587527847,0.006481814141568603,10.09014611459889,6.309708677658543,-5.0155820979546615,0.026252948312900107,5.63891037989187,-0.16092056466620702,10.051491659134626,6.931220825761557,-4.956247240304947,-0.1478603333234787,6.18467378616333,-0.04936473071575165
33.18514609336853,10.166389476662518,6.503613091910268,-4.966755215078592,0.00015957385153109963,0.00010801580969720437,0.0061813257870106785,0.008771793621922421,0.021117626445975472,0.0064752651513845585,10.090490482922194,6.6196906434079175,-5.02349990617883,0.00023545507655542853,5.418188177161479,-0.15889903281831103,10.054276388138533,7.304374035447836,-4.964473634958267,-0.16912418603897095,5.9319329261779785,-0.0577336922287941
33.22514605522156,10.163659252457967,6.876484271821487,-4.995412290096283,0.00015902344928881378,0.00010750086870559396,0.006195777507614606,0.008755924136385314,0.021083167254354336,0.00645850915802499,10.090295473777983,6.897165994138119,-5.028811270081212,-0.022816801925032326,5.19789255379617,-0.1487067093711328,10.054802816361189,7.525328453630209,-4.9699205458164215,-0.18227961659431458,5.758432388305664,-0.05698955059051514
33.28114604949951,10.148618021960903,7.039215987105051,-4.999505688436329,0.0001587250284375041,0.00010735824266353592,0.006201505707688904,0.008748044784153218,0.0210691745946324,0.006453159680396375,10.089136239451697,7.142247588242732,-5.034714168519578,-0.04305049828124997,4.983296198265617,-0.13443920372378113,10.053957860916853,7.818483170121908,-4.977378278970718,-0.1997167021036148,5.49916410446167,-0.049953874200582504
33.32114601135254,10.13422366370628,7.367992822145516,-5.015514858532697,0.00015811258450391892,0.00010710070193198731,0.006210662827454182,0.008731638297585378,0.021041065200854293,0.006443613383209386,10.087441102401959,7.377434620267921,-5.039114129448995,-0.06205551645077766,4.760244352814568,-0.11655333975034733,10.052397649735212,8.01589709147811,-4.982374578714371,-0.2111622393131256,5.303855895996094,-0.04172177612781525
33.385146141052246,10.13658979587589,7.530822390300677,-5.0193157938774675,0.00015768014713600598,0.00010714647990016252,0.0062078291517611,0.008720420192676211,0.02102527672213419,0.006439514103363836,10.08497789090954,7.6011678995682415,-5.043536232441473,-0.08021952951626751,4.530455915118107,-0.09663743974713945,10.048262517899275,8.311518963426352,-4.9894823133945465,-0.22788304090499878,4.978340148925781,-0.024456247687339783
33.42514610290527,10.108452348391237,7.822383787870512,-4.998379744589329,0.0001569363619224056,0.00010708186581012181,0.006203416234378858,0.008699897218648136,0.020992618400314276,0.006427884770595051,10.081571725319714,7.831475851239823,-5.045971585979715,-0.09871714736834404,4.276247478385003,-0.07364739710512701,10.044798772782087,8.483434971421957,-4.993255525827408,-0.23714572191238403,4.7685112953186035,-0.012158666737377644
33.48114609718323,10.111478254604288,7.966383312937493,-5.024056228809059,0.00015621497632231472,0.00010710821229286596,0.00619282630760633,0.008681032033811,0.02096274718445963,0.006423331258853072,10.077689050285755,8.032057236798382,-5.048188771427775,-0.11477834807652952,4.038360658379842,-0.05172761390470538,10.0390156917274,8.707474049180746,-4.9974988996982574,-0.24839730560779572,4.468892574310303,0.006513780448585749
33.521146059036255,10.108346873003272,8.22948990909177,-5.019332741387188,0.00015478355519746157,0.00010701192434003408,0.006172205497805193,0.008641912909632314,0.02089730101007135,0.006409236765789434,10.074012381393906,8.222237753032998,-5.047796445889178,-0.12955950644599598,3.7992903232372575,-0.030033105945937985,10.0343131236732,8.855490025132895,-4.999755293130875,-0.2553172707557678,4.251975059509277,0.020084887742996216
33.58514595031738,10.116253480392023,8.34771077883421,-5.022928040008992,0.00015422187307425426,0.00010690040854037519,0.00616507152208893,0.008625645541306045,0.020868525020041696,0.006400324019385802,10.067640569453324,8.41390221139186,-5.047335673310074,-0.1455159167920783,3.5395016974845634,-0.007722312451335731,10.026048582047224,9.0721476636827,-5.0020298063755035,-0.26427045464515686,3.902480125427246,0.04128418117761612
33.62514615058899,10.112385924557907,8.589765364133582,-4.992512731812894,0.00015333029279444117,0.00010682214953890612,0.006144051400649001,0.008599874049009948,0.020820944181467224,0.0063850255654281625,10.061172743063764,8.592422537971967,-5.044662867145274,-0.16003515794485343,3.2814404450459804,0.013339540646317252,10.02043430134654,9.195199307054281,-5.002589136362076,-0.2686387896537781,3.6841752529144287,0.05400563031435013
33.68114614486694,10.118380897771914,8.695179192797182,-5.012975733727217,0.00015240591420085056,0.00010664485378654063,0.006128199337564317,0.008573769127084819,0.020774076108087493,0.0063777963470278975,10.05434515989655,8.745578878238904,-5.042364797125018,-0.17267168394247012,3.0461573666502404,0.030963892935635947,10.011997144669294,9.352690991014242,-5.002403169870377,-0.2735276222229004,3.3816068172454834,0.07057186961174011
33.72114610671997,10.114287646347472,8.905632766046635,-5.020909880986437,0.00015026476567884115,0.00010647023825342224,0.006069562853556652,0.00851456577791287,0.02066349346576969,0.006364056674316651,10.048100673280787,8.899895047702914,-5.038034275318137,-0.18436054204426797,2.795891922988153,0.04803526948607517,10.005754392594099,9.454203899949789,-5.001411825418472,-0.2759312689304352,3.16772198677063,0.08149512857198715
33.7851459980011,10.115717116109817,8.993148305842587,-5.0084715355187654,0.0001487732268077209,0.00010620115768676293,0.00603653431874624,0.008472379447274508,0.02058697190766004,0.006358200540349986,10.040714465845582,9.030526645452372,-5.034357933777692,-0.19506212812459547,2.569987189444815,0.06126196197709514,9.995629232376814,9.598739918321371,-4.998993307352066,-0.2783464193344116,2.832258939743042,0.09623311460018158
33.825145959854126,10.103850815654267,9.160875480287842,-5.017466398421675,0.0001462676554995444,0.00010579046241397956,0.005971494008059203,0.008401171314449007,0.020454404324760787,0.0063461937132962346,10.034150788183556,9.151533273697957,-5.029122083360667,-0.20393306678094902,2.3506064192353766,0.07263745288060111,9.989259641617537,9.67835646495223,-4.996740251779556,-0.2788000702857971,2.6278223991394043,0.10405118763446808
33.88114595413208,10.095977785621642,9.250543080851575,-4.993887917138636,0.00014470406887863633,0.00010582147369745911,0.0059044938818432185,0.0083595808976879,0.020369309213116308,0.006342385975909255,10.025638898766726,9.26880433109889,-5.024430328069111,-0.2131965004182143,2.1198761023651205,0.08190952738887043,9.980341833084822,9.776460941880941,-4.992804914712906,-0.2784721851348877,2.3497257232666016,0.11274337023496628
33.92114615440369,10.093966398169984,9.382954039557564,-4.969695508480072,0.00014054897777796173,0.00010529818293197661,0.0057728045189797276,0.008242731325563697,0.02015122958620642,0.006342617555581542,10.019185161529915,9.377337286219117,-5.019640399208745,-0.21967401193793065,1.8995581651847717,0.0884951058017143,9.97391788288951,9.83802443370223,-4.989516645669937,-0.2776004374027252,2.158163547515869,0.11747469753026962
33.985146045684814,10.088959846619378,9.447336861321576,-4.970426243729889,0.00013881879644222093,0.00010532897343336138,0.005692463715453599,0.00819689673615484,0.020055579099352065,0.0063422711565991104,10.011060692109092,9.464769351805316,-5.015157010068929,-0.22590763370866412,1.7037148049855433,0.09200980031378388,9.96389476582408,9.922012623399496,-4.983713060617447,-0.2749410569667816,1.8643113374710083,0.12182564288377762
34.02514696121216,10.074670472942552,9.555352002741888,-4.952040709555149,0.00013429545778201538,0.0001046843606082152,0.00553841833004022,0.00806682410846802,0.019810072246080508,0.006336664093381102,10.005287157259025,9.54604272989084,-5.009497786840887,-0.22945787381020838,1.518082976723341,0.09340068196598215,9.957820814102888,9.965941723436117,-4.979872614145279,-0.272478312253952,1.6890218257904053,0.1227138414978981
34.08114695549011,10.049260980903057,9.662661287076155,-4.927963173016906,0.0001290521182733991,0.00010347778343049284,0.005389070659544847,0.00790713124199578,0.019520713121234587,0.006314701467641085,9.998296344579048,9.626299764683658,-4.998286759606913,-0.23066392518995946,1.3875288987063108,0.2569586404441647,9.949635427445173,10.017319019883871,-4.973340421915054,-0.2677597105503082,1.4894734621047974,0.216183140873909
34.12114715576172,10.021592867458951,9.70653408959396,-4.907020638696849,0.0001259757024946415,0.0001026855590249495,0.0053069554607117955,0.007809576683985896,0.01934971182311692,0.006303988772775757,9.988994668222968,9.700036829465663,-4.974318927555037,-0.23063390597759323,1.3244949948551574,0.5918116671671804,9.943941038101912,10.05003958567977,-4.960596472024918,-0.26310449838638306,1.4193195104599,0.4655645191669464
34.18514704704285,9.997756806734785,9.806345931245403,-4.864932310767472,0.00012094955921441327,0.00010083316470860396,0.0052150144279882755,0.007642724542083693,0.01906571328441368,0.006284182010998445,9.98133139156241,9.768825438134984,-4.935499304876126,-0.23059562184718577,1.2602330991608839,0.8643999642441919,9.935075681656599,10.099681194871664,-4.9177612364292145,-0.2556379437446594,1.3111963272094727,0.8515790104866028
34.225147008895874,9.988910970440065,9.84555425768665,-4.8276092847809196,0.00011854323535204815,9.985954919400289e-05,0.005175546812063829,0.0075611302126868925,0.018926884528017246,0.006274210028792267,9.972635452256698,9.82609335566505,-4.891011887042945,-0.23175247617880354,1.1882443455974472,1.066627332678239,9.929657857865095,10.12934809550643,-4.877772718667984,-0.2507423162460327,1.2335376739501953,1.0457398891448975
34.28114700317383,9.971668022814656,9.887412405609524,-4.785548965446651,0.00011604664263728652,9.889763553213577e-05,0.005129453386252235,0.007475804419508981,0.018781948103052837,0.0062654492108588505,9.962168494286386,9.888709080330573,-4.828861380559596,-0.2333732281974768,1.0902018226216097,1.2512898545026299,9.922039907425642,10.16866808757186,-4.807307153940201,-0.24407625198364258,1.1135797500610352,1.2591699361801147
34.321146965026855,9.934356594955435,9.969904484428243,-4.712083353661001,0.0001115561340444799,9.715925360335051e-05,0.005045662477889856,0.007320597042502803,0.01852125824803865,0.006256996662812617,9.953770991935123,9.944653008433386,-4.763778647631787,-0.23382679116017221,0.9915726653623672,1.3782112879203754,9.916572492569685,10.194574650377035,-4.748982340097427,-0.23914378881454468,1.0213682651519775,1.3757303953170776
34.38514709472656,9.925601441850594,10.003122267498977,-4.666139865294099,0.0001095136193958073,9.633535658298557e-05,0.005009722103189538,0.0072493593818925735,0.018403108537308203,0.00625761298188222,9.943649648009565,9.992511878711621,-4.695127906005472,-0.23564145706509787,0.8856282660090092,1.4715474437825495,9.907684247940779,10.230983074754477,-4.645881086587906,-0.2314404994249344,0.8665525317192078,1.5125631093978882
34.42514705657959,9.926913131317031,10.08147436769298,-4.581807434558868,0.00010508545789369619,9.468858852811536e-05,0.004917613897554987,0.007092299041734291,0.01814422876592106,0.006249215117348028,9.935309666785066,10.038040100288498,-4.62107541281614,-0.235903022574992,0.7779075571811285,1.5387743445617457,9.901958387345076,10.250152882188559,-4.577291399240494,-0.2267313301563263,0.7676489949226379,1.573438048362732
34.46514701843262,9.907494432118485,10.091255582186557,-4.521789573132992,0.00010280941656672092,9.390102172979722e-05,0.004865848742028639,0.0070106354897277534,0.018012829607010495,0.00624725955135943,9.925567832118414,10.075395220116539,-4.545537485989673,-0.23691037710893745,0.6683356823766066,1.585278619500473,9.896161954849958,10.266481693834066,-4.506734281778336,-0.22202134132385254,0.6687816977500916,1.619045376777649
34.52114701271057,9.902853268228506,10.13739891797923,-4.397617039270699,9.751524592529935e-05,9.176620407190391e-05,0.004767196665985236,0.006818788057129419,0.01770607657631176,0.006249683626633788,9.916343234727973,10.114000804330809,-4.462077702549716,-0.236771703679494,0.5538655027206619,1.6184907536640263,9.888008039444685,10.284110363572836,-4.405606180429459,-0.21523109078407288,0.5329107642173767,1.6637955904006958
34.5611469745636,9.899929016297747,10.159863060657079,-4.394917959347367,9.513968897177676e-05,9.084524231675889e-05,0.004719891428155648,0.006731592986528717,0.01756909475398165,0.006249754093159735,9.907405069022388,10.139224414284646,-4.390320801567861,-0.2372695603057296,0.4588897167502634,1.6365276281584291,9.882117193192244,10.293160732835531,-4.332405000925064,-0.21053703129291534,0.43911734223365784,1.6852463483810425
34.625147104263306,9.875748365817016,10.199579443944318,-4.258321636356413,9.00680121922771e-05,8.898288282800856e-05,0.004611794835771788,0.006543329902331883,0.017279658846983657,0.006248650084573247,9.899427852214721,10.164915154473599,-4.310952835247938,-0.23578868079106435,0.36160430303593927,1.648454656155557,9.872685354202986,10.301458653062582,-4.2147535383701324,-0.20249682664871216,0.29686614871025085,1.7066256999969482
34.66514706611633,9.882230188063813,10.215143334249817,-4.21711993496865,8.735311733911797e-05,8.792879847431301e-05,0.004558298418661628,0.00644125025011009,0.017125196356346635,0.006248973836237068,9.888860876207671,10.18443795902835,-4.224945466100853,-0.23557414710566746,0.2614122927832254,1.6547646887036525,9.866834562271833,10.3029769025743,-4.141295820474625,-0.19743233919143677,0.21364592015743256,1.7139837741851807
34.72114706039429,9.860895830612922,10.24043848397228,-4.127607354428619,8.220973958223139e-05,8.58478013092242e-05,0.004464439077651774,0.00624598888750771,0.01683517103608559,0.006255601773466282,9.88047414798963,10.201528957753293,-4.146262782715831,-0.23389228566583944,0.17710841269143343,1.6559476028153841,9.85864345356822,10.301034267991781,-4.038960367441177,-0.1903589516878128,0.10510352998971939,1.7186533212661743
34.761147022247314,9.857013093610126,10.250903876122848,-4.089876654557884,7.953992145992339e-05,8.484981949887181e-05,0.004410689285611411,0.006143188932715035,0.01668663803028042,0.00625619830620536,9.870048342474506,10.211718417622102,-4.060213764791805,-0.23260426036302254,0.09162930251183293,1.6541475197238995,9.852787893265486,10.296956356614828,-3.9664596617221832,-0.18522121012210846,0.033728983253240585,1.7190593481063843
34.82514715194702,9.860406274344795,10.275470996888759,-3.988686087541282,7.373357690123729e-05,8.275909088028078e-05,0.004291224878748821,0.005916409076705247,0.01636846846268454,0.006256622863097204,9.8628735528678,10.221316247406456,-3.9808779609392873,-0.2290569020796249,0.021812049948665764,1.650328654317076,9.843465726822615,10.286252316087484,-3.8517331182956696,-0.17693543434143066,-0.06971294432878494,1.7160789966583252
34.86514711380005,9.854885667743606,10.278033507011317,-3.930184586904943,7.09289401744073e-05,8.177393115072547e-05,0.004233021094197559,0.005805331941231608,0.01621639676303569,0.0062548425626684934,9.853897627203784,10.224088224578935,-3.9014501039454133,-0.22687002099150033,-0.043081877167507845,1.6455455656111657,9.837717931717634,10.277282055467367,-3.7808403074741364,-0.17179785668849945,-0.1278364658355713,1.712851881980896
34.921147108078,9.839429834197466,10.28840598355012,-3.79312461335212,6.493976127444846e-05,7.955296784277935e-05,0.00411823830470715,0.00556508948488426,0.01589237901812007,0.006250095100185527,9.846987303664838,10.227993520556884,-3.8216594199644733,-0.22243948894029972,-0.09907317880179223,1.640108219887634,9.829889219254255,10.262251194566488,-3.6825241148471832,-0.16415952146053314,-0.20041537284851074,1.7071101665496826
34.96114706993103,9.838571115839509,10.291394730806234,-3.765714189969003,6.143974440381156e-05,7.825334082333266e-05,0.004052855128742571,0.005422886407866518,0.01570483718758416,0.006246663372723468,9.838635045590104,10.22630246770627,-3.7424543446109086,-0.2190342656567401,-0.15025696661818175,1.6343311070354165,9.824432294815779,10.249995525926352,-3.613004118204117,-0.15872220695018768,-0.2465592622756958,1.702573537826538
35.001209020614624,9.82880062642781,10.287726284205206,-3.657652286812663,5.388139177290748e-05,7.550871254316932e-05,0.003912453535814576,0.005110930060581205,0.015305896459843522,0.006236151690346429,9.833191485597983,10.227241629039641,-3.6623508359576453,-0.21300050483112368,-0.19287797354461428,1.6284482300630132,9.819112699478865,10.236862476915121,-3.543875128030777,-0.15313512086868286,-0.2877354025840759,1.6977189779281616
35.06520915031433,9.84037917138835,10.280589471936235,-3.5871298954589292,5.0068277866487044e-05,7.414347650571315e-05,0.003843354828016974,0.004951157695493436,0.015108344214914313,0.0062325972670457894,9.824749767229955,10.220719306952313,-3.577197328452924,-0.20830825756263882,-0.23515356468727142,1.6220763998406473,9.810959737747908,10.21450262889266,-3.4341911375522614,-0.14391906559467316,-0.34400084614753723,1.6898952722549438
35.10520911216736,9.817289791346642,10.269100603121498,-3.478060983121395,4.316147347890333e-05,7.167702518366147e-05,0.0037229908287329124,0.004658609674755634,0.014757735823507062,0.006236212756231015,9.819248272073343,10.217144198897278,-3.499935426620335,-0.2020526734270523,-0.26639422636098803,1.6160146440274237,9.806144636124372,10.199977215379477,-3.366155058145523,-0.1380719095468521,-0.3734869360923767,1.684863805770874
35.16120910644531,9.81135299752523,10.270449864023957,-3.409697254188359,3.981932779874775e-05,7.038714828502872e-05,0.0036706752887575604,0.0045157121528861584,0.014586824324058573,0.006237738909986521,9.810700229048331,10.20680584327864,-3.416190093341033,-0.19717213272178796,-0.29677137156969985,1.6100037198496622,9.799740713089705,10.17909174785018,-3.271642118692398,-0.12969963252544403,-0.40776732563972473,1.6779837608337402
35.20120906829834,9.789145319053059,10.260445732975246,-3.286591318435967,3.4361004392432576e-05,6.818721375987096e-05,0.0035913853158475876,0.004280265372177396,0.014307271663995707,0.006239975557231631,9.804040568898607,10.19937614071301,-3.3390972939659562,-0.19148066192701124,-0.31842471809211487,1.6045414574318346,9.795359533280134,10.163935955613852,-3.2047418653964996,-0.12367977201938629,-0.4275919795036316,1.6729927062988281
35.26520895957947,9.78335239413891,10.244793761075577,-3.239392093382776,3.180345388989827e-05,6.693990054679675e-05,0.0035627708088747188,0.004170113677677271,0.014168508103735565,0.006238373758423687,9.794972413669363,10.186056369655134,-3.2553756957442004,-0.18666592783104002,-0.3388751663502127,1.5994837488893565,9.788535039871931,10.139346417039633,-3.0983289778232574,-0.11410239338874817,-0.452425092458725,1.6655930280685425
35.305208921432495,9.765995570775143,10.22839049962345,-3.147097813896835,2.574624012637369e-05,6.390414012521441e-05,0.0034981411121783735,0.003906981876080469,0.01383718501735278,0.006229208966412957,9.789225846724253,10.181292400275634,-3.189697659985526,-0.18205401833511745,-0.3486383122206629,1.5959521644706167,9.7842549495399,10.124018009752035,-3.032238394021988,-0.10832300782203674,-0.4638925790786743,1.6613517999649048
35.36120915412903,9.764521925976032,10.21708750801105,-3.0928250662982464,2.238284828591928e-05,6.216623818484198e-05,0.0034642396038984885,0.0037598424492967276,0.013651728658936041,0.006222877773962521,9.779275930929447,10.164983162626163,-3.0929196784595336,-0.17610399847695862,-0.36235942166632074,1.5907747454397843,9.778204839676619,10.102826412767172,-2.940143972635269,-0.10062406957149506,-0.4748481512069702,1.6553332805633545
35.401209115982056,9.749871342889978,10.199987261462411,-2.985802413895726,1.6265468874671058e-05,5.871555281369501e-05,0.0034106469912856224,0.0034934357924794116,0.013302798538105658,0.006211572885654797,9.771744329927033,10.157047299905487,-3.0144548493017,-0.17098045590861258,-0.3670878071536043,1.5869695409956017,9.773816984146833,10.088142689317465,-2.874521166086197,-0.0953744575381279,-0.4793587923049927,1.6513181924819946
35.465209007263184,9.732304292942805,10.202127477224401,-2.945357319433242,1.3422794306111271e-05,5.715175159448964e-05,0.0033847655590033723,0.0033683872900083633,0.01314328226018368,0.0062073696629816,9.763375950229529,10.142259356296941,-2.9312309593938477,-0.16570145253555943,-0.3719372537117627,1.583309120299923,9.766691129654646,10.065532024949789,-2.769601732492447,-0.08732285350561142,-0.48161831498146057,1.6455276012420654
35.50520896911621,9.731508862222173,10.184735129817337,-2.840774475596845,8.103331339687936e-06,5.373013285183043e-05,0.0033465189323985253,0.00313990474070867,0.012821849598321354,0.00620360923354692,9.755324919065188,10.133338266005795,-2.8544444215110523,-0.16076528380983174,-0.3714952124721607,1.5800054944014645,9.762199323624372,10.0518839918077,-2.704265981912613,-0.08227348327636719,-0.4803128242492676,1.6422538757324219
35.561208963394165,9.731255041229014,10.178681057777254,-2.7926976028829813,5.192965761257649e-06,5.175844211827476e-05,0.003326876440611681,0.0030157390929594755,0.01264101630577728,0.006202042187350301,9.746846450502275,10.119007525917885,-2.7719652387090417,-0.15539739099441235,-0.37070516245166424,1.5765988523031833,9.755760114639997,10.033638294786215,-2.6130756437778473,-0.07561905682086945,-0.47541099786758423,1.6375670433044434
35.60120892524719,9.720517360876162,10.159786762843654,-2.672234040684998,-1.2556301006966497e-06,4.83433403071938e-05,0.0032656518686354,0.002724858771625054,0.012290617970197752,0.00620070091461802,9.741220633183161,10.112611001725845,-2.7022277810533404,-0.14963941513969878,-0.36574477956294527,1.5738574569758788,9.751022260636091,10.021365460008383,-2.548182874917984,-0.07113542407751083,-0.47000154852867126,1.6343687772750854
35.6652090549469,9.710610378146882,10.151242475216696,-2.637089525349438,-4.183573097689855e-06,4.685262886474963e-05,0.0032369538288915143,0.002591134747636427,0.012135260663057503,0.0062005480036467974,9.734184921375519,10.09808244424683,-2.6203789152426262,-0.1431624710405445,-0.36146898088888496,1.5685117011750018,9.743451040238142,10.003075893968344,-2.444831281900406,-0.063711978495121,-0.4582774341106415,1.6284266710281372
35.70520901679993,9.704752181138161,10.148803316637238,-2.532237157225609,-1.0606242212156397e-05,4.387032184748963e-05,0.003170931154489079,0.002290842334995697,0.011811719559994292,0.006199198499475923,9.729211381231982,10.090296277324581,-2.545208705080574,-0.13583188832824405,-0.3534930209576314,1.5463158281777996,9.738840024918318,9.992476757615805,-2.380754381418228,-0.05884518474340439,-0.4492930471897125,1.6137877702713013
35.76120901107788,9.703935637800898,10.141709840417038,-2.4964937940239906,-1.403316076806527e-05,4.231539537593213e-05,0.0031357333663791427,0.0021290469947337046,0.011642535483842848,0.006200042999004237,9.72381981195808,10.078456951826558,-2.4720086068749887,-0.1288161348815641,-0.3462450043248184,1.5054935321206497,9.732625883072615,9.978635128587484,-2.292668253183365,-0.05172641947865486,-0.4348892271518707,1.5700488090515137
35.80120897293091,9.709262780329633,10.126838542851138,-2.378439956344664,-2.078498254918123e-05,3.96725250469092e-05,0.003063810629611013,0.001800842440967601,0.011336566450745367,0.006204247210606006,9.71985966055292,10.070123735409847,-2.3958189732883284,-0.11964351687408241,-0.33521802931526257,1.4462033037277182,9.728443067520857,9.969560917466879,-2.2317284643650055,-0.04627000540494919,-0.4235166609287262,1.526449203491211
35.865209102630615,9.71029385509395,10.123986771271756,-2.318837438710034,-2.432691171188209e-05,3.8478092588734246e-05,0.003025597261093159,0.00162375260176906,0.01118888399105481,0.0062051396995372165,9.715907260383933,10.059024266412012,-2.327988481360795,-0.11122169076012169,-0.3260050454234086,1.3829360356751494,9.722297590225935,9.956553753465414,-2.138851076364517,-0.03673683479428291,-0.403369277715683,1.4430196285247803
35.90520906448364,9.713999912459036,10.092094815156656,-2.194119562394917,-3.1452253969743676e-05,3.612111682638695e-05,0.0029505159874211196,0.0012639344587348847,0.010897805662207976,0.006203730179240578,9.713603238390343,10.051930121108347,-2.2575009518953233,-0.10101689603223497,-0.3131917417620445,1.3098063205183321,9.718921583145857,9.949324902147055,-2.0840968191623688,-0.03047785349190235,-0.3900471031665802,1.3861136436462402
35.9612090587616,9.719397557676006,10.085113403462039,-2.156833658926189,-3.490566234011961e-05,3.47116059756727e-05,0.0029162085519990034,0.0010939013455026417,0.010742743888174571,0.006205097417087533,9.709729347507063,10.040766735796819,-2.1914227311983754,-0.09190752350780816,-0.3025458243047269,1.235107285114115,9.71488467976451,9.940406139940023,-2.0117606222629547,-0.02135414257645607,-0.3709355890750885,1.3040716648101807
36.00127100944519,9.731754094037393,10.078436210503268,-2.090942170470953,-4.17736324679232e-05,3.237185360169789e-05,0.0028476378391021867,0.0007447604835686106,0.010465910484684407,0.006209121764870056,9.70844690738558,10.035853940034775,-2.1343222934114907,-0.08227812083092595,-0.2900706682611844,1.1664209966124417,9.712460439652205,9.934787090867758,-1.9631624519824982,-0.014592530205845833,-0.3568958342075348,1.2452692985534668
36.0652711391449,9.730386260555397,10.058434688323144,-2.0084561752155423,-4.848701268723829e-05,3.1019410976319744e-05,0.0027807547559782547,0.0003827217780945502,0.010257945440103038,0.0062185743546133085,9.708437443944726,10.02943607519773,-2.077007004405564,-0.07150974928503948,-0.2774901956626852,1.0938801599883476,9.709394376724958,9.926825817674398,-1.8906324207782745,-0.0036572697572410107,-0.33468636870384216,1.1531237363815308
36.105271100997925,9.738771303896598,10.054350094716431,-1.9697494255378842,-5.170183865765951e-05,3.01233692989774e-05,0.0027498893558979788,0.00021351808444026202,0.010144752839350688,0.00622411746237809,9.706767198611702,10.020537529603548,-2.0269024767491604,-0.06282826846671695,-0.2679768776113067,1.029685263224023,9.708066862076521,9.922579105943441,-1.8486066162586212,0.003205321729183197,-0.32100579142570496,1.0974228382110596
36.16127109527588,9.736309988500944,10.050533775340671,-1.9293004740029573,-5.4632619149494466e-05,2.9442442149442364e-05,0.0027221645728217076,5.5946702466891645e-05,0.010050791512751688,0.006228668039980604,9.705549276889059,10.01167016487111,-1.9796228910375362,-0.054216460745232176,-0.25913946076009026,0.9686908098902418,9.707033079117537,9.917458828538656,-1.793998509645462,0.012964853085577488,-0.3022771179676056,1.0227718353271484
36.201271057128906,9.718267393713662,10.05287405630931,-1.8624907098710537,-6.110239341113148e-05,2.8678098900188422e-05,0.002663801585253634,-0.0003098756180050942,0.00989274635634437,0.006233019998547679,9.707260285035922,10.006401462395893,-1.9314381456205614,-0.04380159946758235,-0.24840695654683315,0.9065837399721725,9.706797521561384,9.914262112230062,-1.7577357590198517,0.01983778178691864,-0.28946152329444885,0.9723216891288757
36.265270948410034,9.713064889386017,10.050741713728238,-1.81390131264925,-6.758279776362819e-05,2.701848884815757e-05,0.0026063110145375626,-0.0006602838595494956,0.009680847934719518,0.006232815344246096,9.708179791647805,10.002347092145715,-1.8855771511065342,-0.03442745866520802,-0.2377806191186781,0.8488310155242889,9.707320135086775,9.909927662461996,-1.7039779722690582,0.030637215822935104,-0.2699761986732483,0.8967606425285339
36.30527114868164,9.715339751373762,10.052079900700354,-1.7940735211595893,-7.119417313023162e-05,2.6411377765152417e-05,0.002575888823742878,-0.0008632678421789265,0.009584689938665304,0.0062334372710077255,9.708710986349782,9.995726315854352,-1.8460974452371388,-0.02648688690777576,-0.23029054886409844,0.7993076655818454,9.70810977742076,9.907552059739828,-1.6727125942707062,0.037144117057323456,-0.25850823521614075,0.8527675867080688
36.361271142959595,9.709688596340108,10.04352479256673,-1.7502172514796257,-7.797517548861062e-05,2.4280125956810352e-05,0.002515968862646752,-0.0012234304305242412,0.009342689013034977,0.006241225781812787,9.710067075106611,9.994207496870162,-1.8100425683357058,-0.01891675742573276,-0.22104481046438537,0.753244094473652,9.709699552506208,9.904914196580648,-1.6318558752536774,0.045800063759088516,-0.24309301376342773,0.7953354716300964
36.40127110481262,9.710461275109859,10.04727896359761,-1.7275491040199995,-8.140741739043458e-05,2.3195151802145246e-05,0.00248607285941839,-0.001406431870967671,0.00922069778547242,0.006244439371568448,9.710514500867479,9.98850325798636,-1.7754142679162745,-0.012381899845791685,-0.2149597374167706,0.7106251180871623,9.711176794022322,9.903469379991293,-1.60464408993721,0.051656171679496765,-0.232862651348114,0.7571067214012146
36.46527099609375,9.723292214859464,10.038414505228843,-1.690236197784543,-8.790113465772632e-05,2.0108537395140728e-05,0.0024250774892957544,-0.0017316871821213221,0.00892268452430413,0.0062456128695499175,9.711185575535486,9.9880295346111,-1.7423505330676647,-0.006326542620916495,-0.20678330782423207,0.6708400499351912,9.71390239521861,9.901882465928793,-1.564272791147232,0.06034599617123604,-0.2172187715768814,0.7001820802688599
36.50527095794678,9.727115622531146,10.037811273326751,-1.683554943650961,-9.092792468150014e-05,1.8502564199023065e-05,0.002395756208093833,-0.001880107941748519,0.008773312968934886,0.006246369519801138,9.71131679249199,9.982027429256176,-1.708620138409719,-0.0008506544355905288,-0.20168680470842204,0.6308253507809373,9.715816419571638,9.90127306804061,-1.5408451855182648,0.06520254909992218,-0.2081368863582611,0.6670448184013367
36.56127095222473,9.73761726138309,10.031413107397901,-1.6711880527436733,-9.756773683824703e-05,1.5091516928861055e-05,0.0023320839163408365,-0.0022096945416266787,0.008453980109624809,0.006246682002833887,9.71221146989183,9.981794936062352,-1.676883583704969,0.004236953686282325,-0.19437837804120067,0.593907053767964,9.718563001602888,9.90085631236434,-1.5099741518497467,0.07120435684919357,-0.1959254890680313,0.6240107417106628
36.60127115249634,9.724135506643657,10.035442276370404,-1.642040751175955,-0.00010083966242021973,1.3313860381662125e-05,0.002300186242153335,-0.002370729238655204,0.008290439814233892,0.006244709968193659,9.712775688051357,9.977599031295991,-1.648811274562978,0.008331437830713904,-0.1906015645873003,0.5624510171472737,9.720591466873884,9.9007609449327,-1.4892974197864532,0.07511246204376221,-0.18807955086231232,0.5954034328460693
36.641271114349365,9.725801896980453,10.029269027014896,-1.6358887888491154,-0.00010412750881584623,1.1678077748770952e-05,0.0022692364079702444,-0.002536625692118162,0.008136480905611235,0.0062418064395887655,9.713592218676403,9.975037406342341,-1.6263560553104914,0.0113190929359508,-0.1874431161891274,0.5377658188609771,9.722663801163435,9.900879200547934,-1.469720870256424,0.0783083438873291,-0.18062064051628113,0.5684112906455994
36.70527100563049,9.735890098280665,10.03029330080517,-1.614455577917397,-0.00010945988078268959,8.756201680505052e-06,0.0022166045977107013,-0.0027992635258625893,0.007869808068898894,0.006244357633834109,9.714642359187067,9.974499279847146,-1.6017776326846367,0.014468071411343987,-0.1829118048013852,0.5100291302364756,9.725957792252302,9.901558216661215,-1.4403930008411407,0.08270753175020218,-0.1694478988647461,0.5282933115959167
36.76127099990845,9.736822667302844,10.035740016655916,-1.5963498214259744,-0.00011185828922712478,7.088727426474408e-06,0.002190124633439118,-0.002909515206934516,0.007726134697716431,0.006245535519323657,9.715275954115889,9.969030586820185,-1.5762395195129786,0.01728180216595032,-0.18126761619507428,0.4821092207066223,9.728830259293318,9.902329739183187,-1.4167205393314362,0.08582768589258194,-0.16086700558662415,0.49585607647895813
36.801270961761475,9.731938064398475,10.033912093652853,-1.5783126736059785,-0.00011684863442842782,3.985602884597492e-06,0.002138090483094888,-0.003149058947456942,0.007452169442348608,0.006243096506227476,9.716180414762983,9.967818876557168,-1.551580691676922,0.01958623727461342,-0.17795418199252785,0.45605943537053373,9.73083583638072,9.902818020433187,-1.400810033082962,0.08760839700698853,-0.15533345937728882,0.47419166564941406
36.8412709236145,9.73770186673063,10.025039691034095,-1.5578969912603498,-0.00012193871648782473,6.745118721559935e-07,0.0020837115657952893,-0.0033914820901446135,0.007162950569358594,0.006237723772258585,9.716969678024327,9.967689338432164,-1.5294584071432331,0.0211708920658889,-0.17490252097599654,0.4338405940745457,9.73281280323863,9.903207119554281,-1.3855550587177277,0.08900278806686401,-0.15032902359962463,0.45358237624168396
36.90527105331421,9.738607771464972,10.01418520062348,-1.5434727864339948,-0.00012441953527703674,-9.472546600355924e-07,0.002057100170127557,-0.0035100049757336334,0.007021683780985249,0.006234940385331722,9.717998656638729,9.962643294468466,-1.507105663948488,0.02272184061376415,-0.17449677963310914,0.41130848677213777,9.735810201615095,9.90383368358016,-1.3624451458454132,0.0904066190123558,-0.14317752420902252,0.42338037490844727
36.96127104759216,9.736265798612571,10.004801204151743,-1.4755986635573208,-0.00012867541512372177,-3.949736362092329e-06,0.0020094418864699077,-0.0037090925514803564,0.006764185179402378,0.006227550888908077,9.718700906140764,9.961375489939769,-1.4865778525459323,0.02374058169614706,-0.17296171630774865,0.3918511597312548,9.7382344417274,9.904340084642172,-1.3434350788593292,0.09127630293369293,-0.13782621920108795,0.3987743556499481
37.001347064971924,9.735682021643816,9.994606348557646,-1.4604351511225104,-0.00013065905560567567,-4.922554474319383e-06,0.0019912333837303264,-0.0038122830171200424,0.006673993874789596,0.006225485928147242,9.720100087362134,9.956126287528642,-1.46787872614797,0.02489838639202464,-0.17375284978592168,0.37319358079725407,9.739874761551619,9.904526051133871,-1.330442100763321,0.0914563536643982,-0.1345452219247818,0.38211607933044434
37.04134702682495,9.743323672872126,9.989260442268078,-1.446216563694179,-0.0001351056460374582,-7.171007734570016e-06,0.0019496773483836506,-0.004042541417166269,0.006467807464995515,0.006223857892499536,9.721916872285657,9.954030274706918,-1.448782732439171,0.026230339559839458,-0.17320651925447114,0.3538762434195863,9.741424482315779,9.904506977647543,-1.317873626947403,0.09162754565477371,-0.1318221092224121,0.366140753030777
37.10534715652466,9.730359362177984,9.989782095636404,-1.4405163237825036,-0.00013734030291381457,-8.107587224912712e-06,0.0019306764818704763,-0.004162906224479419,0.0063783305426552035,0.0062263048903693245,9.72367607732803,9.948376798341922,-1.4313662377338543,0.027375429347502946,-0.1746499550487495,0.3355232601126965,9.743964117020369,9.90389757975936,-1.2986985743045807,0.0917561948299408,-0.12825588881969452,0.3418915867805481
37.145347118377686,9.738129856733117,9.990023772146232,-1.4222847688943148,-0.00014218118599384168,-9.277238237332319e-06,0.0018991107887993302,-0.004445965084730911,0.006244660904967041,0.006227670597567189,9.726689629794867,9.946947008352497,-1.4160446360116021,0.028956081816144254,-0.17424455122522164,0.31940329430261627,9.745525281876326,9.903282459825277,-1.2874570190906525,0.09168626368045807,-0.1265011727809906,0.3276427090167999
37.20134711265564,9.738753374473866,9.989542305578322,-1.420621414668858,-0.00014424918430489824,-1.0132458790885876e-05,0.0018820208670428011,-0.004558693094852732,0.006162818659365742,0.006227510335049832,9.728441751279268,9.941732493133458,-1.401142317398379,0.02985451862897711,-0.1757938472552935,0.30428419631962017,9.747756879776716,9.90208750590682,-1.2726681530475616,0.0914570763707161,-0.1243918314576149,0.30856049060821533
37.24134707450867,9.757086592530266,9.977987151646351,-1.4140163930132985,-0.0001490662558145808,-1.1961586671987865e-05,0.0018440605773756178,-0.004825979991407281,0.005984205490493434,0.006229366135754003,9.731051795171883,9.93988757007316,-1.3862943095267746,0.03087304453251755,-0.17552529945276016,0.28871429627912526,9.749381940811872,9.90104990825057,-1.2627499401569366,0.09135749936103821,-0.12308971583843231,0.29566922783851624
37.305346965789795,9.761016180687516,9.973044676640468,-1.388812780380249,-0.0001515335493693028,-1.3146245161282049e-05,0.0018219398474701044,-0.0049572860095324165,0.005875575177985281,0.006230544439740831,9.732943080817089,9.93457374106985,-1.371974376390414,0.03160489438235761,-0.17708293564221134,0.2740919030127933,9.752013128250837,9.899020489305258,-1.2477900087833405,0.09111835807561874,-0.12136482447385788,0.27631229162216187
37.34534692764282,9.753941618882253,9.966851734308566,-1.3819358749315143,-0.00015575537297492253,-1.5083567222606507e-05,0.0017848436832048936,-0.00518399391984463,0.0056969810389356735,0.006238962844668573,9.734992700593942,9.932679696035967,-1.3608453061536365,0.03243284157947,-0.17682097598561508,0.2610242043110345,9.753732603043318,9.89757376536727,-1.2389796078205109,0.09118356555700302,-0.12035635858774185,0.26481562852859497
37.401346921920776,9.76037078016836,9.970652024606832,-1.3748011477291584,-0.0001579207553561966,-1.610794251274715e-05,0.0017655878693027106,-0.005299941785337102,0.0056032527844290725,0.006242364854550425,9.736930025099676,9.926876360583366,-1.3483337553369161,0.03327240755417307,-0.1784274496047023,0.2479714400386286,9.756183546036482,9.895294483751059,-1.2273308336734772,0.09111902117729187,-0.11908768117427826,0.2495676875114441
37.44134712219238,9.761569181595643,9.970008880336595,-1.3388991924002767,-0.0001600071909828663,-1.705743415376669e-05,0.0017474764281335297,-0.005412713797260818,0.005515780106411256,0.0062463730472699505,9.738664985674019,9.922333925978696,-1.3384306675787383,0.03404335113727497,-0.1794240770614038,0.23772341567552918,9.757897298783064,9.893524464219809,-1.2195914089679718,0.09112967550754547,-0.11820393800735474,0.2393832802772522
37.50534701347351,9.765939293802363,9.971802552967835,-1.2903261808678508,-0.00016525427227120608,-1.844496905325303e-05,0.0017145807729781193,-0.005722787161784839,0.005366777017290716,0.006251136333135532,9.741959585503935,9.921613329450503,-1.328193112946208,0.035355193983243154,-0.1783076119556596,0.22702722562562183,9.760687749832869,9.890459354966879,-1.2080226242542267,0.09098298847675323,-0.1168174147605896,0.2240729033946991
37.54534697532654,9.757481604898562,9.973398275297633,-1.2677138056606054,-0.00017045592639936398,-1.9724090334525104e-05,0.0016842097362520854,-0.006034734106181406,0.005225951477542114,0.006247898490845675,9.745442331339712,9.920128426969503,-1.3160958456963157,0.036671065914410654,-0.17713804133717956,0.21646954042431654,9.762545507401228,9.888510998338461,-1.2012111246585846,0.09089194983243942,-0.11579213291406631,0.21513314545154572
37.60134696960449,9.759148046155143,9.976011576518824,-1.2414695750921965,-0.00017289578728493132,-2.108953384549331e-05,0.0016604697338216687,-0.0061621261140028085,0.005105560135960835,0.006246864654512889,9.747171100590753,9.915690151954319,-1.3057021460353992,0.03722625216075696,-0.17723454651146847,0.20742484814280746,9.765309255570173,9.885745342820883,-1.1919893324375153,0.09098345786333084,-0.11393944919109344,0.2034652978181839
37.64134693145752,9.770613948060497,9.966469542113789,-1.2480173939839005,-0.00017758002028532108,-2.3589645586544155e-05,0.0016163893522757253,-0.0064102672887787395,0.004883348087432948,0.006245945057318006,9.748864830578318,9.9157005266873,-1.2965585122389585,0.03783567884784722,-0.17506793802795545,0.19955842944816318,9.767318647354841,9.883820828050375,-1.185593992471695,0.09109856188297272,-0.11237840354442596,0.19568611681461334
37.70534706115723,9.761014000330531,9.961841509346185,-1.2440549777820706,-0.00018023256187705043,-2.4800574381067356e-05,0.0015941041636121438,-0.006556305519691407,0.004772468963746804,0.006246162360571308,9.751201209017184,9.910165822445599,-1.2857129340640636,0.03864088072095033,-0.174980514947636,0.18982821261273805,9.770425718277693,9.880866345018148,-1.1755887567996979,0.0912320464849472,-0.10969635844230652,0.18392108380794525
37.745347023010254,9.770507931649796,9.958362131213043,-1.2252175770699978,-0.0001858023351559153,-2.6035860665276668e-05,0.0015646020727682329,-0.006896685199997871,0.004633803444985646,0.006247424152956102,9.754816841532994,9.910198638687728,-1.2770538744712636,0.04013328342805381,-0.17231885716657908,0.1818263557695018,9.772297780960798,9.879104908555746,-1.1696220934391022,0.09115451574325562,-0.10787293314933777,0.17677269876003265
37.80134701728821,9.779401783889096,9.960351965774104,-1.2125026462599635,-0.0001881483710984637,-2.665871558521177e-05,0.0015511238159598342,-0.007038087745515756,0.00456795286406799,0.006245704989564441,9.757565057790282,9.904877971712848,-1.267488373752185,0.04104083490386678,-0.17177633926921484,0.17360130546701305,9.77500144764781,9.876814182847738,-1.161674052476883,0.09108313918113708,-0.10476609319448471,0.16729997098445892
37.841346979141235,9.787407894199141,9.956037648707552,-1.2112172283232212,-0.0001931973063540278,-2.693891154175619e-05,0.0015366913466574245,-0.007369930297808867,0.004503243211525188,0.006244161664446033,9.761811146073152,9.904677061741385,-1.2597369640271907,0.04272120660160517,-0.16897964330297768,0.1668659619158943,9.777025144547224,9.87527972087264,-1.156178742647171,0.09111644327640533,-0.1022847518324852,0.16083663702011108
37.90534710884094,9.791029428254122,9.953586258924311,-1.2085868557915092,-0.00019593237701471904,-2.6995460095990632e-05,0.0015305433437988278,-0.007552796552248684,0.004475188577064578,0.006241739669850652,9.765449546525383,9.899825987763506,-1.2508402862554004,0.04393054705000031,-0.16789834080825197,0.15952558734491565,9.780482213944197,9.872792538255453,-1.1476127207279205,0.09111861884593964,-0.09847771376371384,0.15109100937843323
37.94534707069397,9.781833508523606,9.9478763876167,-1.1953789917752147,-0.00020069191155527334,-2.7824494770787227e-05,0.0015103084731913268,-0.007853261418000622,0.004374004182699742,0.00623552994293561,9.769154553024448,9.899030388392724,-1.2422236164385276,0.044892824335118126,-0.16490021478343658,0.15294394639859787,9.782850187271833,9.87132864817977,-1.1423745453357697,0.09107401221990585,-0.09593027830123901,0.14531777799129486
38.001347064971924,9.776424554163416,9.940833207652693,-1.1857293592765927,-0.00020263654117507843,-2.86393193596011e-05,0.0014956678477251208,-0.007964362897942053,0.004298187093697928,0.006230919923267556,9.771474424590403,9.894335776058355,-1.2341834905612816,0.04541672415493115,-0.16386941910350694,0.1464441928885724,9.786339681595564,9.869379337877035,-1.135176569223404,0.0913391038775444,-0.09232858568429947,0.1373641937971115
38.04145407676697,9.787463561548918,9.935995093500823,-1.177543468773365,-0.00020644259648848617,-2.9988610576669263e-05,0.0014706014181707393,-0.008188605122512892,0.004167711193015269,0.0062218316539283895,9.77441767733537,9.892055823006915,-1.2250542063076697,0.04596297718976466,-0.16125428883005627,0.13957382286577638,9.788791578263044,9.868007000535727,-1.1301946938037872,0.09144432842731476,-0.08968362212181091,0.13182367384433746
38.081454038619995,9.792018184432235,9.928025373289321,-1.1863429192453623,-0.00020840657401148533,-3.0997166018749815e-05,0.0014533126990683807,-0.008296654794561292,0.004077785363008141,0.006216689497502748,9.776614265495324,9.887672546758152,-1.2175813001233906,0.04614160308998789,-0.1598920493502046,0.13338679633704756,9.791197698563337,9.86658888682723,-1.1253032982349396,0.09140286594629288,-0.08721175789833069,0.1264621466398239
38.14545392990112,9.801583177142954,9.904954065060124,-1.1662880629301071,-0.00021335235854196195,-3.197556072265149e-05,0.0014321877485165351,-0.008609088080370147,0.00396590352677762,0.006210639154351477,9.78050024145243,9.886958058809936,-1.2097565006985378,0.04693483935048232,-0.15626935812920317,0.12662931586856982,9.794968526810408,9.864257153123617,-1.1176115572452545,0.09115458279848099,-0.08318783342838287,0.11809853464365005
38.20145392417908,9.799937652603266,9.90909626519366,-1.1660735979676247,-0.000215782879351836,-3.252750438685493e-05,0.0014208629225235022,-0.008761010637191598,0.0039059657214453934,0.006208430227579474,9.783596391446155,9.882626479002028,-1.202967615848637,0.04728461992175777,-0.15436733900516553,0.12016207596047167,9.798199575394392,9.862250622361898,-1.1111635267734528,0.09063474833965302,-0.07959466427564621,0.111162930727005
38.241454124450684,9.782471418883558,9.903631024204282,-1.153733559884131,-0.00022091549998809516,-3.3096955659445265e-05,0.001406054182839242,-0.009097738692977926,0.0038236525381421423,0.006205845786492559,9.787689513583558,9.882943272407406,-1.19692594953905,0.048061097940220524,-0.15037239022081128,0.11417846050439194,9.80058852955699,9.86089926585555,-1.1067855656147003,0.09026042371988297,-0.07686936855316162,0.10629425197839737
38.30545401573181,9.783680282912606,9.905131480000554,-1.1553272549062967,-0.00022292825496042964,-3.350808692189764e-05,0.0013976250531691555,-0.009225157196590072,0.0037778057272779076,0.006204605118955773,9.790491468259594,9.87888911281779,-1.1913727880383433,0.048102929228178964,-0.14847428702103613,0.10844107211585852,9.804456632584333,9.85889845713973,-1.1001874506473541,0.08955644816160202,-0.07232874631881714,0.09863118827342987
38.34545397758484,9.771191205882094,9.901389337650604,-1.1488693840801716,-0.00022597455240826238,-3.4246370054113136e-05,0.001383051129840374,-0.009414638229386138,0.0037007597268389784,0.006207890013652329,9.793507645563334,9.87607502033361,-1.186507769541434,0.04807208599818184,-0.1459033778874527,0.10226390460596552,9.806849401444197,9.85770159587264,-1.0962819159030914,0.0890347883105278,-0.06960479170084,0.09400586783885956
38.40145397186279,9.777982181957116,9.891235159977839,-1.1387477358803153,-0.00022777250908546766,-3.4236559716627385e-05,0.0013812749060557517,-0.009538278608092157,0.0036881065655331577,0.006210982142188364,9.796579192376093,9.871723764393785,-1.1823046085167614,0.04802701491394114,-0.14435714122881638,0.09682376396171852,9.810071866959333,9.855901058763266,-1.091199666261673,0.08812479674816132,-0.0660657286643982,0.0877750888466835
38.44145393371582,9.766900435897169,9.89552504188797,-1.147405130788684,-0.00023151176511748017,-3.453519490789882e-05,0.0013731309319378474,-0.009787557542993576,0.0036388695586184083,0.006217388090333131,9.800242538405563,9.869939178946453,-1.1786573731151377,0.04807277619767886,-0.1414263701719897,0.09114695077238727,9.812260549515486,9.85448008403182,-1.0879301130771637,0.08733701705932617,-0.0638473853468895,0.08339398354291916
38.50545406341553,9.763922786083246,9.896252828825512,-1.1599855453241616,-0.00023317951949995198,-3.458007363232852e-05,0.0013710545294213065,-0.009901284958116704,0.0036235064767691258,0.00621986046415175,9.803301182073227,9.865144806667029,-1.1745596246634633,0.0477802083232891,-0.13974573322605174,0.08614260430689617,9.815622251480818,9.85213690623641,-1.0832444727420807,0.08593527972698212,-0.060172587633132935,0.07705605775117874
38.545454025268555,9.799506722690307,9.887089166652508,-1.1568659039912745,-0.00023605034810610584,-3.462185593678139e-05,0.0013684806154828384,-0.010098917775809286,0.003599226978374973,0.006219680031538804,9.80674060527392,9.862842863739566,-1.1705491897160787,0.04782188677762616,-0.13727177981145378,0.08204168328635844,9.817636411637068,9.85063486918807,-1.0806335508823395,0.0850617066025734,-0.057934053242206573,0.07349494844675064
38.58545398712158,9.78691082867689,9.884617463238964,-1.1546910433098674,-0.00023732265751498315,-3.439949410057587e-05,0.0013713263800515987,-0.010193131260706494,0.003606209801526374,0.006218410379353811,9.809741721395296,9.858103892258333,-1.1664947324642954,0.047517467695555614,-0.13602203417198674,0.07804156367929081,9.81961814686656,9.849065121263266,-1.0782120525836945,0.08421698212623596,-0.05598052963614464,0.07000517100095749
38.641453981399536,9.817284547315815,9.873546573019214,-1.1332790851593018,-0.0002404887189658794,-3.4813812856978694e-05,0.001363440819377909,-0.010402789661509086,0.003552448440180164,0.006214644527625673,9.812949985020017,9.856582145757736,-1.1621451692420293,0.04724485436586059,-0.1330539281870998,0.07461442726951455,9.822348516434431,9.846685703843832,-1.075005441904068,0.08282162249088287,-0.05323245748877525,0.06544322520494461
38.69745397567749,9.82639955974831,9.862126547808385,-1.1516124475747347,-0.0002418202418371647,-3.514659484821937e-05,0.0013577962217299051,-0.010487213522616284,0.003518027238780136,0.006211184859940392,9.81564930656515,9.851847413268876,-1.1577455836627584,0.04635529951968569,-0.13146377806431267,0.0712904855195755,9.82509795948863,9.844179447740316,-1.0719014704227448,0.08136220276355743,-0.05065421760082245,0.061609137803316116
38.73745393753052,9.843102920293335,9.860236480662161,-1.1270855953916907,-0.0002440546010043842,-3.533308600209839e-05,0.0013547305192861704,-0.010639619829240698,0.003487184676989701,0.006200015771056215,9.818766537179393,9.849043752751665,-1.1523104660538641,0.0461387020596285,-0.12896135826437327,0.06860456263470896,9.827044408768415,9.842356022447348,-1.0697133839130402,0.0804852694272995,-0.04875507578253746,0.0590495765209198
38.801454067230225,9.841743363398363,9.862438388702454,-1.132435029372573,-0.0002449944076233377,-3.564047999491313e-05,0.0013497569541371175,-0.010697619436559945,0.0034574373846951003,0.00619626635661732,9.821109737725335,9.844483046960425,-1.1483812704868377,0.04543982235881,-0.12734091409827802,0.06596864644330401,9.830194395035505,9.839230831712484,-1.066030889749527,0.07893960177898407,-0.04576808586716652,0.055491961538791656
38.84145402908325,9.845500339135882,9.86441150210289,-1.1633315170183778,-0.0002474886740571433,-3.551009073794279e-05,0.0013518821105857615,-0.010876515010381773,0.0034487578429704987,0.006189626716615787,9.82478304688088,9.841719929257545,-1.1439054596533935,0.045119769643572255,-0.12456817896450553,0.06322298927573487,9.832179944962263,9.837140377610922,-1.0637209713459015,0.077823206782341,-0.044075604528188705,0.05337876081466675
38.897454023361206,9.8426870336413,9.860775415700415,-1.164736682549119,-0.0002487466737562616,-3.5747804121217646e-05,0.0013481081717776266,-0.010958792684551341,0.0034221194964943846,0.006186596405657492,9.827251040265178,9.837856025753759,-1.1404582838034296,0.04436624601888555,-0.12241052848094311,0.06057286321776502,9.835019987076521,9.834122952073812,-1.0606030523777008,0.07634875923395157,-0.04164877533912659,0.05047466978430748
38.93745398521423,9.859655985429661,9.8567708079359,-1.1963160010054708,-0.0002513133664512675,-3.608164045600755e-05,0.0013430004658289939,-0.011130936987288923,0.0033789705970223875,0.006180599383808214,9.830407276206744,9.83573648467076,-1.1365409300884066,0.04384436408755772,-0.11890077823420545,0.05781678639476468,9.837078016251326,9.831996258348227,-1.0584268867969513,0.0753806084394455,-0.03980657458305359,0.048454176634550095
39.00145411491394,9.87309966560568,9.854253305545999,-1.1813969165086746,-0.00025258545692872115,-3.6333886807410904e-05,0.0013390738829427173,-0.0112140333382059,0.003351210489973127,0.0061782021869555784,9.833047943625843,9.831728298978991,-1.1333006819692248,0.04293966779780644,-0.11651120635877564,0.05483857306330783,9.840378683060408,9.828681286424398,-1.055165559053421,0.07369871437549591,-0.036844346672296524,0.04506060108542442
39.04155993461609,9.857070946974641,9.846785361931238,-1.1829577693715692,-0.00025542398783492644,-3.744749574315482e-05,0.0013215321325429927,-0.011385316350400505,0.0032486827389158366,0.006170579631467621,9.835217936633697,9.831205988660779,-1.1295932315400476,0.041965772437600246,-0.11239419635936347,0.05242909426479068,9.84244243428111,9.826665218919516,-1.0534886419773102,0.07257810980081558,-0.034734755754470825,0.04303482174873352
39.10156011581421,9.852217796232514,9.836488619095082,-1.1793305464088917,-0.0002568507341114556,-3.8383908927649e-05,0.0013064126245968507,-0.011461375061596673,0.0031694891994439953,0.006167838203219876,9.836664190061175,9.828980206517338,-1.1269871465157544,0.0408253345053635,-0.10922661657278801,0.05016709225661749,9.845273893326521,9.824018772691488,-1.051443725824356,0.07105199992656708,-0.031515736132860184,0.04031750559806824
39.141560077667236,9.857017647394954,9.84327079548256,-1.1802645921707153,-0.0002596756955164702,-3.977310117110565e-05,0.0012841385196958168,-0.011624110182498884,0.003047500834949474,0.006166446786331161,9.838504275965532,9.828515768055569,-1.1245175392342064,0.039457065386026384,-0.10441245534732564,0.047611015992709324,9.847175519913435,9.822294529527426,-1.0500291883945465,0.06983441114425659,-0.029046591371297836,0.03849315270781517
39.19756007194519,9.855991381014402,9.849536329231602,-1.180184350349009,-0.0002607016312593351,-4.0537729993812755e-05,0.0012716453218197346,-0.011676221920777375,0.0029839227266261264,0.00616629126944429,9.84000217110219,9.825605533569675,-1.1224201140038554,0.03826883429218787,-0.10106425670522555,0.045517051450432736,9.849622648209333,9.8201306425035,-1.0480953752994537,0.0679393783211708,-0.025146037340164185,0.03623431175947189
39.23756003379822,9.851113632479121,9.854521365369239,-1.1628527510911226,-0.00026342356462122026,-4.093953500806982e-05,0.0012663688970709684,-0.011858475297533212,0.0029360936094345387,0.006164486794135772,9.84263038909829,9.825052462201272,-1.120044460393587,0.03751727581964054,-0.0963742498423616,0.043628556355095,9.85121051594615,9.818782147020102,-1.0469051897525787,0.06648774445056915,-0.02235560491681099,0.03480727970600128
39.301559925079346,9.84889801495618,9.85405046324324,-1.180298994295299,-0.000264898472122185,-4.086023177264563e-05,0.0012686628980386383,-0.011965286686881803,0.002932370064069234,0.006164097051863451,9.845086273690171,9.822852507024681,-1.1180925621457733,0.0370399829937453,-0.0927234524630294,0.041734974805973706,9.853576581925154,9.816899593919516,-1.0451517403125763,0.06434191018342972,-0.017704293131828308,0.032519709318876266
39.34156012535095,9.850974225418181,9.841952842668235,-1.1613195799291134,-0.0002683809671723352,-3.999950856920204e-05,0.0012859971856777057,-0.012236130172597318,0.0029738984742264623,0.006162633538352841,9.849284115825014,9.823290921182407,-1.1159873219615504,0.037421231537013475,-0.08753199318060467,0.040080957760251994,9.855114858597517,9.815899189561605,-1.044067770242691,0.06312140077352524,-0.014779995195567608,0.03128916397690773
39.397560119628906,9.848613794143041,9.845563601349141,-1.1593230403959751,-0.0002700880657232431,-3.9831882735297034e-05,0.001290128934682685,-0.01236192935197461,0.0029756518773360672,0.0061641036166682674,9.851890195451201,9.82184814718094,-1.1145388419256084,0.037063819901645714,-0.08337549984101489,0.03846094185104925,9.85738555714488,9.814805325120687,-1.0426407158374786,0.06166093051433563,-0.010318142361938953,0.02963901497423649
39.437560081481934,9.846473384438086,9.840354749368474,-1.1530165495350957,-0.0002736145939971742,-3.9420877430525716e-05,0.001300196588188659,-0.012624082260606163,0.0029842120590903107,0.0061656250179212505,9.855548802871652,9.823120711376514,-1.113153851032844,0.0370216578861856,-0.07756130847028948,0.03678341696671085,9.859054487198591,9.814259823411703,-1.041803389787674,0.060599397867918015,-0.006893855985254049,0.028411023318767548
39.50155997276306,9.843994766923185,9.828145993448015,-1.1341631161049008,-0.0002762685502122556,-4.01279820403193e-05,0.0012902103197099317,-0.012794035084661313,0.0029154211756425865,0.0061677039249843895,9.857394860622655,9.824093674801519,-1.1120772168405824,0.036352035470472464,-0.07240314761892032,0.035350405723276496,9.861758153885603,9.813829716295004,-1.0408706963062286,0.05923061817884445,-0.0015031173825263977,0.026604462414979935
39.54155993461609,9.85953801913509,9.820385077658374,-1.1431261580437422,-0.000277249837017452,-4.01574386128181e-05,0.0012905463598509544,-0.012863110564352319,0.002907397993452273,0.00617013953235498,9.85944996394942,9.822256483030339,-1.1109862523899254,0.03580594850079604,-0.0687960811167619,0.03434942173213086,9.863375585526228,9.813791569322348,-1.040391355752945,0.05832887813448906,0.0018706241389736533,0.025752998888492584
39.60156011581421,9.879904873761133,9.817916982080794,-1.1358391335234046,-0.0002789008719676504,-4.063364727148615e-05,0.001283634658300278,-0.012967940677401325,0.002861956574931257,0.006173601540057243,9.861330705623741,9.821895701365733,-1.1102085374946349,0.03516955304705505,-0.06466073476305272,0.03360211475515952,9.865466993302107,9.813875492662191,-1.039766103029251,0.057169731706380844,0.006389153189957142,0.024889981374144554
39.641560077667236,9.880005575419078,9.819101200424365,-1.138351283967495,-0.000279285942604018,-4.086228326682442e-05,0.0012801077765977388,-0.012989553072865208,0.0028423176328710898,0.006171526586619389,9.863076847611978,9.819338889068785,-1.1081421026696137,0.0344473903479293,-0.06147173250090986,0.033132380317965296,9.8669547252357,9.81391554698348,-1.039459615945816,0.056295230984687805,0.009381625801324844,0.02437807433307171
39.69756007194519,9.893131503395088,9.833976509911542,-1.1354057108983397,-0.0002798560670778793,-4.2012501132375347e-05,0.00126019294292224,-0.012999015774583067,0.0027528331541373085,0.00617195241457003,9.863905972450745,9.81780179297035,-1.1066935560126434,0.03297681388014649,-0.058064616486494185,0.03274745227095181,9.868960302323103,9.813912685960531,-1.0391060411930084,0.05494556948542595,0.013168972916901112,0.023787187412381172
39.74555993080139,9.887583086810855,9.838400130854295,-1.1451656743884087,-0.0002800294254159638,-4.2182967937065274e-05,0.0012572094355060132,-0.013006506459030658,0.0027390864053316853,0.006174053251706547,9.865282320785116,9.815733248025012,-1.1057589788390771,0.032320698671273615,-0.055733017724734456,0.03250020155152705,9.870439451187849,9.813823040574789,-1.0388201773166656,0.053726986050605774,0.01607987843453884,0.02340838685631752
39.777559995651245,9.884201257652562,9.841079189816968,-1.1407380709424615,-0.00028039417667831705,-4.24457693673618e-05,0.0012529604634263104,-0.013025462824004996,0.002717120768692965,0.006173676253365952,9.8666996724826,9.813924594364629,-1.104218429345484,0.03158961362768507,-0.05317808126555767,0.03235015791755268,9.871430318802595,9.813685711473227,-1.0385630428791046,0.052793003618717194,0.01779485121369362,0.02317323163151741
39.84156012535095,9.898982150130967,9.841196380319587,-1.1376368021592498,-0.00028182230928029954,-4.3185657556455826e-05,0.0012414533525098716,-0.013107624389630618,0.002653087323690457,0.006174275795032625,9.868039547777641,9.814299583739926,-1.1030055755964259,0.030772550642741616,-0.04963101559155176,0.03221753557384361,9.873371046036482,9.813282307237387,-1.0381161272525787,0.05119064450263977,0.020802823826670647,0.022971604019403458
39.88156008720398,9.899711257829201,9.84891640257969,-1.1029386762529612,-0.0002832598340404237,-4.4173347633605684e-05,0.0012256594244333895,-0.013183976806774834,0.002570361574614795,0.006172305908949875,9.86914693025954,9.814827836383301,-1.101098557754179,0.029738905158507085,-0.045887026397490434,0.03215091706711141,9.874543111771345,9.813068684190512,-1.0378489792346954,0.05016203969717026,0.02263507805764675,0.022859759628772736
39.937560081481934,9.896879231533534,9.841321711592595,-1.0997173096984625,-0.00028385698444824057,-4.4647801357809044e-05,0.0012179295107117832,-0.013213936991941053,0.002531217857631328,0.006171615927131388,9.870408932609987,9.813816108609538,-1.0993306701300523,0.028985368260997634,-0.04304959330915494,0.03216643753305589,9.87616054341197,9.81293135508895,-1.0374542772769928,0.04869653657078743,0.025073746219277382,0.022617127746343613
39.97756004333496,9.896349702525495,9.857774903511269,-1.067959038540721,-0.00028465032632746674,-4.5841163754801064e-05,0.0011975291237113917,-0.013238444681947008,0.002436879985433681,0.006168413982412863,9.870673563102642,9.814123952539646,-1.0972813979939173,0.02783325455851254,-0.040410732943968464,0.03233450844724987,9.877252500504255,9.812987621873617,-1.0370375216007233,0.04767820984125137,0.026589611545205116,0.022672638297080994
40.04167914390564,9.884378855968091,9.856231258966487,-1.0426161708310246,-0.0002851608874159179,-4.619785099928742e-05,0.001192005854457801,-0.013265666359717496,0.0024068365290858974,0.006164543122428328,9.87189346449128,9.813245768565029,-1.0947624142547343,0.027170309878158626,-0.03776209061920903,0.03229219951648446,9.878844182938337,9.813190754503012,-1.0362209379673004,0.04601623862981796,0.029162926599383354,0.022589413449168205
40.08167910575867,9.883941923178035,9.87015309026586,-1.05545396450907,-0.00028641022507221154,-4.6924457090110465e-05,0.001181030110505641,-0.01333597924082708,0.0023445223412518882,0.0061578634718528445,9.872922058757943,9.814136453791992,-1.0916669077234384,0.02649160135836997,-0.034483565012510334,0.03228558503262485,9.879726331681013,9.813383396714926,-1.0355242788791656,0.04503309354186058,0.03054255060851574,0.02250722236931324
40.13767910003662,9.885530686299749,9.873021494289574,-1.0794608145952225,-0.00028717627312073956,-4.724708280636509e-05,0.0011764671746838204,-0.013382298205106105,0.0023157114615369907,0.006155856831339143,9.874088526763432,9.814159683069354,-1.089738871517133,0.026060082270695617,-0.03195233701731646,0.03212093653532203,9.880912702530622,9.813799198716879,-1.03420951962471,0.04366772249341011,0.03260732442140579,0.022546468302607536
40.17767906188965,9.868761208533133,9.873083510820528,-1.0569453882053494,-0.00028921908992948704,-4.686830357910426e-05,0.0011871110174466076,-0.013539719610813407,0.002331884808084348,0.006151969904795956,9.876434941384877,9.816272333112993,-1.087392567770629,0.026309523780330635,-0.028528078016128017,0.03171927675479267,9.881649892777205,9.814275082200766,-1.0330922901630402,0.042639609426259995,0.0340861976146698,0.022334422916173935
40.241678953170776,9.877505546133799,9.871256669820113,-1.0559243001043797,-0.00029026119726798547,-4.648412548021851e-05,0.0011961374615891717,-0.013625367399215478,0.002354352031822351,0.006149231246811113,9.878612852137032,9.816578541768635,-1.0851785565017211,0.02630560137000539,-0.025605883232297892,0.03093100770223238,9.882777135819197,9.815391834825277,-1.0312015116214752,0.04106279835104942,0.03670293837785721,0.021827101707458496
40.28167915344238,9.889888822455484,9.884318315017465,-1.0806382757145911,-0.0002920498672401358,-4.545067035695833e-05,0.0012184157505775851,-0.013782132804722146,0.002421050473707862,0.006148064912804307,9.88177917458444,9.818281931496584,-1.0834855474544323,0.02715939648730494,-0.02272987653737387,0.02974523121260827,9.883562009781599,9.816307362169027,-1.0298825800418854,0.04028559848666191,0.0381590835750103,0.020993612706661224
40.33767914772034,9.882107762751795,9.882349339109677,-1.0661257319152355,-0.0002930439994179289,-4.47130807081592e-05,0.0012339041912929273,-0.01387378249433034,0.002470350921011415,0.006146992755616338,9.884434479872617,9.818661619765637,-1.0817369868917612,0.02770867125769082,-0.02011490353340484,0.028266389669565815,9.884812276810408,9.817804630845785,-1.0281148254871368,0.039620738476514816,0.04035407304763794,0.01983223296701908
40.377679109573364,9.90485143421606,9.885453375770672,-1.041391909122467,-0.0002951578904277548,-4.336092121381337e-05,0.0012629668721731654,-0.014062943408041442,0.0025589566046480584,0.006143803275199093,9.88823453552971,9.82103085101633,-1.0796366140902702,0.028962666383325144,-0.01688993885885584,0.02694379939317091,9.885862272232771,9.81902151927352,-1.0269648134708405,0.039228491485118866,0.04203535243868828,0.01882641762495041
40.44167900085449,9.907751531072922,9.88533643965212,-1.047208591364324,-0.00029599022088169075,-4.2780428363098086e-05,0.0012752970277957565,-0.01413860105052626,0.0025974316614992606,0.006143220829358064,9.890806073039693,9.821533177044687,-1.0781110835280345,0.029477823989494476,-0.014463112106641054,0.025311608181224104,9.887857358902693,9.82121592387557,-1.0251438915729523,0.03909897431731224,0.04450598731637001,0.017187729477882385
40.48167896270752,9.901561960821201,9.888768079895698,-1.0608565378934145,-0.00029735748179474043,-4.1444691507768464e-05,0.001302840773697504,-0.014273355087901203,0.0026889912271571277,0.006140174557225535,9.894547442252328,9.822921464265571,-1.076160539995806,0.030749734115560395,-0.011895537424403144,0.0236592409482367,9.88930694386363,9.822749432176352,-1.0240247547626495,0.039221759885549545,0.046038415282964706,0.016045313328504562
40.537678956985474,9.903565902668468,9.894177937427711,-1.0754515156149864,-0.00029784967451435007,-4.074713062220254e-05,0.001316774166253193,-0.01432760094890213,0.0027381124474305583,0.006139677426143887,9.89711170635622,9.823097930994148,-1.0749463555512184,0.031530707777703164,-0.010183945270391064,0.022313574778411626,9.89151469990611,9.82504015788436,-1.0225359499454498,0.03959571197628975,0.04791395738720894,0.014624306000769138
40.57767915725708,9.923301634825037,9.901956204635814,-1.0752572717610747,-0.00029979972778297154,-3.946856184090562e-05,0.0013443665538081812,-0.01450243028272679,0.00282244372731299,0.006139369931188485,9.901146305344817,9.825791766855286,-1.0737787530979188,0.032935657163181156,-0.0075351265270977704,0.020780692573216467,9.89325324818492,9.826668079942465,-1.0215292274951935,0.04003667086362839,0.0490565299987793,0.013638565316796303
40.64167904853821,9.917065591073948,9.906123991076706,-1.0709071075543761,-0.00030089131856352795,-3.900933958504764e-05,0.0013551077180066395,-0.014593348888130556,0.0028505073593329652,0.00613857105967272,9.903724098366654,9.82737332451651,-1.0726682601990103,0.03345491240225467,-0.005610181691748853,0.019360603791984624,9.896286886185408,9.829342182725668,-1.0200977623462677,0.04066777601838112,0.050504207611083984,0.012049413286149502
40.681679010391235,9.912354913895483,9.892299769309378,-1.0773424918297678,-0.00030301411087610484,-3.8509713854012936e-05,0.0013687299665700945,-0.014759496181401446,0.0028759082862930357,0.006137218258398857,9.906864484225018,9.83099247397157,-1.0715030336412659,0.03409015844656766,-0.0028854445833577237,0.017762841785515383,9.898338239639997,9.831205662339926,-1.0193137228488922,0.041064124554395676,0.05142899230122566,0.01101453322917223
40.73767900466919,9.906484467141922,9.889775321238,-1.0544135551899672,-0.00030385741514866505,-3.835374706945831e-05,0.001373339738785918,-0.014824204735531584,0.002882960034719358,0.0061375588456315305,9.908962733287574,9.832463253016664,-1.070749788069971,0.034039416076681886,-0.001271724564663304,0.016335633182205326,9.901307981461287,9.834063824266195,-1.0183100998401642,0.04151849076151848,0.0526454783976078,0.009461881592869759
40.77767896652222,9.917282562407456,9.914626175439222,-1.0446853563189507,-0.00030535148050411223,-3.8394926993569246e-05,0.00137549118117681,-0.014929841891828026,0.0028719586382245626,0.006140600729052554,9.91099040053129,9.835532304449735,-1.0705808241812007,0.03375495413740408,0.0008266341364246007,0.015056159959456842,9.903423231095076,9.836207684129477,-1.0176054537296295,0.041523344814777374,0.05351754650473595,0.008535926230251789
40.841679096221924,9.92992454802184,9.91501531571646,-1.0528561510145664,-0.0003059477503205005,-3.848080557649173e-05,0.0013750550338508206,-0.014970058267445824,0.0028622754771987363,0.006141678165979308,9.912724498052361,9.836943900519238,-1.070101574098615,0.033303357510320875,0.0020340724859379132,0.01401985595206912,9.906663816422224,9.83974963054061,-1.0165980160236359,0.04155159369111061,0.054691169410943985,0.0073131681419909
40.88167905807495,9.934524711582318,9.919332782031368,-1.0714293697383255,-0.00030758741464300955,-3.832806584056686e-05,0.0013811977764527504,-0.01509136735460346,0.0028648279857336864,0.006144711284206006,9.915273653447027,9.840410942685784,-1.0700674836235853,0.03312371329292953,0.0040645691156617056,0.012916936623364942,9.908603589981794,9.84202891215682,-1.0160764753818512,0.041480764746665955,0.05535869300365448,0.006643838249146938
40.937679052352905,9.9322450518191,9.917010960174348,-1.0547136692330241,-0.000308706345372094,-3.803449646675443e-05,0.001389004454190808,-0.01517941214016355,0.0028807541675554163,0.00614623017743457,9.917776317448007,9.842727907110184,-1.0697395032208852,0.032740978311287035,0.005576404107652864,0.011823198816189028,9.911259572952986,9.845332439988852,-1.015522986650467,0.04105392470955849,0.056239813566207886,0.005566483363509178
40.97767901420593,9.951553121415701,9.926886792215951,-1.0582702672109008,-0.0003111741708307538,-3.7242783120517984e-05,0.0014090582394930954,-0.015377691711551001,0.002926395999159128,0.006147733041575232,9.921527078661315,9.847546138577226,-1.0694618779452165,0.03269240021994585,0.008060692729883677,0.011064427238364172,9.91317168995738,9.847812946885824,-1.0152707397937775,0.04054958373308182,0.05681496858596802,0.004915839061141014
41.04179811477661,9.960511210380574,9.927905185040323,-1.0414183158427477,-0.0003121042277117819,-3.7064437848344024e-05,0.0014144335070575258,-0.015449170314642855,0.0029345493254091214,0.006147611554767273,9.92397573454805,9.849848284731609,-1.0688053828325974,0.03165282967313589,0.009052488937613878,0.010574665587310586,9.916373174637556,9.852021511644125,-1.0150502026081085,0.03960055485367775,0.05769677832722664,0.00415681442245841
41.08979797363281,9.967240159790215,9.922810188597941,-1.0551246674731374,-0.0003144843949440672,-3.675936037991807e-05,0.0014255719684831037,-0.015628344971101306,0.0029443689644385864,0.0061464241985435385,9.92688119502828,9.854881885818411,-1.0680779791858013,0.030912334401866415,0.010932881150058438,0.01013803468266094,9.918745916336775,9.855270680040121,-1.0148426592350006,0.038721516728401184,0.05796840786933899,0.0037034049164503813
41.14579796791077,9.971449455994494,9.919285835025354,-1.0696114511229098,-0.0003156999571030594,-3.6680328974547115e-05,0.0014299494058822564,-0.015717939411936364,0.0029436550981430886,0.0061447240484843865,9.929069729134541,9.857817458906,-1.0672424957175572,0.029803133674181945,0.011729602284769209,0.009865122874163666,9.921669881790876,9.859319981187582,-1.0144743025302887,0.03782214969396591,0.05836295709013939,0.0033392133191227913
41.185797929763794,9.981991501818975,9.918127122076037,-1.0618214923888445,-0.0003176652529504932,-3.643268004147811e-05,0.0014393301016081346,-0.01586598932790554,0.002951195208489823,0.0061409634672763705,9.931716730856904,9.862225694306282,-1.0660405211679707,0.02885084311024463,0.012942022796671096,0.009821349542594938,9.923779409378767,9.862325962632895,-1.0141284763813019,0.03706110641360283,0.058451395481824875,0.0033367418218404055
41.2497980594635,9.973863067329264,9.921591044126098,-1.0547339152544737,-0.0003185820078082123,-3.6183386387959364e-05,0.0014461599961679494,-0.015938458811659117,0.0029647589273971257,0.006140405436310488,9.933941613425793,9.864623168447544,-1.0654188091722048,0.02756917337646813,0.01311901437085677,0.009509766951174127,9.927198331803083,9.86740618571639,-1.013624221086502,0.03575054928660393,0.05873347073793411,0.0030577133875340223
41.28979802131653,9.9879359696766,9.911220787655523,-1.0449076788499951,-0.00032019609988060576,-3.606321751492022e-05,0.0014521464116597086,-0.016057307455004596,0.0029653300703380704,0.006143746226658479,9.93620442716677,9.868451269242623,-1.0656514736560763,0.026185812128958798,0.013668393329441883,0.009053040337320718,9.9293326549232,9.87045794352889,-1.0133147537708282,0.03471342474222183,0.05855092778801918,0.002952211070805788
41.34579801559448,9.988414491202581,9.907757345681862,-1.0360157247632742,-0.0003214138582786231,-3.534737280317614e-05,0.0014679875275265214,-0.01616302587822992,0.0030121500039299296,0.006149636422638801,9.939261090177082,9.871245329261944,-1.066331933686445,0.025042978612207136,0.01349598344898449,0.008707854690548425,9.932255666702986,9.874572094529867,-1.0130018293857574,0.03330400213599205,0.057991739362478256,0.0027271953877061605
41.38579797744751,9.985685444518102,9.908922213189008,-1.038257472217083,-0.0003218866486521325,-3.4965436508057295e-05,0.0014760533044463479,-0.01620675114220536,0.0030379487129703277,0.006151616914793855,9.941263921955754,9.872660421056922,-1.066290187587907,0.023530763621630157,0.012738337581661477,0.008251904766133982,9.934314649552107,9.877332981675863,-1.0129074156284332,0.03218714892864227,0.05742587149143219,0.00243587139993906
41.44979810714722,9.98229571784231,9.921083965200173,-1.0490133967250586,-0.00032306833690852704,-3.3554875187019614e-05,0.0015048027720228037,-0.01632820108480268,0.0031357061982781706,0.0061508969192909935,9.94513681031264,9.875031470541368,-1.0656161882497175,0.02268124795743919,0.01194382024103489,0.0080463761528469,9.937627714127302,9.881366070359945,-1.0128709375858307,0.030185043811798096,0.05581338703632355,0.001977875828742981
41.489798069000244,9.97859232740106,9.920637693430452,-1.0459158876910806,-0.0003233474261159734,-3.2592162819161286e-05,0.001522912421111283,-0.016372925318040236,0.0032051087563942106,0.006151511778196262,9.947821758722863,9.875726416562134,-1.0652870948211453,0.02173189554989545,0.01033438030431321,0.008161745419182452,9.939717214554548,9.883640583604574,-1.0128217041492462,0.029193293303251266,0.054469816386699677,0.001986993011087179
41.5457980632782,9.977927296596846,9.924832674476653,-1.0742081399075687,-0.0003242164161635419,-3.068693148543111e-05,0.0015595416917265983,-0.016484011636193962,0.003340807896947564,0.0061523021037208124,9.952233996753035,9.877121048582346,-1.0649749351387494,0.021348052406443895,0.008795852391914433,0.008164864310589522,9.942727010697126,9.886495884507895,-1.0127305090427399,0.02791413478553295,0.05225621908903122,0.0020695922430604696
41.585798025131226,9.969546707322559,9.926930398255177,-1.072027564747259,-0.00032469837246075234,-2.9947318483032525e-05,0.0015740663320898904,-0.016537252676630854,0.003392863414947291,0.006154081431486471,9.954529468516935,9.878176645779709,-1.0649528197163083,0.019824905376792483,0.007255018427740722,0.008236391448779226,9.944902341812849,9.888277348130941,-1.012682944536209,0.026873519644141197,0.050493206828832626,0.002090600784868002
41.64979815483093,9.970940173966708,9.923556551694988,-1.0723156058229506,-0.00032491750463244844,-2.936387750823578e-05,0.0015850349691781584,-0.01656758085155828,0.0034346209919366645,0.0061553794976756185,9.95645349188581,9.878730870657076,-1.0648274670058062,0.01832342230105078,0.005343836854855417,0.008153344621642238,9.948422353714705,9.890705402940512,-1.0125652849674225,0.025379525497555733,0.04715554043650627,0.002102932659909129
41.68979811668396,9.973523520753254,9.93085488968411,-1.0517103262245655,-0.00032523321464160605,-2.9151875629965226e-05,0.0015897523694509284,-0.016595485606773822,0.0034482736954148043,0.006153925308181084,9.957806289550387,9.87973445117249,-1.0640997532242287,0.016090262293654387,0.003925451727985135,0.008252785551420623,9.950537603348494,9.891977604478598,-1.0124837458133698,0.02419169992208481,0.04520009085536003,0.0020883572287857533
41.745798110961914,9.981715887864256,9.937560150125284,-1.067114320001565,-0.00032602699040922337,-2.885621691329551e-05,0.0015973636032681926,-0.016659731329037336,0.003465809048342132,0.006152841428964811,9.959311756296685,9.881598305345065,-1.0634897590975159,0.01429469309356258,0.002822719525821619,0.008328955112351941,9.953220289200544,9.893417652696371,-1.0123256742954254,0.02254592999815941,0.04210321977734566,0.002154670190066099
41.78579807281494,9.987782865192992,9.943602554712216,-1.0594179322943091,-0.0003267469296365612,-2.8526375714625658e-05,0.001605355086286802,-0.01671961194273963,0.0034864141372155134,0.006152684194954484,9.960800273930774,9.883086222706028,-1.0630120852784564,0.01226959607675339,0.0016045967461343234,0.008580919181611128,9.954863470047712,9.894318874925375,-1.012174516916275,0.021325798705220222,0.03993986174464226,0.0023330864496529102
41.84979796409607,9.991054792477959,9.941763977830652,-1.057374100200832,-0.00032797298722305444,-2.729337868244635e-05,0.0016307454295942598,-0.016838160664715066,0.0035704544449448625,0.006151762217394492,9.963828720117688,9.885167345599509,-1.0623193534854336,0.010752432312731177,0.0005990073021690532,0.008770507207513186,9.9572867564857,9.895670231431723,-1.0119185745716095,0.018790466710925102,0.036556366831064224,0.0026719621382653713
41.8897979259491,9.988704555061263,9.9423474357232,-1.0605064537376165,-0.0003288077200379076,-2.6953275657277956e-05,0.0016393471036147491,-0.016906550712296402,0.0035912734146609318,0.006151002664052022,9.965103611369818,9.886763024474277,-1.061772645709216,0.008965409914349253,-0.00010004688003211699,0.008647131463947431,9.95873061940074,9.896477993577719,-1.0117280781269073,0.017383292317390442,0.034627869725227356,0.0025542567018419504
41.9297981262207,9.984093868078165,9.944802296846566,-1.0419086059555411,-0.0003295751351300919,-2.6550552344883395e-05,0.0016488263172989037,-0.016971553743509084,0.0036170059036927478,0.006150569499405902,9.966389266905791,9.88817710946169,-1.0612323024145547,0.006763116064334934,-0.0008836438691282441,0.008422332639440436,9.960172574967146,9.89726572856307,-1.0115162432193756,0.01573934033513069,0.032827798277139664,0.0024365647695958614
41.98579812049866,9.995674025498621,9.952990318084991,-1.0760401105508208,-0.0003308189601829545,-2.565806548407529e-05,0.0016683881661647896,-0.017082686184278842,0.0036758956341648528,0.00614839335554127,9.968617770889148,9.890438401879756,-1.0603337461751425,0.00482940050658949,-0.001235034410357057,0.008320394543462072,9.962037961930037,9.898434933274984,-1.0111905634403229,0.013390796259045601,0.03058931604027748,0.0023340668994933367
42.04993295669556,9.993716648382007,9.955310784827633,-1.0768808359280229,-0.0003314162845833615,-2.512791678377187e-05,0.001679494723796026,-0.017138386093850447,0.003711586689199856,0.006148088560136345,9.969904164942632,9.891438842768567,-1.0598896204882924,0.0028950428058584065,-0.002077043120500683,0.00826525236644847,9.964007299393415,9.899800594896078,-1.010929137468338,0.011019829660654068,0.02820444665849209,0.002323233988136053
42.08993315696716,9.993712883853874,9.959573180413113,-1.0905641466379166,-0.0003319324517332254,-2.3695153247746445e-05,0.0017059018774388526,-0.017210104704347595,0.0038124401598378477,0.006142295520966999,9.97268206049567,9.891979816273107,-1.0582274944669507,0.001478017614102693,-0.0028736722149191054,0.008086578023288573,9.965175550431013,9.90064936503768,-1.0108149349689484,0.009533245116472244,0.026968112215399742,0.0021057077683508396
42.14593315124512,9.988650271739584,9.960752499912568,-1.0518732853233814,-0.0003319707288101904,-2.2536016864163585e-05,0.0017259043535836178,-0.017240616030365905,0.003895404621073453,0.00613633476671216,9.974779311659383,9.891717711394204,-1.0565242685329825,8.786058727045787e-05,-0.0037996352268409124,0.008025305822012345,9.966796796768904,9.901694592088461,-1.0105903446674347,0.007517673075199127,0.025447890162467957,0.001975894905626774
42.185933113098145,9.992441713100618,9.95055024857287,-1.0481914654374123,-0.00033193271790763314,-2.2052232158605116e-05,0.001734032116989611,-0.017249403538505417,0.003930155653821037,0.006133392833908078,9.975581580925015,9.891371445609526,-1.055435346031221,-0.001990968997145771,-0.004560350912172049,0.007842665459731033,9.967934530228376,9.902268704026937,-1.010390192270279,0.006241055205464363,0.02435540035367012,0.0019299195846542716
42.24993300437927,9.984547510337725,9.943269145194424,-1.049622805789113,-0.0003322747749142909,-2.081845967265163e-05,0.0017560172760722151,-0.017302861751967557,0.004017573068366193,0.0061332503321834065,9.977670281402514,9.891532158700238,-1.054945648923893,-0.003440877969877772,-0.005037707750827047,0.007606174989612073,9.969571989029646,9.902908619493246,-1.0099429190158844,0.00410929461941123,0.022405141964554787,0.0019266162998974323
42.2899329662323,9.98190272175613,9.949848234619054,-1.0588603699579835,-0.00033228926657217524,-2.0060281439633298e-05,0.0017687780973812417,-0.017321568238851018,0.004072084164222614,0.00613302269980926,9.978767621865332,9.891115394141833,-1.0545152877349022,-0.005076074418115084,-0.005503878566938286,0.007289705212136503,9.970514219254255,9.903173740953207,-1.0096808969974518,0.0028327538166195154,0.021200640127062798,0.0018745544366538525
42.345932960510254,9.977424605145364,9.952704903121766,-1.0379042252898216,-0.0003322066949387155,-1.9301005267524745e-05,0.0017811481598479682,-0.01733304942020035,0.004126759818171836,0.006131825273778611,9.979786312548663,9.890704256074699,-1.0538623104510392,-0.00671753449744843,-0.0059423108658766075,0.006920458654502546,9.971733015030622,9.903381641954184,-1.0093615353107452,0.0010440254118293524,0.019741849973797798,0.0015783108538016677
42.38593292236328,9.98770926346995,9.950977368667646,-1.045007025822997,-0.00033197263434072636,-1.8611785549105675e-05,0.0017917710527176184,-0.017332193523621052,0.004177019792230788,0.006129987151449167,9.980575663870978,9.889805696721888,-1.0530839389937872,-0.008315728887678097,-0.006184779884578814,0.006734172370098695,9.972485464066267,9.903441723436117,-1.0091382563114166,-0.00012527160288300365,0.018780913203954697,0.0015529789961874485
42.44993305206299,9.995966434496376,9.955911980576737,-1.0524214319884777,-0.00033246635010729907,-1.7799487901884035e-05,0.001807087812973624,-0.017386086184526032,0.004233157899912457,0.006130883503174746,9.981750233330034,9.890494128151794,-1.0529346663838084,-0.00961313014458504,-0.005844900035253385,0.006408908544246829,9.973468702286482,9.90329771861434,-1.0087603628635406,-0.00206003081984818,0.017229776829481125,0.0013478257460519671
42.489933013916016,10.006447115612707,9.95454566489717,-1.063021509675309,-0.00033254284369672475,-1.7853489610054214e-05,0.0018064348223808641,-0.017390107088907217,0.0042287992116051415,0.006131362614392244,9.981188627544888,9.890578410247063,-1.0527387824447672,-0.012052077091629008,-0.005464013081833579,0.006067599204534608,9.974011342972517,9.903118427842855,-1.0086155235767365,-0.0033385977149009705,0.016294555738568306,0.0011996971443295479
42.54593300819397,9.991592078974083,9.948051360157946,-1.042491229251027,-0.00033314495377757516,-1.7384223394450763e-05,0.0018162803481852126,-0.017443369992854302,0.0042602373516118005,0.006137556460959475,9.981538145083244,9.891673891324867,-1.0537825703830175,-0.013941447412422153,-0.0044857430466255475,0.005500578565717586,9.97457305714488,9.903006847947836,-1.0084647238254547,-0.005222117993980646,0.015434090979397297,0.0009070434025488794
42.59393310546875,9.969212554000642,9.9534499968195,-1.0406294288113713,-0.00033343438332704786,-1.7053961634869198e-05,0.0018226964488381983,-0.017471207548125665,0.004283039938549799,0.006142151750527703,9.98150012920734,9.892099059811795,-1.054535210067694,-0.015402977542255331,-0.00381805811599025,0.004974764225031203,9.97483341023326,9.903009708970785,-1.0084694921970367,-0.006772542838007212,0.014819059520959854,0.0005303995567373931
42.649933099746704,9.951447764840571,9.948103305888937,-1.0424914145842195,-0.00033384836430003955,-1.576665018458635e-05,0.0018452458445216687,-0.01752945997240415,0.004373901781021211,0.006148716622541946,9.982849612983436,9.892484591350243,-1.055635174183981,-0.016372332954141682,-0.00279367103042161,0.004779806147817004,9.974954526871443,9.903099354356527,-1.0085460245609283,-0.008460339158773422,0.014526376500725746,0.0004432818968780339
42.68993306159973,9.956068554450829,9.951693371344248,-1.048762827180326,-0.00033388862835124155,-1.5206554278448587e-05,0.0018544726087685495,-0.017544677530887523,0.004413930184098338,0.006151519773469695,9.982956467809919,9.89236529402366,-1.0559960214879598,-0.017610577784415538,-0.001981134839411499,0.0047086147579815845,9.97493926808238,9.903221424669027,-1.008690983057022,-0.009575944393873215,0.01444836426526308,0.0002852544712368399
42.72993302345276,9.930601629842279,9.953156071694771,-1.0590910916216671,-0.0003339923617287781,-1.3895662066747192e-05,0.001876172038192166,-0.017581046869364358,0.004507448413780672,0.006156154521263678,9.984180590032343,9.892243973753848,-1.0567459194805793,-0.018118349918225172,-0.001102558093331522,0.004577643155609181,9.974853437393904,9.903315838426352,-1.0089487135410309,-0.010637108236551285,0.014503737911581993,0.0001572586625115946
42.78593301773071,9.938389400349546,9.964632427550459,-1.0559056010097265,-0.000333917367599906,-1.3517393753828131e-05,0.0018820029789834557,-0.01758387058366237,0.004534735635496772,0.006156929358168351,9.983727194681707,9.892099938399113,-1.0566590638708464,-0.019374657941529844,-0.00021959077060934714,0.004848425184380451,9.974592130631208,9.903428371995687,-1.009491354227066,-0.011807860806584358,0.014384450390934944,8.686017827130854e-05
42.84993314743042,9.936406448062758,9.972920795560734,-1.058916884008795,-0.00033406797445393563,-1.211446713932985e-05,0.0019054565673138535,-0.01762561924982011,0.004634052236699421,0.00615774689659046,9.984969869703674,9.892211759434199,-1.056546937670174,-0.019534060967233573,0.0009205891926876519,0.005518189640421568,9.973993223160505,9.903542812913656,-1.0100860893726349,-0.013033836148679256,0.014506331644952297,0.0006323646521195769
42.88993310928345,9.938800466595092,9.975100204116492,-1.0667095048702322,-0.00033408944422625705,-1.135001377300106e-05,0.0019180502595887079,-0.017644159080398108,0.004688083554358825,0.006155489923288141,9.98527983421762,9.892214388199914,-1.0557562131908715,-0.02010218835464209,0.0019961810988049894,0.00593431356363776,9.973504941910505,9.90366106852889,-1.0104756653308868,-0.013712520711123943,0.014683076180517673,0.0006902875029481947
42.9459331035614,9.946188768545491,9.97625278267623,-1.0515048652887344,-0.00033385007294756233,-9.894329304172498e-06,0.0019408317637700278,-0.017659366601857702,0.004791734601371044,0.006149843186928075,9.98657253748493,9.891674473085116,-1.0541003214166484,-0.0202033061328661,0.0029884103477324938,0.006816755495333712,9.97280589863658,9.903892811387777,-1.0109755098819733,-0.014670786447823048,0.014971631579101086,0.0012723013060167432
42.98593306541443,9.94767092543564,9.973472199019819,-1.0396780399605632,-0.0003339869319402601,-9.072325723301786e-06,0.0019549108814859665,-0.017687536395297836,0.004849037111164816,0.006144741212312659,9.987027994859046,9.891989007582925,-1.0525502840740657,-0.02050383364808102,0.0043996641925553625,0.0075338948666789024,9.97228042408824,9.904063519090414,-1.0112453997135162,-0.015148736536502838,0.015275567770004272,0.0017895334167405963
43.025933027267456,9.952346135568114,9.972340503123174,-1.0145885599777102,-0.0003347160729108092,-7.34259537451962e-06,0.0019864531107832407,-0.017778300259824856,0.004967792876129912,0.006132680274600888,9.989298118894453,9.893355002757554,-1.0492905304212408,-0.01973507294148375,0.006067919518687658,0.008373491865133736,9.971786420792341,9.904280956834555,-1.0113135874271393,-0.015453284606337547,0.01542274747043848,0.002223482122644782
43.09006714820862,9.950332489258132,9.977195018984983,-1.016647550277412,-0.00033523877649122366,-6.809310169274785e-06,0.0019974820042929315,-0.017827376660652577,0.0050032400046067325,0.00612836927690737,9.989255935782632,9.894790657995781,-1.0477887627977094,-0.0201121349412825,0.008033800366586309,0.008904882974329635,9.971135061234236,9.904821690171957,-1.010796457529068,-0.015660500153899193,0.016012223437428474,0.0031695598736405373
43.130067110061646,9.9463810706567,9.981159226981958,-1.0274490136653185,-0.0003368918393897445,-5.545464647113503e-06,0.0020252724281668417,-0.017972848513903173,0.0050860208183738645,0.0061218483887869645,9.990765393260652,9.898526348711751,-1.0457633495284473,-0.01947389066050067,0.01074693731229815,0.008931599166699226,9.970806043595076,9.905397709459066,-1.0101710855960846,-0.015583698637783527,0.016530757769942284,0.0034558745101094246
43.1860671043396,9.947848892919625,9.977499287181061,-1.0137780001387,-0.000337578620546546,-5.182044783341483e-06,0.0020342227889534182,-0.018029602995911043,0.005108958698620085,0.006118709138800759,9.990454445872642,9.900626394435202,-1.0445232188875238,-0.019770800600787477,0.01292541872974522,0.008660318014020391,9.970359724014997,9.906544025987387,-1.0091212093830109,-0.015380220487713814,0.01751972734928131,0.003553192364051938
43.22606706619263,9.939913244986316,9.967080879851977,-1.0264248587191105,-0.00033828544688935404,-4.6787057680414465e-06,0.002045588081666828,-0.018090664404639797,0.005141514661469578,0.006113384012030165,9.99033603250456,9.902937709691159,-1.0428352366159253,-0.019847986947543823,0.015169026366303236,0.008127169328255562,9.97005645558238,9.907717045396566,-1.008247286081314,-0.015204308554530144,0.018602993339300156,0.0033905634190887213
43.290066957473755,9.948820824351493,9.964497396789392,-1.0362808806821704,-0.0003383621851260915,-4.5189449375360125e-06,0.002048503751267643,-0.018099394091497446,0.005152454241614958,0.006113050416237329,9.989490922456175,9.90404535826672,-1.042338946783488,-0.02016103564756794,0.016893053384644578,0.007269427970211293,9.9694356136024,9.909931477159262,-1.0067258179187775,-0.014870735816657543,0.020451536402106285,0.003031286643818021
43.33006715774536,9.950473130416684,9.957686617860618,-1.040028590708971,-0.00033896624311427535,-4.232783043512479e-06,0.0020557189866265975,-0.018147941428997342,0.005170532989719368,0.006113506209287178,9.988941024156087,9.90636570206137,-1.0420857217661013,-0.020301992744240886,0.018846461308316603,0.0061598558464416985,9.968940656632185,9.911366757005453,-1.005853682756424,-0.014680275693535805,0.021409006789326668,0.002436468843370676
43.386067152023315,9.952313300792214,9.959937915186062,-1.0469243004918098,-0.0003390955124563161,-4.015164202481571e-06,0.0020597613601244427,-0.018161619042442186,0.005185331371461708,0.006113476795637573,9.988299841130113,9.90763751501963,-1.0418106269162366,-0.020380847326831455,0.020325981468911535,0.004903985350661939,9.968102376908064,9.913449581712484,-1.0047641098499298,-0.014490771107375622,0.02287144958972931,0.0014949762262403965
43.42606711387634,9.931551319935574,9.956127737762973,-1.047274699434638,-0.0003396257832058092,-3.6464305608799616e-06,0.002067939827623597,-0.018206557860758428,0.00520952811978934,0.006114509366768152,9.987737208491433,9.909969306312613,-1.0418232092215702,-0.020428767945132875,0.022246060198189085,0.0035683421409922127,9.96744529530406,9.914974506944418,-1.004081517457962,-0.014517082832753658,0.02389623038470745,0.0006706264102831483
43.49006700515747,9.939940632759459,9.95872698783584,-1.0443174857646227,-0.000340012517199591,-3.2116866605099735e-06,0.0020765345096897497,-0.018243010476422176,0.005238606435561327,0.006114431422221121,9.987465168343054,9.911929977704856,-1.0416366151005987,-0.02024205267716375,0.0238937090279394,0.0024278416017935694,9.96625892445445,9.917427357286215,-1.003061443567276,-0.014399191364645958,0.02531353570520878,-0.0004479981434997171
43.5300669670105,9.954963434536992,9.966583551074839,-1.0320107890293002,-0.0003409085413821925,-2.904541441238802e-06,0.002085320153661472,-0.018312279345818902,0.005256943260744187,0.0061131267721397245,9.987076939303806,9.915179343067575,-1.041213766962158,-0.020099266366881103,0.025699777371612772,0.001168503532378702,9.965471189469099,9.91902094706893,-1.0025551617145538,-0.014243163168430328,0.026074837893247604,-0.0012993230484426022
43.58606696128845,9.960641950469457,9.966611213631587,-1.0234554512426257,-0.00034124996645517296,-2.709195115891549e-06,0.002089846566568748,-0.018340197818807802,0.005269426902114948,0.0061137852363579055,9.986488273424529,9.917227035460755,-1.0412953431539174,-0.02012514095328691,0.02670914398484336,7.102307180792088e-06,9.96435634419322,9.921383198350668,-1.0018168985843658,-0.014181111939251423,0.02690640278160572,-0.002370507223531604
43.62606692314148,9.966207065914906,9.964657813255748,-1.0287430677562952,-0.00034105125414760594,-2.647971690180662e-06,0.002089969093529575,-0.01832730107640284,0.005274265295744152,0.006113584115012883,9.985398963150207,9.91847947142771,-1.0412413205283344,-0.02020373824406851,0.02727345320425783,-0.0010842003941944165,9.963558118790388,9.923149403184652,-1.0014002621173859,-0.01407563779503107,0.027492769062519073,-0.0030752504244446754
43.69006705284119,9.976771125353359,9.964580236439083,-1.048257009126246,-0.00034069016570588336,-3.0153053608073644e-06,0.002082666214735054,-0.01829410164167914,0.005249989651790155,0.00611416560018408,9.983496870915406,9.919442191315836,-1.0414888498903154,-0.020606147377463326,0.027348474315203597,-0.0020517999665286193,9.962289731949568,9.925873097032309,-1.001047044992447,-0.01375823374837637,0.027834460139274597,-0.004199699033051729
43.730067014694214,9.96780570888971,9.966926383007339,-1.0570852076634765,-0.000339992816667023,-4.007803256564462e-06,0.002064317150824888,-0.01822427145580449,0.0051834142360467645,0.006112527605477134,9.980258543248508,9.9200033401685,-1.0413256668286393,-0.02146938806679005,0.027192624144276596,-0.0028225578352761654,9.961415212601423,9.927405651658773,-1.0010147392749786,-0.01345708779990673,0.027809500694274902,-0.004837557207792997
43.78606700897217,9.96604828670394,9.964993243680292,-1.0529623553156853,-0.00033959762651063154,-4.4127247334374e-06,0.0020563737712411333,-0.018188116928669503,0.005156758499785803,0.006113104021924155,9.978177035873623,9.920888068232673,-1.0416595568544065,-0.02204653540948512,0.02699688245308781,-0.003335378743841154,9.959932249039412,9.929286297410727,-1.001138836145401,-0.013643521815538406,0.027488891035318375,-0.005402462091296911
43.826066970825195,9.967457074546182,9.979879168750301,-1.0656635551713407,-0.0003385689838639539,-5.242313422331202e-06,0.002039267001673203,-0.018099073359093297,0.005102851015510408,0.006114198350521891,9.975161380431425,9.920660487098678,-1.0422278932049287,-0.022745327438705384,0.025995242133534154,-0.003874563097679974,9.95870677754283,9.93048506602645,-1.001279503107071,-0.01382546965032816,0.02675289288163185,-0.005730584263801575
43.8900671005249,9.959456901341841,9.98506232013686,-1.0730465934611857,-0.00033794157148919713,-5.315362912045756e-06,0.002035563824228845,-0.01805396201953396,0.0050997310748109575,0.006113591738717546,9.973649143563712,9.920866059441623,-1.0423552486887988,-0.022588126736689362,0.025329899821850466,-0.004007503207559686,9.95653049275279,9.932075794786215,-1.0017298758029938,-0.014100653119385242,0.02563217282295227,-0.006058304104954004
43.93006706237793,9.975202650230617,9.985534364650208,-1.0584686044603586,-0.0003371053123211717,-5.556270824861505e-06,0.002028450084407012,-0.01799088988566212,0.005085711032434979,0.006113794535738071,9.971862461714556,9.920750046438318,-1.0426930857747574,-0.022486768244691785,0.024321636047899494,-0.0040863025563256305,9.955108564347029,9.932853039354086,-1.0020575821399689,-0.014228580519557,0.02449333295226097,-0.006157670170068741
43.986067056655884,9.976407628089818,9.980854659023246,-1.066378170158714,-0.00033678941199668464,-5.660306970568715e-06,0.0020255823326549315,-0.01796685479009298,0.0050794740815464515,0.006113684332020212,9.970519297150645,9.921446745173439,-1.0429034376748536,-0.02220594037612424,0.02376898658007936,-0.0037665842028680296,9.953148763626814,9.933745678514242,-1.0025614798069,-0.014451690018177032,0.022940684109926224,-0.005866894498467445
44.02606701850891,9.968659464690106,9.987007855134975,-1.089621496386826,-0.00033626020274437647,-5.633521769911341e-06,0.0020237985464580536,-0.017930656835380913,0.00508284667475991,0.006114687139416095,9.969329668577672,9.921877362850482,-1.043467883946091,-0.021445409698862532,0.02293208640633362,-0.003469782758166093,9.951774518936872,9.934278782457113,-1.0029601156711578,-0.014288888312876225,0.021753529086709023,-0.005676346365362406
44.09021592140198,9.966575517249376,9.979027979248787,-1.1161963930353522,-0.0003359298233929943,-5.7572346547522545e-06,0.0020205785654416903,-0.017905171608321203,0.0050753357814979794,0.00611590606200655,9.967914263604607,9.92274325529606,-1.044179976809737,-0.020557473163314886,0.022418873423190672,-0.00314631857232687,9.949740331619978,9.934991177171469,-1.0036610662937164,-0.01372616458684206,0.019831661134958267,-0.0053543820977211
44.130216121673584,9.972672934002372,9.983061932778652,-1.1181263588368893,-0.0003358618416420284,-5.337262028990178e-06,0.00202646690456801,-0.01790868362015955,0.005104005915925439,0.006116433131822256,9.967843136793029,9.923661813199393,-1.044555716813257,-0.019106973443656364,0.0220810373392182,-0.0026185981525362295,9.948532026261091,9.935374554246664,-1.004143863916397,-0.01325097307562828,0.018596116453409195,-0.004879273008555174
44.18621611595154,9.959165642282606,9.972217255062409,-1.1321474462747574,-0.0003355386225088915,-5.006236318492443e-06,0.0020300396911843667,-0.017893015027267117,0.00512751999560814,0.006117610636598497,9.96756451428724,9.923992496060826,-1.0450834844834063,-0.017633658120704707,0.02146044772880942,-0.0019709447669372434,9.947050970047712,9.935867603868246,-1.0049884617328644,-0.012277776375412941,0.017053086310625076,-0.004197996109724045
44.226216077804565,9.946887455207168,9.987482130040776,-1.1417984021827579,-0.00033492086288728734,-4.288572275754343e-06,0.0020380963774072718,-0.01786467292307685,0.005178084932635236,0.006119442866929838,9.968043209959683,9.923693098388162,-1.045909674446424,-0.015556338683717459,0.020610203999589377,-0.0011498833586808313,9.94619170948863,9.936142262071371,-1.0056751072406769,-0.011394934728741646,0.016031209379434586,-0.0036688363179564476
44.29021596908569,9.948949389741145,9.989678850878986,-1.1420361204072833,-0.0003346733242615462,-4.049542804266419e-06,0.0020405774860872,-0.017852286350642364,0.005195112625809983,0.006121527962714252,9.967677092743813,9.924304566553928,-1.046597252581902,-0.013669681255907468,0.02034028421099223,-0.00023440514959908705,9.945105474442244,9.936385449022055,-1.006828099489212,-0.009371468797326088,0.01433650217950344,-0.002615509554743767
44.33021593093872,9.936238697068232,9.984840664937748,-1.1226188819855452,-0.0003345665662878503,-3.5021986344073547e-06,0.002047899789113273,-0.01785503962934093,0.0052326827930451155,0.006127329984324854,9.968109563382392,9.92509596383876,-1.048231763041566,-0.011673043464530158,0.020235029733206546,0.0002883912599438102,9.944584768265486,9.936488445848227,-1.0076276361942291,-0.007926607504487038,0.01333434134721756,-0.002117865951731801
44.386215925216675,9.929398739694339,9.975710489504165,-1.128419429063797,-0.0003339452455455184,-2.8561344608203626e-06,0.0020548443012830394,-0.01782517189471713,0.005278527942453646,0.0061323352244624365,9.968533989055636,9.92487021130859,-1.0496229558140002,-0.009050980131493183,0.019840670151642047,0.0013145021069025718,9.944027822464705,9.936685856431723,-1.0089015066623688,-0.005775200203061104,0.012249832972884178,-0.0012932132231071591
44.42621612548828,9.936653523598594,9.967919537426683,-1.1211979435756803,-0.00033328863539816133,-2.7366060409034183e-06,0.0020542526203460526,-0.01778332324836338,0.0052888653169795895,0.0061346086321954945,9.968157560730626,9.924415443708924,-1.0501932191709717,-0.007406170571905887,0.019405709675316817,0.002437794675322457,9.943748395889997,9.93680601939559,-1.009874850511551,-0.004186253994703293,0.01158204860985279,-0.00039924608427099884
44.49021601676941,9.93212860887482,9.952580801391765,-1.1057191425934434,-0.00033226053385162975,-2.604894766410372e-06,0.0020526693040066914,-0.01771700120558077,0.005301263049071711,0.006136305168718349,9.967640286843219,9.923225745162455,-1.0506454550036868,-0.0055969780954186615,0.019086724668510257,0.0037909504755950555,9.943430822342634,9.936759289354086,-1.0113809406757355,-0.0017154557863250375,0.010707336477935314,0.0007995113264769316
44.53021597862244,9.925462856578436,9.951052185435175,-1.095283712260425,-0.0003318556321105823,-2.5453709873523023e-06,0.002052200867041697,-0.017691104389735667,0.005306633613393348,0.006136323488316493,9.967356199449561,9.923128330750977,-1.050557235560213,-0.004184268257137566,0.019126374616965505,0.004863838563714341,9.943229597061872,9.936568554490805,-1.01229789853096,-0.00018967520736623555,0.010036640800535679,0.0015865331515669823
44.58621597290039,9.92579516405808,9.962851166316721,-1.121722323819995,-0.00033110154800339027,-2.9607053808430747e-06,0.002044082597306638,-0.017633189045948714,0.00528131540537795,0.006133370880849278,9.965820513377267,9.922884285887525,-1.0497692962876528,-0.002711004832190757,0.019239404336475367,0.0066107433921531065,9.942971151322126,9.93602305278182,-1.0134656727313995,0.0019132826710119843,0.009072229266166687,0.00299368379637599
44.62621593475342,9.931204133977095,9.95648724307655,-1.1193003002554178,-0.0003308661925819767,-3.1560589910255954e-06,0.00204064974974619,-0.017613902888671987,0.005269068235245002,0.006132666691035356,9.965136669628071,9.92346380362239,-1.0493793815418067,-0.0013309388109307412,0.01975925592848416,0.007942087627511864,9.942744176834822,9.935547169297934,-1.0141372978687286,0.003326298203319311,0.00841495767235756,0.004002081695944071
44.690216064453125,9.93539307711823,9.974891574966334,-1.1055623795837164,-0.00033012365047106534,-3.947838229989554e-06,0.002027495680784506,-0.01755018278638426,0.005218687801231574,0.0061291262955159185,9.962982764631146,9.923421880174876,-1.0483205014166268,-0.0005953731624093453,0.020188195228003362,0.009505319575472248,9.942212026566267,9.934806164354086,-1.0149079859256744,0.005195348057895899,0.007688659708946943,0.005566311068832874
44.73021602630615,9.937723464304677,9.97593007589693,-1.0935400277376175,-0.00032969340858793,-4.363447248810757e-06,0.0020205033659391578,-0.017514194200483543,0.005192436883307497,0.006127599007173532,9.961880417586714,9.923745192902443,-1.0475658269301646,0.00024108809677099885,0.020791985045228865,0.01072713642224358,9.941771429032087,9.934379871934652,-1.0152683556079865,0.006009874865412712,0.007314854767173529,0.006562954746186733
44.786216020584106,9.93729547430219,9.97784940381373,-1.06762191420421,-0.0003290101550324695,-4.370823932109162e-06,0.0020184506081683596,-0.01746914318893548,0.00519400919448626,0.006125394005219089,9.961598242372261,9.923592196069833,-1.0465464976696908,0.001567929406674636,0.021327398493631588,0.011657440239696204,9.941041868180037,9.933843906968832,-1.0154402554035187,0.007029887288808823,0.007093656808137894,0.0075468341819942
44.826215982437134,9.954190193527927,9.979319534243897,-1.054666431620717,-0.0003286725416171741,-4.100388074667551e-06,0.0020211910339859446,-0.017451971198840475,0.0052128727401468,0.006124806200817662,9.96221734769038,9.92390866842939,-1.0458377787622586,0.0029794798772620765,0.022215920906345617,0.012224515081970748,9.940492551773787,9.93349676951766,-1.015398770570755,0.00755425076931715,0.006981298327445984,0.008223884738981724
44.86621594429016,9.957952042006161,9.98401670557608,-1.0766735547222197,-0.000328036625921762,-3.63817223366735e-06,0.002025690914504246,-0.01741879174507658,0.005245286379042558,0.006124786552473027,9.963246827321903,9.923600950539246,-1.0453635143810096,0.00459449759485295,0.0228137579342535,0.012682256904583222,9.940045278519392,9.933199223130941,-1.0153622925281525,0.008175024762749672,0.007026986218988895,0.008558508940041065
44.922215938568115,9.964920803809818,9.973739313936496,-1.0825433870777488,-0.00032757521781482253,-3.3983834051870115e-06,0.0020276296363318158,-0.01739310108732022,0.005262573638420857,0.006125808759748065,9.963968194518014,9.92378739084944,-1.0450075690237095,0.0060236233457301785,0.023843326048071618,0.012921088875129815,9.939746778458357,9.932887371629477,-1.0151408016681671,0.009205360896885395,0.007219668012112379,0.009006659500300884
44.99021601676941,9.982047891239617,9.975599536753409,-1.072198891080916,-0.0003268888340223265,-3.0610445230827435e-06,0.0020302564459778617,-0.01735462704865607,0.005286848635442259,0.006127103530954374,9.965039430449037,9.923604070642945,-1.0447403242490605,0.007776565578319209,0.024868777279797288,0.013134160950723974,9.939780157059431,9.932586964219809,-1.0148898661136627,0.01074138656258583,0.007655538618564606,0.00941961444914341
45.03021597862244,9.972316704831188,9.971784592660276,-1.0414758613333106,-0.00032668863711811564,-2.874996104266336e-06,0.002032202293169628,-0.017344960325126394,0.005299673195428046,0.006128045467287714,9.965854372810146,9.924428572115835,-1.0443272997415778,0.009336798480883032,0.026293522331726923,0.013169957651234855,9.940005224198103,9.932415302842855,-1.014680415391922,0.011858654208481312,0.007952447049319744,0.009509457275271416
45.086382150650024,9.95592011832157,9.968649442510758,-1.073582794284448,-0.00032594622829585886,-2.728839247662619e-06,0.002032137652573363,-0.017299614161062127,0.005311794401266618,0.006130750421677769,9.96646459433884,9.924264683903745,-1.044368216653388,0.010680243921997635,0.027329705217568574,0.012806546410610211,9.940623205155134,9.932257946580648,-1.0142444670200348,0.013230494223535061,0.008459508419036865,0.009328083135187626
45.12638211250305,9.943632850550808,9.96467905198451,-1.087064489722252,-0.00032577089937610177,-2.649288797898287e-06,0.0020327132942873755,-0.01728964433616571,0.0053176706269711035,0.006132510225792643,9.967033500077372,9.925175839028755,-1.0443063076414165,0.01194979660124897,0.028863929680217535,0.012736547551618856,9.941144865006208,9.932148274034262,-1.0140146315097809,0.014309868216514587,0.008941848762333393,0.009307687170803547
45.19038200378418,9.957875349027724,9.959639807310168,-1.1231180103495717,-0.00032528029629161836,-2.632628198053748e-06,0.0020315919059380088,-0.017258296210033792,0.005320554079232454,0.006135873733250082,9.967459713071117,9.925655153640703,-1.0447895402217569,0.013044140374946459,0.030442220287756738,0.012337412215991692,9.942097585648298,9.932151135057211,-1.0136130154132843,0.016025535762310028,0.010047531686723232,0.008949804119765759
45.23038196563721,9.9592106150627,9.964305010284098,-1.1265598572790623,-0.00032511588019285746,-2.6900551306355563e-06,0.0020303692185285956,-0.01724666863197293,0.005317402091037844,0.006137117779263809,9.9679730129603,9.92704103421884,-1.0445998893848358,0.014200320643422183,0.032575929078411406,0.012161536611299033,9.942709844559431,9.932271298021078,-1.0135164558887482,0.01696857251226902,0.010868677869439125,0.008816023357212543
45.28638195991516,9.96772190694325,9.976639882238612,-1.1122029982507229,-0.0003248171347377111,-3.059442441819752e-06,0.0020246365801036455,-0.017220934131719396,0.005294327515712339,0.0061379333123994465,9.967747294230843,9.928356823055218,-1.0444729929271626,0.01480666001347954,0.034366390442638874,0.012174247345635018,9.94360439106822,9.932556446641684,-1.0134325325489044,0.01819816790521145,0.012059958651661873,0.008688094094395638
45.32638192176819,9.964250193752845,9.98049936095085,-1.1256471807137132,-0.0003247177944600982,-3.244973847422092e-06,0.0020218924387186473,-0.017211226025242648,0.0052825929496964266,0.006138362159838358,9.968071099190118,9.930191949023493,-1.0440993687427493,0.015543657448831898,0.03641808838268159,0.012035718356343688,9.944237630814314,9.932933147996664,-1.0134240686893463,0.018903397023677826,0.012828869745135307,0.008438831195235252
45.390382051467896,9.96105224301713,9.984273212593067,-1.105039767920971,-0.0003247645810248623,-3.3163923778512528e-06,0.0020210562488602933,-0.017212670247547416,0.00527758665637857,0.006137138230545417,9.968651125910558,9.932459329730257,-1.043441386965139,0.01633699256447457,0.038466451489298434,0.01197947504502094,9.94522849842906,9.933778103441,-1.0135535299777985,0.019779978320002556,0.01439705491065979,0.008228291757404804
45.43038201332092,9.96255731451859,9.987849268917243,-1.1099853422492743,-0.0003248257153025891,-3.1302714208289505e-06,0.0020236876754218674,-0.01721966161013798,0.0052892189473866015,0.006135786510574214,9.96995310090527,9.93475427974897,-1.0425972799726873,0.017187737623706324,0.04058045693569517,0.011914607018152343,9.945863645523787,9.934519108384848,-1.013640433549881,0.020119769498705864,0.01536583248525858,0.008021374233067036
45.48638200759888,9.975024058979242,9.974566706342621,-1.0925214486196637,-0.0003246052954696419,-3.125678840124049e-06,0.0020232473513906238,-0.017205737452862146,0.005289842385683401,0.00613238741157894,9.970828958613476,9.93664010762958,-1.0412965968602583,0.017584848942179872,0.04234888698344127,0.012225503715919133,9.946844976395369,9.935878094285727,-1.013681560754776,0.02046169713139534,0.016940759494900703,0.008197513408958912
45.526381969451904,9.98230544493604,9.981030423168335,-1.1022246247157454,-0.0003244705342818786,-3.0472668550414925e-06,0.0020239690800122404,-0.01719857257065896,0.0052950385377579364,0.006130034602469191,9.971876387970706,9.938481984534828,-1.040231985147667,0.0179119161397422,0.043925428734957285,0.012247417938061394,9.947609823197126,9.9370101056993,-1.0136390030384064,0.02062128111720085,0.017897741869091988,0.008244778960943222
45.59038209915161,9.987439344751948,9.990334328154654,-1.1140576666221023,-0.00032409716449364334,-3.174395494707405e-06,0.0020213702305560584,-0.017172794130738925,0.005287678931230313,0.006127896859217894,9.97253860146033,9.940251487639744,-1.0393327182759449,0.018154809501097397,0.045468436596285224,0.012335634827083277,9.948906820267439,9.938930805772543,-1.013374000787735,0.020956315100193024,0.01966950111091137,0.008281382732093334
45.63038206100464,9.989294385119683,9.988002229733494,-1.105945066548884,-0.00032387764808510737,-3.2044381093224958e-06,0.00202041967657583,-0.01715845509094216,0.00528628509485849,0.006127314958122221,9.973349736089023,9.942085340437194,-1.038718038712604,0.018404915313628277,0.04675821389171978,0.012162155676589287,9.949774663895369,9.94021349772811,-1.0131626427173615,0.021104224026203156,0.020574156194925308,0.008307531476020813
45.68638205528259,9.997589666070484,10.004324280002136,-1.097698314115405,-0.0003235036282130968,-3.604431324056247e-06,0.0020142714209378495,-0.017128089396216444,0.0052616546538994885,0.006126914655869856,9.973302175802305,9.943960178826812,-1.038280961931963,0.018050567959253843,0.04791450595173374,0.011942164973627671,9.95102969929576,9.942097004503012,-1.012882024049759,0.021259207278490067,0.021731050685048103,0.008071782998740673
45.72638201713562,9.993850931639392,9.996043647596496,-1.0840177992358804,-0.0003232153536823231,-3.6528669947487904e-06,0.0020128881284645402,-0.017109194423736207,0.005259361299057518,0.006127486613244278,9.974130940509788,9.945945185560914,-1.0378921545350113,0.018081528930336748,0.04890574417693634,0.011775051452132966,9.951912801712751,9.943536099046469,-1.0127595961093903,0.021306686103343964,0.022327864542603493,0.008032398298382759
45.79038214683533,9.982829748300952,9.985782750704912,-1.0887802857905626,-0.00032255171195870827,-3.7830180259725345e-06,0.0020094707584124246,-0.017065485252308634,0.0052529654219451065,0.006128754535380266,9.974691075266255,9.947198302327738,-1.037787150170021,0.017799226891622777,0.04933879682830241,0.011586148689421422,9.953290861099958,9.945909794420004,-1.0126852095127106,0.020974017679691315,0.023114347830414772,0.0079084737226367
45.830382108688354,9.98764363281521,9.986993813350482,-1.0707609506789595,-0.0003224122305241434,-3.862634443357556e-06,0.0020080798035648083,-0.0170554168846229,0.005248291606974764,0.006129326426798749,9.975360813103984,9.949395705075338,-1.0374417770957423,0.0177691735742321,0.05022717973321857,0.011399504976156737,9.954138677567244,9.947369869798422,-1.0126834213733673,0.02085842378437519,0.02353747747838497,0.007764880079776049
45.88638210296631,9.997519690967817,9.983868493542555,-1.0671333022473846,-0.0003222143299402806,-3.742603890914964e-06,0.0020090431743941856,-0.01704498042559467,0.005256183026077399,0.006128422431827799,9.976589882034578,9.951497513111779,-1.0367921218984144,0.017641010750943868,0.050821328583492344,0.011268270549737008,9.955320280045271,9.949403103441,-1.012749582529068,0.020450284704566002,0.023855919018387794,0.0075553893111646175
45.926382064819336,9.999562068060321,9.994787656090534,-1.0666135004694297,-0.0003221557561698814,-3.6714333521104145e-06,0.002009758463367082,-0.017042438161729824,0.005260694925410632,0.006128046028558136,9.977666696681496,9.953908410355435,-1.0362093378870905,0.01758153378324506,0.0513966584620882,0.0111867679476561,9.95619098469615,9.95086508616805,-1.012764722108841,0.02018388919532299,0.023933347314596176,0.007496159058064222
45.96638202667236,9.998807373169184,10.00213435406372,-1.0542104495689273,-0.0003220536962999271,-3.851158774260391e-06,0.00200724077928894,-0.017033109185535942,0.005249566791861486,0.006129000636799334,9.978154225391977,9.956479206039683,-1.0359595782154587,0.017174770359548782,0.0518682965818086,0.011211012148052604,9.957122724503279,9.952351864427328,-1.0127445757389069,0.019993076100945473,0.024036338552832603,0.00749661261215806
46.02238202095032,9.978071113877105,10.00357593753533,-1.038159747608006,-0.00032193635417431985,-3.688687096993888e-06,0.0020088638549795217,-0.017028307699678034,0.005260094512632737,0.006130477667939113,9.979422661908393,9.958972884075619,-1.0357524611339404,0.017230893356186272,0.05215079056156584,0.011029204344454301,9.958452146500349,9.954487141221762,-1.0126936733722687,0.019726181402802467,0.024001453071832657,0.007463882677257061
46.08654499053955,9.979620152492867,10.002910999789385,-1.0470328917726874,-0.0003213113585693204,-3.766429906191374e-06,0.002006217513577262,-0.016988320970136892,0.005256813075317243,0.006129971606770941,9.979982853047662,9.960402075261543,-1.03510815781884,0.01672708356930546,0.05176703870491014,0.011020424613894311,9.959947507828474,9.957043942064047,-1.0127688944339752,0.01936112344264984,0.02381979115307331,0.007297634147107601
46.12654495239258,9.9799406444603,9.998090035733616,-1.0506587494164705,-0.00032085400386074763,-3.8838144964734855e-06,0.002003562650820368,-0.016958214665510327,0.005250601487488165,0.006128737673292926,9.980392574474877,9.961884102218548,-1.0343091236794384,0.01608295162399392,0.05133888382597827,0.011072826686453794,9.960832517594099,9.95858221873641,-1.0127330124378204,0.01901562325656414,0.02349283918738365,0.007336917333304882
46.18254494667053,9.96431447644767,9.991935966984892,-1.0326789505779743,-0.0003198565705086461,-3.4359729272048193e-06,0.0020059446364511977,-0.016903264258070382,0.005280941437123918,0.006128214251045939,9.982072955548041,9.962037280320772,-1.033624851706233,0.015990803706096124,0.05002677349150369,0.011202089642675099,9.961909215897322,9.96055918559432,-1.0125989019870758,0.018259385600686073,0.022704359143972397,0.0074401916936039925
46.22254514694214,9.968093772732319,9.9838508774158,-1.0479807881638408,-0.00031868081887513226,-3.319153197962071e-06,0.00200380979796716,-0.016832429850449436,0.005291571871917269,0.006133559246189569,9.982812019455908,9.961531522461309,-1.034486405914411,0.015689273004552876,0.048558939150950234,0.01091005151460014,9.962661664932966,9.961792286485434,-1.0124533474445343,0.017986850813031197,0.021940194070339203,0.0073749409057199955
46.28654503822327,9.962070482459058,9.98500480112584,-1.044601802714169,-0.0003181976064960133,-3.3053286158797543e-06,0.002002506263122702,-0.016802813004776786,0.0052938778534039185,0.006136745403342112,9.983489166472213,9.962883995970548,-1.034756049421454,0.015152218051578877,0.04777936535353187,0.010778696197336811,9.963824193924665,9.963328655809164,-1.0121034681797028,0.017384391278028488,0.02048005722463131,0.007272089831531048
46.326545000076294,9.954910931286195,9.964670624296744,-1.0475374273955822,-0.0003177722765770984,-3.4846067315606744e-06,0.001999145275830965,-0.016773994642027324,0.005284559537820251,0.006145172599347566,9.983505007707924,9.964192095517385,-1.0364686507637337,0.014380275209500151,0.04695416514033804,0.010228955297743448,9.964461248368025,9.964022930711508,-1.0119504034519196,0.01700034737586975,0.019188467413187027,0.006967551540583372
46.38254499435425,9.955632617425493,9.967544707123654,-1.0480720717459917,-0.0003176686330496971,-3.5089632703902854e-06,0.001998520688171351,-0.016767241343595193,0.005283654773039714,0.006149418404707237,9.984062673805505,9.966373228301837,-1.0370411818947738,0.013643359766770337,0.04648928821950875,0.009988252330427392,9.965159337967634,9.964837368577719,-1.0119064152240753,0.016099723055958748,0.01745693013072014,0.006603655871003866
46.422544956207275,9.952123715110192,9.989569639560651,-1.046533945016563,-0.000317025427478173,-3.790371037273585e-06,0.0019934717536434212,-0.016723785264199584,0.005268416175581465,0.006154086299031263,9.983599804311668,9.966956898937505,-1.0378351807108062,0.0126235480104835,0.045548606169255636,0.009900911663984322,9.965533178299665,9.965329464524984,-1.011993557214737,0.0154257295653224,0.016363075003027916,0.0065348488278687
46.47854495048523,9.945826141161644,9.993306603952297,-1.0548827527090907,-0.0003165189721400146,-3.889583164104112e-06,0.001990808413204417,-0.016691291438887212,0.005263787652656677,0.006156805725721266,9.983770855256529,9.968125178990588,-1.0380626025033879,0.011790550762779597,0.044589054872993854,0.009791309800484368,9.965899389237165,9.965942677110434,-1.0120692551136017,0.014457246288657188,0.014645666815340519,0.00618164474144578
46.518545150756836,9.955748393462011,9.979859508427266,-1.0195884490385652,-0.0003154729675097796,-3.6893203987173578e-06,0.0019894870455998102,-0.016629693465123465,0.005278827940644656,0.006162974277646615,9.984468264083981,9.967587396291787,-1.0391535834456818,0.011473277455491511,0.04315181985994482,0.009699281944444105,9.965974729508162,9.966277416795492,-1.0121178925037384,0.013727457262575626,0.013499820604920387,0.006001897156238556
46.582545042037964,9.962567277116333,9.979424250323232,-1.0227372385561466,-0.0003151011509849253,-3.783200808570046e-06,0.001987304892691484,-0.01660569246388953,0.005274206854217374,0.006165765816493365,9.984666691717894,9.96892121375499,-1.0393457275978184,0.010743029763083844,0.04239247360787608,0.009805769291924756,9.965934675186872,9.966539677232504,-1.0122902691364288,0.01258840411901474,0.011488360352814198,0.0058325608260929585
46.61454510688782,9.981645356887249,9.992685879213887,-1.023652432486415,-0.0003142246219373531,-4.307437930218987e-06,0.001979121637950758,-0.016545407022210933,0.005244961061872126,0.00617207483309596,9.983496099608528,9.968663483663079,-1.0405395987652968,0.009582119530008325,0.04141507159766715,0.009997813996653499,9.96590606495738,9.966554936021566,-1.0123708546161652,0.012009620666503906,0.010564434342086315,0.005922187585383654
46.678544998168945,9.979887409237566,9.989302042886886,-1.034863330423832,-0.00031378875529285334,-4.544130398858708e-06,0.0019752929952681956,-0.016515830775103317,0.005231954955377155,0.006176415875630398,9.983303239103245,9.96998688738506,-1.0410903182436757,0.008547416077333113,0.04076031267629338,0.010307025725122551,9.965692441910505,9.96645861491561,-1.0124415457248688,0.010715680196881294,0.00865763146430254,0.006058711092919111
46.71854496002197,9.988152078909827,9.989472944202593,-1.0288786068558693,-0.0003122456667169891,-4.669485521679033e-06,0.0019688131823896887,-0.01642004528939334,0.0052280232688166955,0.006181419975011089,9.983106158175653,9.968133672171334,-1.04189355193521,0.007726519094012956,0.039098410821725854,0.01058442659929354,9.965446393936872,9.966358479112387,-1.0125164091587067,0.009857931174337864,0.007658387068659067,0.006100788712501526
46.77454495429993,9.985484336112643,9.99121730474026,-1.029742262326181,-0.0003113319626693297,-4.512111289365288e-06,0.0019671596976705385,-0.016366181244009938,0.005239614078867977,0.006185606379638228,9.983747614683695,9.96780978134332,-1.042419720905386,0.007321722611272465,0.038136947077732186,0.010879043790914075,9.965035360306501,9.966121967881918,-1.01250758767128,0.008715471252799034,0.006262239534407854,0.0062487768009305
46.81454515457153,10.002488870223738,9.992334819475394,-1.0259100664407015,-0.00030983155251678216,-3.970626757876661e-06,0.0019670147477617514,-0.016281073041601854,0.005275358931117668,0.0061921117429305315,9.985278923775368,9.965699942095483,-1.0435567078366546,0.007427460684640869,0.03648379352932677,0.010996460756227023,9.964778821915388,9.965683277696371,-1.0125437080860138,0.007950368337333202,0.004988916218280792,0.00625595822930336
46.87854504585266,9.986313006845812,9.992180002579822,-1.021888012997806,-0.00030904972450060587,-3.6780670680112117e-06,0.001966983632793235,-0.01623682845018655,0.0052944604411267054,0.006194313666467886,9.986289560693885,9.965541771702359,-1.0435348126505553,0.007422156583298099,0.03583058343888173,0.011229026836600393,9.964560430496931,9.964615162461996,-1.0130302011966705,0.007068827748298645,0.003091511782258749,0.006092292256653309
46.91854500770569,9.985711273579993,9.991716191514776,-1.038004201836884,-0.0003077464437012141,-2.8379574463830704e-06,0.0019700491094762186,-0.016167038356479882,0.005347073935677318,0.006198344853533259,9.988604771488347,9.963738710483936,-1.0440271720920802,0.008074453716709878,0.034721290964766185,0.01164579803838667,9.964632909744978,9.963775929063559,-1.0133303701877594,0.006743624806404114,0.0019256641389802098,0.006160805467516184
46.97454500198364,9.999419035086223,9.990088622796625,-1.0256784511730075,-0.00030712960928531806,-2.443277340289899e-06,0.0019714216811641,-0.016133989171854962,0.005371676176285648,0.006199844059664051,9.989960547748115,9.963755546996424,-1.0438319025925555,0.008537186667631815,0.03451588578046278,0.012237497596821618,9.964899938553572,9.962426479905844,-1.0138227045536041,0.006686538457870483,0.0004035865713376552,0.006405937485396862
47.01454496383667,9.993715161099898,9.99678635375749,-1.037801998667419,-0.0003058091845061471,-1.9468899236408146e-06,0.0019711638062662553,-0.016059388225083064,0.00540344482425727,0.006200174511979713,9.991509971851517,9.961983257873403,-1.0433314347329337,0.00930509231525984,0.03360095376737191,0.01311950811368482,9.965329091995955,9.961411770433187,-1.0140685141086578,0.007055067922919989,-0.0006484939367510378,0.006810201331973076
47.05471992492676,9.989638404857526,9.995563346465365,-1.0251685259863734,-0.00030526330133699627,-1.7965287001791494e-06,0.0019705468525477855,-0.016027983771302417,0.005413373558715329,0.006201284873922919,9.99226089911018,9.962232672953093,-1.0429616762510292,0.009715046551228373,0.03375595576612077,0.01376282901647283,9.965921323746443,9.960357960313559,-1.0143206417560577,0.0076207504607737064,-0.0016024265205487609,0.0072850752621889114
47.118720054626465,9.990715595268265,9.99445047883136,-1.0252553625032306,-0.00030419678493492686,-1.224134037503947e-06,0.001971746723339779,-0.015969738283719004,0.005449151175526602,0.006205259698946442,9.994121582589315,9.96122684035826,-1.0432396487942657,0.010707382591779077,0.033695583340337565,0.014342529881850412,9.967062871903181,9.958625134080648,-1.0145072042942047,0.008501672185957432,-0.002715586917474866,0.007715282030403614
47.15072011947632,9.99895370249226,9.99306380078155,-1.0265390584245324,-0.00030381821903754805,-9.836750462974122e-07,0.0019724720104748257,-0.015949511680228005,0.005464120421574667,0.006208811669547418,9.99518807046557,9.961755319362995,-1.0435059976973515,0.011170708478408451,0.034446204659535254,0.014783591266673047,9.967704694718122,9.957786854356527,-1.0145857632160187,0.009001057595014572,-0.003153307130560279,0.00799162033945322
47.214720010757446,9.988680381599666,10.008426416385598,-1.0299818562343717,-0.00030318196046753306,-4.3257818697654694e-07,0.001974921079086301,-0.015917060893019315,0.005497858211335404,0.006216315323335465,9.997151723081089,9.962139240257653,-1.0446267674814538,0.012147494510379428,0.03550668145514139,0.015459648728348409,9.969165723770857,9.956214245408773,-1.0146553814411163,0.009984198026359081,-0.003403589129447937,0.008613832294940948
47.254719972610474,9.969738857381625,10.015311961781324,-1.0442236121743917,-0.00030286470017346756,-3.032724309111222e-07,0.001974882416634951,-0.01589930429383474,0.005506105809546689,0.006218890530750704,9.997945549576253,9.96315560162573,-1.0445544060255136,0.012366166306636995,0.03663432058887743,0.015930674711941054,9.970162313431501,9.955376919358969,-1.014631062746048,0.010557156056165695,-0.0035472968593239784,0.008965260349214077
47.31872010231018,9.982673410410879,10.019451497784964,-1.0835491036996245,-0.0003021709293849914,5.03007478851551e-08,0.0019753760758885867,-0.01586125848230558,0.005528126267396434,0.006223792869340965,9.999296873040244,9.963498637599011,-1.045141137479652,0.012876377412959574,0.03783242142096033,0.0160345973587912,9.971837919205427,9.954366978257895,-1.0148095190525055,0.01132567971944809,-0.003078426467254758,0.008917218074202538
47.35872006416321,9.992824370348407,10.018112305161436,-1.070949211716652,-0.00030176630105164224,2.5544332567778725e-07,0.001975657943143467,-0.015839077809844622,0.005540649784227346,0.006223366101275963,10.00042887581153,9.96454706853617,-1.0442407788460644,0.012981517462427525,0.03971815799734691,0.016587035224448324,9.972844045609236,9.953964527696371,-1.0147842466831207,0.011613860726356506,-0.0024214645382016897,0.009088881313800812
47.41472005844116,10.00152148126119,10.020859529090389,-1.0695215752348304,-0.00030065840987487035,6.55807881652493e-07,0.0019750401108592055,-0.015776759865030607,0.005565357915652922,0.00621934432036191,10.001926104771382,9.963768379851551,-1.0424973537568991,0.013231648803455833,0.04061824730448781,0.016961290455665468,9.97423354908824,9.953698452562094,-1.0148135721683502,0.01198962889611721,-0.0012022918090224266,0.009101901203393936
47.45472002029419,10.020591720092147,10.026005705230379,-1.050480967387557,-0.0003001989396942212,9.126722957201063e-07,0.0019755289979516357,-0.015751900429588264,0.00558078467698565,0.00621803413344977,10.003230837391895,9.96465044959301,-1.0413625259200148,0.01316216882326183,0.042389763570985346,0.017357543937001202,9.97524730488658,9.95364123210311,-1.0147081911563873,0.0121103310957551,-0.00026253872783854604,0.009239602833986282
47.5187201499939,10.023653473835154,10.011269466997232,-1.054006147896871,-0.00029912343796672125,1.7927395547274742e-06,0.001979008945767483,-0.015696749020111207,0.0056330342698190546,0.006216617844887812,10.00623976619024,9.964054245757776,-1.04016619715958,0.013905153609950368,0.043775874324881316,0.01773441340959889,9.976930540055037,9.953756626695395,-1.0142913162708282,0.012413207441568375,0.0015505492920055985,0.009545361623167992
47.558720111846924,10.01712611303285,10.01938803190108,-1.0455173877999187,-0.0002986531403347981,2.0548979677302266e-06,0.001979464467422839,-0.015671364327361204,0.005648754523046289,0.0062160058078213395,10.007568537530565,9.965034568764336,-1.03917935141264,0.013584617365056485,0.04578830292767809,0.017831310446521875,9.97812358662486,9.953940685838461,-1.013761192560196,0.01252472959458828,0.0027047679759562016,0.009727969765663147
47.61472010612488,10.020582481686926,10.021195726868855,-1.0531025149393827,-0.0002976576694217592,2.8831204618205886e-06,0.001982688476281638,-0.015620503589419951,0.005697730926439281,0.006216427685556777,10.010352383059049,9.964678659706845,-1.0385275523215831,0.01391614683205498,0.04699652918720138,0.017614994902179583,9.979997556656599,9.95430975779891,-1.0130974352359772,0.012447078712284565,0.004424004815518856,0.009600261226296425
47.654720067977905,10.00901808181885,10.02046851376607,-1.0573786818422377,-0.00029725163292912177,3.3516880795842123e-06,0.00198507664648121,-0.01560109417052935,0.005725154055253078,0.006217089850193103,10.01227879986517,9.966108209133761,-1.0378449476322484,0.013787098071214792,0.04884490983596411,0.017126578356310564,9.981387060135603,9.954651173204184,-1.0127396881580353,0.012495280243456364,0.005294703412801027,0.009347823448479176
47.71871995925903,10.019874826070568,10.032844168084642,-1.0358882695436478,-0.0002966652666752205,4.152820316344619e-06,0.001989521910759086,-0.01557433344134731,0.005771780826994206,0.006219587478916702,10.015021246222439,9.966869270599044,-1.0377892866977154,0.013857724340092336,0.050227636026328924,0.01665982337409297,9.98380271717906,9.95538168773055,-1.0121420919895172,0.012487928383052349,0.006930671166628599,0.008763552643358707
47.75872015953064,10.018002574814872,10.029449983404131,-1.0569093336816877,-0.000296496254982918,4.281736420669359e-06,0.001989906983511519,-0.015565543520469679,0.005779389335548795,0.006221292900424132,10.016100697919125,9.96944257941281,-1.0373648050503304,0.012861297699665606,0.05257139430723293,0.016040136802573948,9.985425870865583,9.955983456224203,-1.0117888748645782,0.012406514957547188,0.007875677198171616,0.008384190499782562
47.814720153808594,10.015527737386927,10.032921061221614,-1.039094134233892,-0.00029616301290663236,4.55442166276939e-06,0.0019907978325667975,-0.015548400056794809,0.005795427302602467,0.006224984682196236,10.017386942763704,9.971395216690665,-1.0376171431484609,0.012205484023466249,0.054265802692186185,0.015555360741491275,9.987664144486189,9.957113560289145,-1.0113731920719147,0.01241463702172041,0.00929237436503172,0.007908823899924755
47.85472011566162,10.00404290039305,10.030275513008185,-1.0393822565674782,-0.0002960342992399991,4.785665060967842e-06,0.001992177881869743,-0.015543011925377163,0.0058087422974784034,0.0062263737140814445,10.018568854343103,9.974026653969354,-1.0371986629947445,0.01111651372423474,0.05617525908737885,0.015102268500041732,9.989177625626326,9.9581282697618,-1.0111118853092194,0.012010185047984123,0.010300040245056152,0.007456833031028509
47.91872000694275,10.008861804042413,10.027523873912989,-1.0450339308008552,-0.00029539155937792803,5.229305287461798e-06,0.001993071864303271,-0.015509041382401704,0.00583475107156854,0.00622953374243172,10.020042707691424,9.974985695853384,-1.0374311478276679,0.010367508853891247,0.05713345327128293,0.014725975920516344,9.991419713944197,9.960149105638266,-1.0106997787952423,0.011257156729698181,0.012099793180823326,0.007031067740172148
47.958719968795776,10.024734530613598,10.025396463789784,-1.044318878557533,-0.000295108642920634,5.607483288437198e-06,0.0019949370270040357,-0.015495949540380615,0.005856532637448312,0.006232120360379638,10.021568498859645,9.977275159693058,-1.0373885396532116,0.009212023831317641,0.058763666426535875,0.014392389028182106,9.992688100785017,9.961539562791586,-1.0103998482227325,0.010627872310578823,0.013293992727994919,0.0067332047037780285
48.01471996307373,10.043150130520178,10.029765814970784,-1.0642606439068913,-0.0002947419246613768,5.766867261424569e-06,0.001994547216185527,-0.015475605950549969,0.005865927834071708,0.006235216989911186,10.022461121551292,9.979415064721092,-1.037619258884947,0.00784166241488984,0.05995684613918971,0.013963707300219293,9.994387548416853,9.963642414659262,-1.0101222097873688,0.009549572132527828,0.014607040211558342,0.0063395113684237
48.054896116256714,10.033537544781998,10.027598646382396,-1.0787124997004867,-0.0002945927913562708,5.82311266872723e-06,0.001994291310032545,-0.015467179427584339,0.005869175981146738,0.006235332297045296,10.022991636300565,9.982294369811642,-1.037017302207273,0.006192416923650357,0.06140763047001666,0.013488980100500354,9.995562475174665,9.965203579515219,-1.0098858177661896,0.008838283829391003,0.015530372969806194,0.005803585518151522
48.11889600753784,10.035399788885137,10.035920718541034,-1.0641987146809697,-0.0002941545256349744,5.750956617572058e-06,0.0019915878537929794,-0.015440212675076835,0.005865504553141725,0.006237101237498781,10.023077525744696,9.984652205164526,-1.036935186741638,0.004072631529493406,0.06221508623445799,0.013103736542220091,9.997289579361677,9.967937763780355,-1.0096029341220856,0.0072708092629909515,0.01676148921251297,0.005301352124661207
48.15489602088928,10.04104798279174,10.045572365948734,-1.0707920547574759,-0.0002940416258612594,5.474840205072147e-06,0.0019888149511281695,-0.015430775901626248,0.005850155246792612,0.0062393232727465,10.022478420532467,9.98777332048378,-1.0370249093030146,0.0018497146253455667,0.06325866241812539,0.012856174614028895,9.998063962906599,9.969381626695395,-1.0094706118106842,0.0063543180003762245,0.017314326018095016,0.00517493998631835
48.21889615058899,10.045346546332935,10.04490173067193,-1.0832288106903434,-0.0002937732124139292,5.352553371697869e-06,0.001986484753283666,-0.015413508647917674,0.005843505839044871,0.006239992634573353,10.022198597892055,9.990301443615174,-1.036689317233579,-0.00029423334504972656,0.06386436610045033,0.01271992600646656,9.99929229542613,9.972422894090414,-1.0093083679676056,0.004238677676767111,0.01820411905646324,0.004808761645108461
48.25889611244202,10.027940921303985,10.04806458071347,-1.0830218670889735,-0.00029312681922428075,5.071931417304588e-06,0.0019809526946646047,-0.015372116892835184,0.005828450862757223,0.006243424954322242,10.021288588899393,9.99202027910015,-1.0372116501972044,-0.0027044954588629337,0.06376119986374361,0.01252275328162941,9.999833028763533,9.974473293870687,-1.009341150522232,0.0026922959368675947,0.018784960731863976,0.00467179249972105
48.31489610671997,10.029768058335735,10.055053520207709,-1.090102469548583,-0.0002925932458540298,4.900941232613926e-06,0.0019768153944907433,-0.015338503257503652,0.005819381044947504,0.006245575630554196,10.02057907617809,9.993611839910466,-1.0373729580087088,-0.004830808720899792,0.06359230006798917,0.012276490178362052,10.000372808426619,9.977477367967367,-1.009516030550003,0.0005142575246281922,0.019177783280611038,0.004299510270357132
48.358896017074585,10.039044230479234,10.047514785192194,-1.0646898224949837,-0.0002913255003312548,4.678871390890299e-06,0.0019682438851876816,-0.015260297512178906,0.005808004734274937,0.006250794131530702,10.019488798351755,9.99409729469154,-1.0382680899133558,-0.007782412941552897,0.06224768709881338,0.012062716321968052,10.000532072037458,9.979561146348715,-1.0097229778766632,-0.0012604077346622944,0.01919856108725071,0.0041013602167367935
48.41489601135254,10.047013918997285,10.046621308511,-1.0728519819676876,-0.0002906196422525844,4.733594638958572e-06,0.0019646886678717874,-0.015218230871179449,0.005811450143564453,0.0062534177935498975,10.019191454000534,9.995294682332446,-1.0385017280236173,-0.009635039943338277,0.06159566743438218,0.012266157150846195,10.000403326004744,9.98227721080184,-1.0100641548633575,-0.0038615632802248,0.018948707729578018,0.00406833179295063
48.454895973205566,10.034670000841972,10.039193202473786,-1.094062803313136,-0.00028933178090676664,5.038675092786748e-06,0.0019594576622899936,-0.015142832963980609,0.0058286676669322135,0.006254065723601423,10.019462086571682,9.99490337233061,-1.038332233900253,-0.011305052490656588,0.05983514788526711,0.012447417340604552,10.000167768448591,9.984029110521078,-1.0102373659610748,-0.005596886854618788,0.01847485825419426,0.004048035014420748
48.51889610290527,10.027369693941036,10.041232241564412,-1.109847686253488,-0.0002888023427389919,5.319222253654489e-06,0.001958257811008273,-0.015112943405630009,0.005844205095621334,0.0062550318591518585,10.019562676456172,9.996611076900388,-1.038092457094594,-0.012942483654550167,0.058750448300015606,0.012862516923592564,9.999718587845564,9.986470516771078,-1.0106175243854523,-0.008354540914297104,0.017067650333046913,0.004369893576949835
48.5588960647583,10.037820116681239,10.047735464151927,-1.1202830225229263,-0.00028820975052030025,5.54598831656119e-06,0.0019562626452400023,-0.01507876522325663,0.005856751959917193,0.006255751696076818,10.01962726472225,9.997412189764347,-1.0379482100692938,-0.014077542444534673,0.057468977380925414,0.013137697612039638,9.999439161270857,9.987745579332113,-1.0108968317508698,-0.00970681942999363,0.01587950810790062,0.004514472559094429
48.614896059036255,10.021857453036496,10.050770450004245,-1.0969308950006962,-0.00028723165611392273,6.21222830984426e-06,0.0019546787320597744,-0.01502421937253913,0.005893157366034497,0.006255932079953339,10.02065246052175,9.997802540507259,-1.0375842890955984,-0.014774180005130104,0.055385433301122465,0.013700822469183502,9.999075811356306,9.989252384752035,-1.0112524330615997,-0.01126975379884243,0.013788766227662563,0.0048954421654343605
48.65489602088928,10.005488746524627,10.051846505058228,-1.065604287199676,-0.00028628330450915235,6.71723330550187e-06,0.0019520268559920853,-0.014970099283459479,0.005920615672898683,0.006255660170996939,10.021093169638734,9.998247874420532,-1.0369754869538093,-0.015612465775437482,0.05351093717005678,0.014231504155665166,9.99884406849742,9.99016409739852,-1.0114529430866241,-0.012256544083356857,0.01238672249019146,0.00522688589990139
48.71889615058899,10.008777768006377,10.042421010369576,-1.0850151861086488,-0.0002857791746995384,6.813081183674289e-06,0.001949519718540125,-0.014940130561562634,0.005925809493232736,0.006254666977368715,10.020541479537705,9.999304712086083,-1.0361896553447145,-0.0164758794812696,0.052156235385423425,0.014596822010302069,9.998575132340193,9.99145632609725,-1.0117409527301788,-0.013280563987791538,0.009974377229809761,0.005609808024019003
48.75889611244202,10.007446170317714,10.045798883256936,-1.1119397021830082,-0.00028524780579776437,6.8437627086708995e-06,0.0019464436841196329,-0.014908123940510793,0.005927523530417019,0.0062544306689352736,10.019614375261222,10.000647325343726,-1.0355216160825618,-0.017651914099974148,0.050669962525827277,0.015017148431458007,9.998349111527205,9.992132481187582,-1.011788159608841,-0.013863609172403812,0.008395642042160034,0.005948863457888365
48.81489610671997,10.014717972746292,10.026589073686338,-1.1173389228060842,-0.000284302616404405,7.110154375520289e-06,0.0019420855366738274,-0.014852464236183312,0.005941902587255071,0.006254138709018825,10.019243626601092,10.000745587155395,-1.0350164567710025,-0.018348941577535804,0.04851009232380522,0.015504444724975409,9.997872274369001,9.992880161851645,-1.0118255913257599,-0.014639689587056637,0.006048810668289661,0.006408180575817823
48.854896068573,10.001673462680609,10.027762677647566,-1.1194055806845427,-0.0002836039117029049,7.341217060914958e-06,0.0019389538365997112,-0.014811397875144105,0.005954255787638263,0.006253135783667171,10.018733412785043,10.001397128925307,-1.0342869001433914,-0.01896852110960504,0.04677882391240834,0.01585740256472579,9.997451703995466,9.993245419114828,-1.0118222534656525,-0.014997364021837711,0.004469461739063263,0.006579001899808645
48.92689609527588,10.00632455310015,10.02521539095291,-1.1072696633636951,-0.0002832246718912493,7.577163382037391e-06,0.0019377650076654643,-0.014789702620333267,0.005966826655252818,0.00625329682708192,10.018156319321562,10.003133032341106,-1.0335207295937083,-0.019559849051447722,0.04521196244301917,0.016206860565972585,9.99658576771617,9.993649777024984,-1.0117786228656769,-0.015719622373580933,0.0014415346086025238,0.007132885046303272
48.966896057128906,10.028131695821589,10.019527161378932,-1.120887005701661,-0.0002823784114576646,7.775953258911615e-06,0.001933478289857092,-0.014739794120509991,0.0059774594044983585,0.006254319701386967,10.017752592115928,10.002818342806588,-1.033433119585557,-0.01994552583616477,0.04352631361950977,0.01610492278591442,9.99606792256236,9.993791874498129,-1.0119979679584503,-0.016011325642466545,-9.519863669993356e-05,0.007113496772944927
49.02289605140686,10.028572214213302,10.02045809518383,-1.1087351134046912,-0.0002821523989382029,7.827710419426987e-06,0.0019323216964985594,-0.014726544355611012,0.005980296773636615,0.006256343073469631,10.016852849533134,10.00446429858054,-1.0332980476418465,-0.02030640277556909,0.042525504734630085,0.016024122925233395,9.99536506459117,9.993816670030355,-1.0122874081134796,-0.01609855704009533,-0.0022189796436578035,0.007052506320178509
49.0630841255188,10.023965673656738,10.027411068204188,-1.0935776215046644,-0.0002813028356548101,7.98648228894154e-06,0.0019278093298786818,-0.014676592675324101,0.0059889226143469655,0.006261126009024976,10.016168295547208,10.004362890759019,-1.0340527299448596,-0.02071880392409594,0.041007029285374676,0.015956371515874805,9.994907300919294,9.993784245103598,-1.0125704109668732,-0.01624344475567341,-0.0033930791541934013,0.007065685465931892
49.12708401679993,10.016602524666613,10.027806753559014,-1.0951876435428858,-0.0002809570669364217,8.118989816659303e-06,0.0019262386232978522,-0.014656507854514073,0.005995964529302586,0.00626298382398481,10.015497276248444,10.005388111327449,-1.0339239907556987,-0.020964917108599282,0.04015774035108468,0.016225431064916387,9.994160573929548,9.99362974986434,-1.013081580400467,-0.01650320738554001,-0.0053161922842264175,0.007270468398928642
49.167083978652954,9.999643048201923,10.037458680681146,-1.0976042095571756,-0.0002805022833956816,8.215682420539872e-06,0.0019238258362986736,-0.01462978273476913,0.006001172000521766,0.006266338815745286,10.01453492438472,10.006348384882587,-1.0342422977341463,-0.021182265435343652,0.03951374013280899,0.016382624790362017,9.993668477982283,9.993431385606527,-1.01344433426857,-0.01657353900372982,-0.006276519037783146,0.007239739876240492
49.22308397293091,10.014777444935696,10.040714129884991,-1.0993992546573281,-0.0002803046529758988,8.154246998750551e-06,0.0019223687646134006,-0.014617831959338365,0.005998013419230671,0.006267700591851161,10.013300715406979,10.007797839288724,-1.0339485529220114,-0.021477369762157503,0.0392152382501238,0.01681347596699166,9.992938917130232,9.993207272142172,-1.0140378773212433,-0.01650812290608883,-0.007314978167414665,0.00752585893496871
49.263083934783936,9.998418139489479,10.03406214964074,-1.0921091185882688,-0.0002799780109492016,7.83897628155368e-06,0.0019191931538105268,-0.014597589146730473,0.005981891043528537,0.006273090873256201,10.01112880397334,10.009124022506496,-1.0348038520457348,-0.022142664616914203,0.03887267558305673,0.01705054789747254,9.992339055985212,9.993126209825277,-1.0142058432102203,-0.01655576564371586,-0.008022202178835869,0.007826206274330616
49.32708406448364,9.992908815864395,10.040063551213342,-1.0999486725777388,-0.0002797377528781274,7.667754829561895e-06,0.0019170969051610404,-0.014582820125689514,0.005973062773720705,0.006274138626969103,10.009460258040324,10.010433067182811,-1.0343900736956166,-0.022473421074565753,0.038804685966154676,0.01754233888393222,9.991189878433943,9.993187244981527,-1.0145643055438995,-0.01668579690158367,-0.008556707762181759,0.008183984085917473
49.36708402633667,10.021068728876127,10.04291377920124,-1.1134380493313074,-0.00027954996552454755,7.075668754260757e-06,0.0019138567413248238,-0.014570146099572972,0.005942655257943474,0.006279028891132544,10.006515692625515,10.012221990569886,-1.0350961629650608,-0.023221726601189683,0.038932635414780425,0.018146475081936685,9.99032012745738,9.993280705064535,-1.014732152223587,-0.01672377437353134,-0.008889551274478436,0.008581414818763733
49.423084020614624,10.01274687769765,10.038154864209737,-1.1195595627650619,-0.00027949509410626525,6.845158358701214e-06,0.0019127244117481546,-0.01456630163789088,0.005930818747636933,0.006280414037837339,10.004721139881118,10.01405633166931,-1.0347425995537518,-0.023608471600256503,0.03915648031065406,0.01859636271427726,9.988859098404646,9.993554409593344,-1.0150488913059235,-0.017094330862164497,-0.008962588384747505,0.009012626484036446
49.46308398246765,10.015882103742573,10.036638229754779,-1.089876364916563,-0.00027887489448799683,6.5768816576657174e-06,0.0019081202684950271,-0.014529221107991548,0.005917052011038106,0.006281940984345069,10.002664017707525,10.014524607532742,-1.0344552462558734,-0.023696084072265425,0.03895427673873858,0.019068099483281867,9.987709920853376,9.993927296251059,-1.015439659357071,-0.017253858968615532,-0.008761231787502766,0.009196402505040169
49.52708411216736,10.00595298717205,10.03840891790307,-1.0948256710544229,-0.0002786167591722923,6.607268533733922e-06,0.0019066962295473276,-0.014514239417694254,0.005918672910164242,0.006283572224877115,10.00158901574945,10.015725734501213,-1.0341069555275944,-0.023550789754104157,0.039108937400873844,0.019562024171849497,9.985788267105818,9.994611080735922,-1.0159794390201569,-0.0176569651812315,-0.008401750586926937,0.009588866494596004
49.567084074020386,10.016327940423139,10.033646884275733,-1.0637968005612493,-0.00027810508765508833,6.4919551236158436e-06,0.0019033471290260085,-0.014484271764081397,0.005912920967587531,0.0062872362328496734,9.999978670053071,10.016439012114184,-1.0342848359184533,-0.023473690846398512,0.03891005189424771,0.019980487662265515,9.984601896256208,9.995042141526937,-1.0162129700183868,-0.01784714311361313,-0.008269409649074078,0.009936658665537834
49.62308406829834,10.013025571592255,10.03851796235314,-1.0631784778088331,-0.0002777902316889126,6.491704820048085e-06,0.001901529922639711,-0.014466026256957254,0.005912943938163286,0.006288377246680009,9.99885277720878,10.01746760525512,-1.033709057207457,-0.022945136214319612,0.0388595977260827,0.02048845111400675,9.982944410294294,9.995650585740805,-1.0165388882160187,-0.017796490341424942,-0.008069012314081192,0.010234476067125797
49.66308403015137,10.00669081064047,10.039364783747663,-1.046223153360188,-0.0002771549473071877,6.33215639141572e-06,0.0018974110468846434,-0.014428882993112561,0.005904816032345842,0.006288861306652303,9.997152026229173,10.017808306215036,-1.0328810896432792,-0.022433951947517662,0.038514663703705286,0.021127627409365884,9.981820981949568,9.996085461229086,-1.0166297256946564,-0.017532743513584137,-0.007903135381639004,0.010721376165747643
49.727083921432495,10.003357043396008,10.03612120620051,-1.025943364482373,-0.0002769513932402221,6.363573859145245e-06,0.0018963489999082879,-0.014417163276858934,0.005906368002567215,0.006288313267488388,9.996171996718001,10.019125185724787,-1.0317071065474837,-0.02171107126467398,0.0386630362299136,0.02154769251409245,9.980084341019392,9.996728237718344,-1.0166135132312775,-0.017139451578259468,-0.007660007569938898,0.01108388602733612
49.7670841217041,10.006737009031546,10.048941409944195,-1.0252484041266143,-0.00027641010934319015,6.207428346917223e-06,0.0018928969721674874,-0.014385688165701504,0.005898358120606456,0.006286817894966899,9.994579104820776,10.019753339745764,-1.03019890530693,-0.021111413436641777,0.03830351464437363,0.02182909506228415,9.979051511734724,9.997144993394613,-1.0165076553821564,-0.016734613105654716,-0.007601721212267876,0.011195886880159378
49.823084115982056,9.987209009096045,10.046722344004607,-1.0340552309062332,-0.0002761148523017557,6.119986443381516e-06,0.0018910267557993002,-0.014368516407214323,0.005893872658308717,0.006285375056124475,9.99325271561472,10.02082692860271,-1.0287662470161454,-0.02024802055355094,0.0381014667144064,0.02211037745170674,9.977681081742048,9.997770603746176,-1.0160992443561554,-0.015988245606422424,-0.007550813257694244,0.011419554241001606
49.86308407783508,9.985978373322014,10.048228410776327,-1.0221505397930741,-0.00027583449075829644,6.060593135950074e-06,0.0018893588335906718,-0.014352368882818432,0.005890833115149874,0.006284790574459567,9.991986210033815,10.02214976658914,-1.027471145745816,-0.019212527786097208,0.03777240791501134,0.022151659486798498,9.976705472916365,9.998210247606039,-1.0155967772006989,-0.015388060361146927,-0.007710881065577269,0.011588551104068756
49.92708396911621,9.973944631633978,10.051632823641187,-1.0185567261651158,-0.0002756728672534961,6.1323538619797894e-06,0.0018886644493815755,-0.014343153129463557,0.0058943584350404175,0.006283312317554088,9.991301062233953,10.023415665171276,-1.026078366671076,-0.01807292608299668,0.03762126600586206,0.022082441491087713,9.975204389542341,9.998951252549887,-1.0145962536334991,-0.014261138625442982,-0.00787322036921978,0.011569333262741566
49.96708393096924,9.954993590366326,10.045577698290193,-1.001738591119647,-0.00027510862012547954,5.841350522462838e-06,0.001885050914580156,-0.014310740018508397,0.005879781307557617,0.006281445508106101,9.989138765307189,10.024017741192788,-1.0242918835625279,-0.017142481623084255,0.03702216834349897,0.021618482850384566,9.974300306290388,9.999481495469809,-1.0138749182224274,-0.013593514449894428,-0.007901371456682682,0.011310677975416183
50.02308392524719,9.964064144167132,10.036071646805768,-1.0013088630512357,-0.00027488647329671005,5.675441212685531e-06,0.001883561611721194,-0.014298072710986718,0.005871543272673555,0.006281599343356665,9.987726608192911,10.025191497051829,-1.0232878362627689,-0.016122634972249094,0.03660860158478815,0.02099236925828587,9.972937505692244,10.000203426927328,-1.0126440823078156,-0.012405290268361568,-0.00804721750319004,0.01091204583644867
50.063276052474976,9.958750430317746,10.045682950388814,-1.007186827249825,-0.00027424742855392133,5.45282908250964e-06,0.001879933344084406,-0.014261928117913707,0.005860424256229313,0.006278619917711969,9.985987958740047,10.02533323271449,-1.0213542508584734,-0.015049753002318044,0.035600049902314065,0.02016821277103142,9.971871297806501,10.000678356736898,-1.011553794145584,-0.011559544131159782,-0.008327138610184193,0.01036122813820839
50.1272759437561,9.967215690003748,10.041835011997719,-1.0084818620234728,-0.0002738082169176617,5.513716192150631e-06,0.0018779672601501366,-0.014237500952825975,0.005863506563172388,0.006278074887859198,9.985357563145962,10.02577018168821,-1.0202690363847937,-0.013608142689648998,0.034979485469015734,0.019160099197411067,9.970099370926619,10.00135737285018,-1.009728580713272,-0.010419759899377823,-0.008602955378592014,0.009566953405737877
50.16727614402771,9.959913383793959,10.037585096477832,-1.020178861450404,-0.00027340627048989824,5.910026143459449e-06,0.0018768011669098043,-0.014215133898963445,0.005883064829346031,0.006275021633557771,9.985681411154363,10.0264068412029,-1.0184608078638442,-0.011705422199993872,0.03441681430497794,0.01773932498382456,9.969040792435408,10.001667317003012,-1.0086067020893097,-0.009787114337086678,-0.008877593092620373,0.008695295080542564
50.20727610588074,9.965860664262589,10.04955138260393,-1.0047021256759763,-0.0002730338014023729,6.160663020320012e-06,0.0018755526082686494,-0.014194572793680058,0.005895446923296529,0.0062735505933486655,9.98584806416953,10.026837640580384,-1.0173037788153265,-0.010049414400783043,0.03372459696960021,0.016307920017671576,9.968074720352888,10.001944836229086,-1.007526308298111,-0.008726540952920914,-0.009148486889898777,0.007608987856656313
50.26327610015869,9.979735586235261,10.037672244690155,-1.007686405442655,-0.0002722141164669023,6.989537626392291e-06,0.0018733211885891582,-0.014149554098837008,0.0059363060643396965,0.006270573763151017,9.98771022901804,10.026230902872374,-1.0156397885559336,-0.007239630592538877,0.032534141696128886,0.014642616403709736,9.966998975723982,10.002277668565512,-1.0060677826404572,-0.007184224668890238,-0.009556438773870468,0.006201098673045635
50.32727599143982,9.984994596674726,10.042028014955203,-1.0134524907916784,-0.00027119056806434083,7.622538100681462e-06,0.0018699895536122898,-0.014093732740611282,0.005967555932053498,0.006268546307260853,9.989177588400024,10.024689935859644,-1.0144869419271492,-0.004876239970793713,0.03104735649833231,0.013117212010613001,9.96629611775279,10.002456959336996,-1.0044820606708527,-0.004937607795000076,-0.010162526741623878,0.0045521678403019905
50.36727595329285,9.98864279996808,10.044695393499419,-0.9918390503153205,-0.00027061215318755535,7.584187179724506e-06,0.0018675908756888978,-0.014062430231953433,0.005965772972430135,0.0062670794987527995,9.988774983164676,10.024493872653272,-1.013479535527109,-0.003291809665144527,0.030003080568742197,0.011427913603526034,9.966191213577986,10.002380665391684,-1.0035655796527863,-0.0032516857609152794,-0.010801455937325954,0.00344338221475482
50.4232759475708,9.988857341296203,10.038003175673976,-1.0148988012224436,-0.00026941643695136514,7.500108445167304e-06,0.001862820382955842,-0.013998251580438097,0.005962008157451405,0.006266524249273171,9.988201582653188,10.022537932223106,-1.0128452466970206,-0.0017676852560123998,0.028314616368230676,0.009670012862806424,9.966326635330915,10.002054508775473,-1.002353459596634,-0.0008642380125820637,-0.011725731194019318,0.0019531294237822294
50.46327614784241,9.980833115564758,10.034162994856503,-1.0079650972038507,-0.00026896600209819774,7.462953481337132e-06,0.001861081931202511,-0.013974215030464776,0.005960342557193196,0.006266299535735597,9.987947794657622,10.02256703566977,-1.0123729359175344,-0.00021153846817125355,0.027700241944841882,0.00826122219006854,9.966446798294783,10.001651104539633,-1.0015994608402252,0.0006985358195379376,-0.012435782700777054,0.0009374417131766677
50.527276039123535,9.9557247518293,10.033664454303628,-1.013618916273117,-0.0002679993325816384,7.6117366508539575e-06,0.0018576919300067553,-0.013922576209269856,0.005967861030648951,0.006264900591750292,9.988143538416747,10.021114673109112,-1.0116452623164165,0.001404128065051375,0.026201265761144968,0.006682726484521992,9.966737668961287,10.000767048448324,-1.0004420578479767,0.0030344489496201277,-0.013717124238610268,-0.0006358599057421088
50.56727600097656,9.963579314245335,10.027831672033159,-0.9882987290620804,-0.00026755656239461537,7.50686813779699e-06,0.0018559984019315245,-0.013899139769648234,0.005962885495113844,0.006263346915503118,9.987783805916246,10.021149217920668,-1.0108780859880007,0.002584949981571631,0.025361375067504046,0.005168522808120445,9.96696750447154,10.000101383775473,-0.9998315870761871,0.004298251587897539,-0.014661930501461029,-0.0016623444389551878
50.62327599525452,9.968696591579706,10.028026510181421,-1.0354030253365636,-0.00026659372743881456,7.1549229395804795e-06,0.0018523503097895395,-0.013848692498685748,0.005946170188565617,0.0062608273687962115,9.986592790327716,10.019489206469853,-1.0100021509131727,0.0032165510073945166,0.024146478386654385,0.004009803800078597,9.96725169941783,9.999012287706137,-0.9990206062793732,0.005926891695708036,-0.015890654176473618,-0.0028044695500284433
50.663275957107544,9.964680156189853,10.03170248878379,-1.04324325080961,-0.0002660726437096588,6.982414455545137e-06,0.0018504382478458064,-0.01382145602946532,0.005937996387864898,0.006259149213813434,9.986092017990286,10.019103857492434,-1.00943840254881,0.004008132950239954,0.023448678263312716,0.0027432755634061714,9.967401426285505,9.998136814683676,-0.998344212770462,0.006911249365657568,-0.016780059784650803,-0.0036451180931180716
50.72727608680725,9.971827833858526,10.040868882794387,-1.0258477018214762,-0.0002652646082530116,7.187226101924923e-06,0.001847820195895989,-0.013778527736469289,0.005947989177636629,0.006255611431178389,9.98668054274851,10.01784899739739,-1.0084517734688763,0.005180891448125435,0.022692326882018173,0.0015389996943787592,9.967476766556501,9.996589001268148,-0.9973427355289459,0.007990292273461819,-0.01774376817047596,-0.00496248621493578
50.76727604866028,9.966594132674793,10.03045677384197,-1.0100224111229181,-0.00026495511566336716,7.1935227869524065e-06,0.0018467954685295331,-0.013762280762016514,0.005948358717185496,0.00625444714951578,9.986860860064581,10.0180316258721,-1.0080932122980253,0.006059957621641007,0.02273690108245648,0.0003132879780128343,9.96749297901988,9.995557125657797,-0.9967385828495026,0.008616198785603046,-0.018313046544790268,-0.0057563213631510735
50.82327604293823,9.971529142632066,10.031182594014906,-0.9875660091638565,-0.0002639803347900461,7.443896903266719e-06,0.0018438239644511033,-0.013711225322848096,0.005960685907258383,0.006253961060195969,9.987736130525471,10.016273656524183,-1.0079976963465038,0.0070980071439855595,0.021790307348532472,-0.000805314260930155,9.96759406849742,9.994196232408285,-0.9959626495838165,0.009370258077979088,-0.01898863911628723,-0.006567189935594797
50.86327600479126,9.976231884810412,10.029294360979017,-0.9632657580077648,-0.00026339440398239763,7.567132605895112e-06,0.0018420698913913668,-0.01368077161751787,0.0059668195124132194,0.006254658159058386,9.988360639939126,10.015544475787468,-1.0082371935602075,0.00808844378843308,0.021716925964558625,-0.0019414064821445035,9.96772376820445,9.99323683604598,-0.9954611361026764,0.009998582303524017,-0.01929817907512188,-0.007249653805047274
50.92727613449097,9.983952746717733,10.01556179946989,-0.9693779312074184,-0.00026228096291999053,7.850841541145411e-06,0.0018388469401990656,-0.01362314259003463,0.005980870396040197,0.006257110023605568,9.989511609501635,10.013227770932987,-1.0090077834074218,0.009288631583321116,0.02105954357847953,-0.0031606682305595295,9.96807948872447,9.99155455455184,-0.9947350323200226,0.011010493151843548,-0.01963694766163826,-0.008245809935033321
50.967276096343994,9.980443177494667,10.004541663013498,-0.9790698979049921,-0.00026179795339013455,7.947443636584791e-06,0.0018374647957783035,-0.013598314783129964,0.005985740421875158,0.00625894320270225,9.990174465296128,10.01272338503099,-1.009704492213988,0.009932036782724831,0.021516932964571224,-0.004211178155386722,9.96842471882701,9.99043207988143,-0.9945326149463654,0.01152218971401453,-0.01961890049278736,-0.008922407403588295
51.02327609062195,9.965747978067027,10.005952354007,-0.9498296631500125,-0.00026090433404349177,7.975917312021861e-06,0.0018348041708962858,-0.013552554640491812,0.005987515769120524,0.0062606147139556536,9.990464582243266,10.010964707882001,-1.0103199908439104,0.01046234113626457,0.021470512465471277,-0.005194038668109477,9.969024579972029,9.988729771226645,-0.9943625032901764,0.01221795566380024,-0.019650261849164963,-0.009828380309045315
51.0634651184082,9.9661077242396,10.002693958557845,-0.9404414342716336,-0.00026026355574307325,7.994583102939775e-06,0.001832878726079413,-0.013519716215873381,0.005988638775237346,0.00626061379270185,9.990906146696657,10.010087341025073,-1.0105385833397131,0.010964052360006995,0.021951259874361907,-0.005953891578757913,9.969461362808943,9.987495716661215,-0.9943576157093048,0.012512823566794395,-0.019598273560404778,-0.010484128259122372
51.10346508026123,9.97871288282535,10.00736101196879,-0.9647235805168748,-0.0002589572922308453,7.928435255983041e-06,0.001828860651874201,-0.013452820268696233,0.005985845252562026,0.006257586985912093,9.990948086025416,10.00709105232339,-1.0098664627279794,0.011347808847687334,0.02167221238425975,-0.006307358043082061,9.969848554581404,9.986214932054281,-0.9943348467350006,0.013043136335909367,-0.019327836111187935,-0.01088887732475996
51.16746497154236,9.990055928014934,10.00782467225215,-0.9721459625288844,-0.00025844110628572397,7.934942554304462e-06,0.0018272977454718798,-0.013426390595312008,0.005986272053634571,0.00625632099264487,9.991534709164695,10.006736881641327,-1.0098308579910018,0.011721144319467787,0.022842307594817333,-0.006689987365643032,9.970437925308943,9.983992870897055,-0.9941233694553375,0.013531189411878586,-0.019062325358390808,-0.011150362901389599
51.22346496582031,10.002314242229108,10.019652928550265,-0.9807786121964455,-0.0002574446968112612,7.943317229875605e-06,0.0018242808723414174,-0.0133755016321135,0.005986879284949787,0.0062544530198765744,9.992027426573573,10.004813956237836,-1.0095745232677937,0.011847876902900976,0.02319657713292269,-0.00707787490488592,9.970916669815779,9.98198252543807,-0.9938453733921051,0.013599544763565063,-0.01864348165690899,-0.011499113403260708
51.26346492767334,10.003530368692758,10.01332257920517,-0.9754872471094131,-0.0002571657402433132,7.91677788719563e-06,0.0018234053810349815,-0.013361275109585145,0.005985651955286199,0.006253303623266811,9.99256175226116,10.005219047227374,-1.0095729647801537,0.012132073289184468,0.02477744858986114,-0.007441715188316117,9.971312444657087,9.980567272752523,-0.9937590658664703,0.013761916197836399,-0.01834530010819435,-0.011586818844079971
51.32746505737305,9.992985373763952,10.01735476225073,-0.9854164542630315,-0.0002565700990196105,8.381946397008775e-06,0.0018219501546189543,-0.013330321291304719,0.006007645807365996,0.006251687408972242,9.994580971249162,10.004572511230531,-1.0094278824566998,0.012892703770121933,0.025780167556304967,-0.007747565154943497,9.97202293202281,9.978532131761312,-0.9935524761676788,0.013811001554131508,-0.01751294918358326,-0.011839894577860832
51.367465019226074,9.996312502341201,10.02336328105499,-0.9794039586558938,-0.00025640423796864154,8.508499768260557e-06,0.0018215580772736268,-0.01332176877161191,0.006013622544929463,0.0062516948076544706,9.995641736741213,10.005480571977479,-1.009814257228804,0.013290986379038755,0.027552167113389047,-0.008304591999898003,9.972635190933943,9.977434452623129,-0.993310958147049,0.013995910063385963,-0.01686481200158596,-0.012139164842665195
51.42346501350403,9.978257891898657,10.01848035833194,-0.9605304514989257,-0.00025594273795736427,8.531831778915694e-06,0.001820181022295365,-0.01329841329305074,0.0060148468218192905,0.006252608110426562,9.996211575059675,10.005463336244405,-1.0103928674675324,0.013403444312652993,0.0292083152581083,-0.008626699512281028,9.973619382828474,9.976181324571371,-0.9930150806903839,0.014226391911506653,-0.015421640127897263,-0.012265871278941631
51.463464975357056,9.984176672845464,10.016625464134966,-0.9767384836450219,-0.00025561996992304624,8.336699753400197e-06,0.0018189531602257245,-0.013282136905823432,0.0060057239980699515,0.006252036043307008,9.996197233243016,10.006080162139686,-1.0106439551550737,0.013264889491024792,0.0312921213238918,-0.008963102636476487,9.974324148148298,9.975513752549887,-0.992927223443985,0.014330512844026089,-0.01417163573205471,-0.0124977957457304
51.523465156555176,9.977055871630409,10.015545461746129,-0.9837488727644086,-0.00025483626261674203,7.987632835675988e-06,0.0018160375770190443,-0.013242436214825728,0.00598943901419336,0.00625046734169859,9.99539649028506,10.005113275846972,-1.010506655150048,0.012808710666949415,0.03241596945238783,-0.009178996306151063,9.975191038101912,9.974814709275961,-0.992880254983902,0.014464139938354492,-0.01227516308426857,-0.01257784478366375
51.5634651184082,9.976301334449168,10.008372857914834,-1.009348745457828,-0.00025436879353137374,8.003141565967254e-06,0.0018145582048586218,-0.013218675764248044,0.005990241751261358,0.006250046815458921,9.995983657335671,10.005390903392215,-1.0108975626288268,0.012842927623822043,0.03450266107627048,-0.00953261960218633,9.975627820938826,9.974431332200766,-0.9928924143314362,0.014320876449346542,-0.010659115388989449,-0.012696596793830395
51.62746500968933,9.970263193278623,10.007634809059143,-1.0241475021466613,-0.00025333552981387044,7.999643588354548e-06,0.0018112340059315021,-0.013166371026392207,0.005990310649403688,0.00625140967090133,9.996269040205464,10.003835730407351,-1.0118770656615526,0.012645320946449086,0.0354196928645093,-0.009772695362252929,9.976133268326521,9.973954495042562,-0.9928052723407745,0.013783852569758892,-0.008408335968852043,-0.012795074842870235
51.66746497154236,9.971940759801416,10.005760917810477,-1.036872441181913,-0.0002527444801566895,7.940325332324321e-06,0.0018092035211552974,-0.013136395005425421,0.00598763266311126,0.006251581810557867,9.996566587762103,10.003871095066684,-1.0125128323560608,0.012474802325395653,0.037115691535069634,-0.009755342091278391,9.976373594254255,9.973675068467855,-0.9928072988986969,0.01344921812415123,-0.007057604845613241,-0.01266308594495058
51.72346496582031,9.954491122396131,10.002652389752052,-1.043645407538861,-0.0002515721440546278,7.727393771233908e-06,0.0018049225946076596,-0.013076792717878377,0.005977829607626889,0.0062513622956163915,9.996073893259213,10.002016488218407,-1.0130886172703857,0.01203997348855739,0.03810456564602394,-0.009920653357750176,9.976615827530622,9.973265942186117,-0.99297896027565,0.01300911232829094,-0.005060375202447176,-0.012691672891378403
51.76346492767334,9.976184774106489,10.007766836671623,-1.0435858750715852,-0.0002502073806038995,7.436008277646362e-06,0.0017997169362890645,-0.013007231419727218,0.005964280112639504,0.006249598127929833,9.995397682519227,9.999788574769152,-1.0132708036124782,0.011324328019094715,0.03869418204093219,-0.010235964695842977,9.976683538407087,9.972943600267172,-0.9931930601596832,0.012579607777297497,-0.00387371052056551,-0.012856119312345982
51.82746505737305,9.990563763779328,10.004328973202124,-1.0299296202138066,-0.0002496114073120719,7.528587190971348e-06,0.001797804806228189,-0.012976923499490865,0.0059685878892773644,0.006248283185847936,9.996125889961528,9.999803305822216,-1.0134400352060275,0.011216862403632196,0.040053837487245086,-0.01022466315157192,9.976518552750349,9.972320850938559,-0.9936827719211578,0.011510643176734447,-0.002375973155722022,-0.012943723239004612
51.867465019226074,9.997477826416379,10.000075238199688,-1.0217324020341039,-0.00024910169066384545,7.656650758666776e-06,0.0017962807814562898,-0.012951159773501617,0.005974578651883826,0.006248143352174642,9.997000573013997,10.000124726621067,-1.0139373310650324,0.011061208269971638,0.04139915796039187,-0.01014979943003922,9.976362150162458,9.971894558519125,-0.993926078081131,0.010916094295680523,-0.001621515373699367,-0.01279805600643158
51.92346501350403,9.995347131782427,10.010214973724173,-1.0403444563853554,-0.0002476389127739702,8.030985172156133e-06,0.001791916769257314,-0.012877473076270497,0.005992114755945467,0.006250494231464289,9.998552163339,9.997659128992918,-1.01537034558085,0.01142143857855048,0.04140597037971437,-0.009941417182640659,9.976287763565779,9.971294697374105,-0.994258314371109,0.010175572708249092,-0.0007133579347282648,-0.012424703687429428
51.963464975357056,9.998790242904217,10.01269040034088,-1.036430731182918,-0.0002470827153561198,8.085441315049855e-06,0.0017900495861916037,-0.012849358448700433,0.005994655854383326,0.006251045870336966,9.99918748924844,9.997943572596334,-1.016082591744715,0.011426887689757607,0.04254424912145034,-0.009767391237464507,9.976401250809431,9.970798786729574,-0.9946428835391998,0.009835601784288883,-0.00020853265596088022,-0.012133794836699963
52.02746510505676,10.004632961004951,10.013733507435855,-1.0533324172720313,-0.0002461446493084717,8.109665306561555e-06,0.0017866718297775454,-0.012801656392594906,0.0059957171691280425,0.006249944073060198,9.999737096625351,9.997276484610728,-1.0164529737277073,0.011412235189392887,0.04343105219586584,-0.009455700750930168,9.976732175797224,9.969991024583578,-0.9952922165393829,0.009724641218781471,0.0007032556459307671,-0.01180140022188425
52.06765294075012,10.007423320063355,10.01220076070937,-1.0643968814983964,-0.0002457794073220827,7.996724188969296e-06,0.0017850817221430485,-0.012782970411406136,0.005990444643130346,0.0062497032980100755,9.999875864010567,9.998287975265614,-1.0169289705309814,0.011160336138369916,0.044667661809955586,-0.00916130941977219,9.977010648697615,9.969554241746664,-0.9957377016544342,0.009531584568321705,0.000985864782705903,-0.011510638520121574
52.123652935028076,10.000859345105416,10.001792165114265,-1.0821271855384111,-0.0002453896295972855,7.800993689105732e-06,0.0017831789619652597,-0.012762865544258368,0.005981344960661295,0.006249297264354673,9.999772598471916,9.999465871833817,-1.0175012680333781,0.011013841248413545,0.046179667895829044,-0.008720327943961022,9.977387350052595,9.9691145978868,-0.9963862001895905,0.009488625451922417,0.0018255492905154824,-0.011102751828730106
52.16365313529968,9.985341545714753,9.998038414255277,-1.0983712524175644,-0.00024482829793187247,7.251979449017109e-06,0.001779777782113869,-0.012733477883276174,0.0059558971776315865,0.006248374955086138,9.998336153770852,9.999997164467949,-1.0179165663931178,0.010242338484292046,0.04737565221390136,-0.008208170049823021,9.977657239884138,9.968972500413656,-0.996888667345047,0.009312856942415237,0.002536718500778079,-0.010598559863865376
52.22765302658081,9.990691900594108,9.990607042402019,-1.0890441667288542,-0.00024445011496983894,6.906489622035645e-06,0.0017775481116654073,-0.012713805209319777,0.005939919357265243,0.006248473687121324,9.997648060619689,10.001319653694283,-1.0184961147705078,0.009782990753732105,0.04885878982425663,-0.007722784018267729,9.977915685623884,9.96906977519393,-0.9978176653385162,0.00898416992276907,0.003933243919163942,-0.010020970366895199
52.26765298843384,9.992667628636134,9.988879581778102,-1.0891375746577978,-0.00024332140510322122,6.167977803735106e-06,0.0017715815311497712,-0.012655727219653993,0.005905831812704089,0.006250437629100402,9.995491132684329,10.000122505329081,-1.019753028196469,0.008820622756708195,0.049350605761920165,-0.007297771516070547,9.977890890091658,9.969231899827719,-0.9984785616397858,0.008777696639299393,0.004985888488590717,-0.009640277363359928
52.32365298271179,9.993661035488113,9.987238886769987,-1.091508112847805,-0.00024292678483763195,5.925077295965185e-06,0.001769508929616609,-0.012635443085656384,0.005894643340021784,0.006251402804702577,9.995074222462835,10.001469135199052,-1.0205467348050345,0.008410550701039993,0.05100683235560682,-0.006536581160631687,9.977609556168318,9.969421681016684,-0.9995539486408234,0.00787997804582119,0.0063711777329444885,-0.008912510238587856
52.36365294456482,9.980336646228343,9.989163835626313,-1.0742653589695692,-0.00024193803322542618,5.714176700863535e-06,0.0017651990021816308,-0.012585045910768661,0.005884881756541742,0.006251484838352168,9.99459000216632,10.000929517947242,-1.0211478710999056,0.008200932232558045,0.05165269577838914,-0.005634326067142657,9.977250974625349,9.96953135356307,-1.0003274977207184,0.007297042291611433,0.007267323788255453,-0.008209832943975925
52.427653074264526,9.978614278072516,9.983824804429345,-1.0693132169544697,-0.00024131111260778987,5.645993030730022e-06,0.0017626018585043851,-0.0125531827070054,0.005881697375547271,0.006251178778009032,9.994601287113106,10.001381320934888,-1.0214263359393339,0.007932671605582689,0.052509363030463455,-0.0047276894423610855,9.976630132645369,9.969746883958578,-1.0016711056232452,0.006225604098290205,0.00844336673617363,-0.00715742539614439
52.467653036117554,9.987183612145126,9.992439829194856,-1.0818993719294667,-0.00024037216366514706,5.520940072459748e-06,0.0017585969180934735,-0.012505285309408866,0.005875844422962295,0.006249506494330319,9.994353842291424,10.000853174126505,-1.0213780388512539,0.007961248341442134,0.052902521712805385,-0.0037233556214979046,9.976206701248884,9.969817455857992,-1.0025677978992462,0.005814730189740658,0.009077034890651703,-0.006456076633185148
52.52365303039551,9.983617643600347,9.993094004417856,-1.0844555143266916,-0.0002398916515633117,5.389359846728349e-06,0.0017563685888962951,-0.012480659781692967,0.005869748347648568,0.006248598696896416,9.994225049821255,10.002086964751776,-1.0213984698795868,0.008056412723062394,0.05393986773468452,-0.002526446425558951,9.975622098892927,9.969856556504965,-1.0036123096942902,0.005305182188749313,0.009741402231156826,-0.005303338635712862
52.563652992248535,9.99135431751593,9.988107637415762,-1.0784869007766247,-0.0002388415576169842,5.1268044684591896e-06,0.0017516695506948812,-0.012427338211737216,0.0058576904787303345,0.006249531785128229,9.993543289232951,10.001244662642888,-1.0220280238653885,0.007980442615365718,0.05390210887859933,-0.0012677634828121306,9.97521011158824,9.969891842454672,-1.0041773617267609,0.005065818317234516,0.010072266682982445,-0.004233804997056723
52.62765312194824,10.005348240444954,9.997372581063004,-1.077832599170506,-0.00023850025400919565,5.114275810764945e-06,0.0017503786825785648,-0.01241037017101114,0.005857155584462578,0.006251386119848191,9.993906088245698,10.00295983279934,-1.0227527425507001,0.008381159526797037,0.054882936215120026,-0.00045810903816732786,9.974530141800642,9.969888981431723,-1.0049389898777008,0.0046880063600838184,0.010555615648627281,-0.003005406353622675
52.66765308380127,10.002034781708822,10.000045885951687,-1.081798780709505,-0.0002375554439950211,5.006752919293413e-06,0.001746537787436662,-0.012362919988279535,0.005852239208018049,0.006252897184525985,9.993851797429016,10.002535304914504,-1.0234646568182195,0.008627302729244349,0.05496871115899393,0.0003609249385532167,9.974164884537458,9.969917591661215,-1.0054663717746735,0.0045960573479533195,0.010868638753890991,-0.0023518474772572517
52.723653078079224,10.004663239890437,10.001083510283665,-1.0940584251657128,-0.00023712806449211905,4.95661705113653e-06,0.0017447480888966086,-0.01234127253235049,0.005849901552041253,0.006251792055713877,9.994107076934736,10.004036175431958,-1.0232239345497378,0.009063671753207438,0.05580543996479142,0.0013865018710098533,9.97380344197154,9.970033939927816,-1.0061786472797394,0.004517877474427223,0.011278115212917328,-0.0013482490321621299
52.76365303993225,9.993650433564156,9.998372442146044,-1.0592249128967524,-0.00023654295252436533,4.723680223554723e-06,0.0017419697983151788,-0.012311648492290286,0.005839311298087372,0.006252825738478302,9.993720405261222,10.005058726103222,-1.0236381546499438,0.009181211300814084,0.05647090800097709,0.002177035163618872,9.973625104874372,9.970147427171469,-1.0063871443271637,0.004527269396930933,0.01155975740402937,-0.00069948541931808
52.82765293121338,9.98178995847367,10.002224331233368,-1.054416922852397,-0.00023617484417281576,4.50274336420327e-06,0.0017400283352476116,-0.012292815121306219,0.005829250516886595,0.006252725855113144,9.993337088004118,10.006621738804952,-1.023564292821304,0.009421337495917368,0.05732238438037368,0.0027196716983225572,9.973441045731306,9.970488842576742,-1.0066452324390411,0.004694831091910601,0.012188429944217205,0.00013958924682810903
52.867653131484985,9.978802342525906,10.010182534413254,-1.0165698016062379,-0.0002352897799611338,4.327529508443088e-06,0.0017363450845862684,-0.012248571736167724,0.005821290250772763,0.006253990147518396,9.993015830352803,10.006770808777684,-1.0238424337445178,0.009740293177316254,0.057410534119292325,0.003287508846951196,9.973286550492048,9.97081595286727,-1.006723791360855,0.004795779939740896,0.012587369419634342,0.0006378964171744883
52.92365312576294,9.973106426877937,10.007503772812232,-1.0192097444087267,-0.00023471723816139228,4.385716961397174e-06,0.0017343935761609652,-0.012220287424385055,0.0058239228278218185,0.006254183519884988,9.993541508287755,10.007656449470984,-1.0237723975051147,0.010669233714684322,0.05772950607051179,0.003523265330641909,9.97301284596324,9.971376713365316,-1.0067905485630035,0.005122239235788584,0.01299368217587471,0.0010482043726369739
52.96365308761597,9.972404245138668,10.023368314354114,-1.0392517913132906,-0.00023353759106755373,4.558061977483e-06,0.001730472089443105,-0.012161923936729267,0.005831637969808199,0.006251780284638992,9.994379363326761,10.006843943439472,-1.0229656248870493,0.011659498773366798,0.05719621349355556,0.004076001107023254,9.972865980118513,9.971760090440512,-1.006904512643814,0.005454718600958586,0.01327364519238472,0.001403674017637968
53.003653049468994,9.972901148000489,10.018072708882604,-1.0420080563053489,-0.00023290168720283683,4.710666761433411e-06,0.0017284978531383146,-0.01213053313294814,0.0058384748394756155,0.006249495646675256,9.995250666145962,10.007293432985362,-1.0221564830190304,0.012601633623599645,0.05740140345481196,0.00421826402842394,9.97277919575572,9.97211104258895,-1.0069365799427032,0.005828503053635359,0.01344806794077158,0.001569959451444447
53.06765294075012,9.96331446770388,10.017955539628677,-1.0536733043845743,-0.0002315440209034004,4.922147698889474e-06,0.0017242029655655424,-0.01206398560095592,0.00584803325670081,0.006248910591125381,9.996282906740817,10.006054829746338,-1.0219279799557517,0.013655556451858232,0.05668254575722184,0.00458265590400924,9.972821157425642,9.972602184861898,-1.0067898333072662,0.006651845294982195,0.013524831272661686,0.0019739000126719475
53.12384915351868,9.970011042030142,10.022991364103815,-1.060302834957838,-0.00023110147377551564,4.974571269111703e-06,0.0017227569556723093,-0.012042226197038227,0.0058503858467056635,0.0062482013359603985,9.996981321531168,10.007366663866657,-1.0215808593102356,0.014567054321956074,0.0569311814357852,0.004579335685211788,9.973001401871443,9.972872074693441,-1.0065641701221466,0.0073571414686739445,0.013378044590353966,0.0021821814589202404
53.163849115371704,9.963338510329914,10.031845025255441,-1.0661945035681129,-0.00022996127177229522,4.884342974888816e-06,0.0017185889940128643,-0.011985969882399437,0.005846321840245084,0.0062464769037844994,9.99699840810527,10.006481995229917,-1.0210459051368797,0.015103433896933598,0.056172870665850375,0.004489579734921091,9.973192136734724,9.973045643419027,-1.0064387619495392,0.00797897670418024,0.013124273158609867,0.002155505819246173
53.22784900665283,9.956286866672057,10.03690354045335,-1.06899400241673,-0.0002294935957319269,4.6790616775038165e-06,0.0017165674199121365,-0.011962809877088473,0.005837134078276659,0.006246936751357753,9.99690227289458,10.00799394853652,-1.0210639014419953,0.015578360250644248,0.056408469177506554,0.004332006154222162,9.973507802933455,9.973346050828695,-1.0061379969120026,0.00888699572533369,0.012661506421864033,0.0021366167347878218
53.26784896850586,9.969832683453905,10.0267575336833,-1.0455250842496753,-0.00022878307650641078,4.4879895523953995e-06,0.0017137820546560608,-0.011927855234161273,0.005828605096175653,0.00624723570418473,9.996741590588012,10.008746868509867,-1.021088144603188,0.01589812132844499,0.056434252474140745,0.004082395825413544,9.97362033650279,9.973574932664633,-1.005917340517044,0.009261688217520714,0.012474337592720985,0.0020872456952929497
53.32384896278381,9.962520280274711,10.029283688853052,-1.0115097360685468,-0.00022848257801014697,4.497097720071795e-06,0.0017128060941387483,-0.011913242765587076,0.005829018104895412,0.006247234734892828,9.997394331425397,10.010530002561142,-1.0209017943090009,0.01653033806834244,0.056840802161725684,0.00390266079466472,9.973648946732283,9.974044140428305,-1.005668193101883,0.009738782420754433,0.012286564335227013,0.0019144582329317927
53.36384892463684,9.977066494063726,10.0347408556993,-1.0195578439161181,-0.0002281317162977718,4.4120729719504616e-06,0.0017115265089615629,-0.011896240392003486,0.005825244787807661,0.006248357788477329,9.99772759485825,10.012236072700029,-1.0210521828877077,0.017025312874303252,0.057210362728260994,0.003619628092587854,9.973679464310408,9.97450190410018,-1.0055278837680817,0.010034903883934021,0.0122276796028018,0.0018262811936438084
53.42784905433655,9.962460951650815,10.03577006362813,-1.0287699615582824,-0.00022794833249436747,4.353181087909639e-06,0.001710850589541656,-0.011887410002616514,0.005822650597577149,0.006249591181488962,9.99828672496543,10.014695562065901,-1.021280148341819,0.017603374393032948,0.05788083647251301,0.0032905494801640967,9.973813932389021,9.975542362779379,-1.0053611099720001,0.010618478059768677,0.012386854737997055,0.001543692429549992
53.467849016189575,9.96050498472941,10.03493811679879,-1.03786641638726,-0.00022754747754153242,3.949758539079372e-06,0.0017088402724232663,-0.011867706221532787,0.0058047488272046244,0.006251366156075823,9.99752574591267,10.016581739764503,-1.0217265711940504,0.017510852213893438,0.058367028196697736,0.0029065288546992526,9.973922651261091,9.976352032274008,-1.0053973495960236,0.01092537585645914,0.012742898426949978,0.0011903588892892003
53.52384901046753,9.979712969363261,10.045109391265852,-1.0454434896819293,-0.00022724274037620997,3.7959182558260776e-06,0.0017076313565155513,-0.011853030712558743,0.005797959911234379,0.0062530359582104395,9.997740421888716,10.01848713122912,-1.0221707371795257,0.017678058072265038,0.058874926890184365,0.00264348502698306,9.973930280655622,9.977731045335531,-1.0054802000522614,0.011044970713555813,0.013244513422250748,0.0009514666744507849
53.56384897232056,9.973752765877054,10.038478127656772,-1.0339726926758885,-0.00022651257266879571,3.3435339615417247e-06,0.0017045760531483622,-0.01181771507719157,0.0057779963435177,0.006255832581639033,9.996842151947767,10.0193091855511,-1.023011450533294,0.017417934801210642,0.0588486037500594,0.002427777866744131,9.97387782856822,9.978833492845297,-1.005644828081131,0.011131208389997482,0.0136996665969491,0.000772965548094362
53.627849102020264,9.966002755927848,10.035371999620196,-1.0444009602069855,-0.00022568322365350426,3.0797286510582363e-06,0.0017014800971947438,-0.011777629184370642,0.0057663865891164874,0.006256810341240341,9.99643632201981,10.019498621786035,-1.0233265355157608,0.017233284392111164,0.05846140990866794,0.00246847321261543,9.97368137165904,9.98067694529891,-1.006093293428421,0.010914557613432407,0.014289231970906258,0.0006149192922748625
53.66784906387329,9.960855356003446,10.02327421013609,-1.0609695864841342,-0.0002252712670754207,3.171538647641572e-06,0.0017003183117092232,-0.011757974250092439,0.0057704901886820046,0.006257735612080569,9.99740137557563,10.020926883683332,-1.0235867982569526,0.017575430765067762,0.05850253892463665,0.0025492420477952167,9.973473470658064,9.981830891221762,-1.0062243044376373,0.010652739554643631,0.014516530558466911,0.0006480638403445482
53.723849058151245,9.974598686395245,10.031001297406489,-1.0719882771372795,-0.0002242821332498609,3.2665778018553928e-06,0.0016972584239085785,-0.01171051240113726,0.00577474210491595,0.006258122722138265,9.998336514800286,10.020686759474767,-1.0237906296958277,0.01801290329018972,0.057698435248748424,0.0026633625740342596,9.973201673477888,9.983368214219809,-1.006435066461563,0.010539265349507332,0.014683653600513935,0.0005868242005817592
53.76384902000427,9.96792444393162,10.027806591252615,-1.0596093009226024,-0.0002237990744402109,3.321665345090591e-06,0.0016957674593470141,-0.011687350847293916,0.005777196303693486,0.006258396135433829,9.999216277756856,10.021846706532827,-1.0238292520286951,0.01827192924535551,0.05739836710858846,0.0031450222937928997,9.973091047257185,9.984382923692465,-1.0065999329090118,0.010365629568696022,0.014620132744312286,0.0009272390161640942
53.82784914970398,9.976769218690228,10.039163799084863,-1.0843064654618502,-0.0002231019278775654,2.9898104636801434e-06,0.001693034841586395,-0.01165368818461684,0.005762667094435161,0.006258494019135665,9.998689927559004,10.022367979630825,-1.0239211521623595,0.01812493325419542,0.056819722901283315,0.0034291878396598106,9.973077695816755,9.985795315355062,-1.0068112909793854,0.01048732828348875,0.014284892939031124,0.001251243520528078
53.86784911155701,9.953975756868255,10.031554420449053,-1.0879009598866105,-0.00022281730544976538,2.825077829066804e-06,0.0016918913570156938,-0.011639943040952682,0.005755473580790457,0.006258589000930965,9.99888835229141,10.024419063900575,-1.0238821582449793,0.018246482671008726,0.05669956773425786,0.003727869529318843,9.973069112747908,9.9865706525743,-1.0069314539432526,0.010523977689445019,0.013900430873036385,0.0014191969530656934
53.92384910583496,9.970037976475739,10.030362503836121,-1.1039792448282242,-0.0002223205965095699,2.30269728522736e-06,0.0016896767318789218,-0.011616033164441533,0.005732691433043517,0.006258911091350726,9.997759320907479,10.02579219357593,-1.0240529976061647,0.017796522094473716,0.05619204186982032,0.0038905292296149826,9.972990911453962,9.987731274217367,-1.0071413815021515,0.010553906671702862,0.013343791477382183,0.0015548656228929758
53.96384906768799,9.967199245034246,10.031730541380103,-1.1090442975983024,-0.0002219838142457468,2.27670028165584e-06,0.0016885856560404254,-0.011600052193407543,0.005731613248712919,0.006260303535534813,9.998450955230071,10.027591594621962,-1.0244438680612773,0.018069030663626372,0.055854187814329666,0.004068574939035508,9.972827833145857,9.988572414964437,-1.0072496235370636,0.01048564538359642,0.013027889654040337,0.0017585854511708021
54.027848958969116,9.976613308667808,10.035472645194286,-1.1103711929172277,-0.00022152500043183822,2.0439015840979105e-06,0.0016870069053867356,-0.011578603696892963,0.005721606605502584,0.006264071614357779,9.99828364947838,10.028782553504334,-1.0257430539456684,0.01818516046041479,0.055346701422312294,0.004200311670734596,9.972515027970076,9.989931400865316,-1.0075553953647614,0.010471693240106106,0.012521607801318169,0.0019199094967916608
54.06784915924072,9.975710977512398,10.037589171424893,-1.100085229612887,-0.00022133228171349625,1.8181114163993067e-06,0.0016862929427318568,-0.01156978880049598,0.005711864978950447,0.006266360924890305,9.998351877115923,10.03106057976843,-1.0263679096920346,0.0182539383939966,0.05517423523124407,0.0045250486574314784,9.972353857010603,9.99077444896102,-1.007946401834488,0.010350441560149193,0.012219546362757683,0.002169826067984104
54.12403607368469,9.983539058103164,10.034651355004577,-1.0943559790030122,-0.0002211485897772528,1.5702473590124694e-06,0.0016856362394251246,-0.011561518159086908,0.0057012099917289,0.006269286675730283,9.99825064988702,10.033138931363817,-1.027299230791875,0.018252296367224117,0.0548502135018939,0.0050128075228888045,9.972102086991072,9.992045696824789,-1.0086129009723663,0.01036335900425911,0.011685672216117382,0.0025330872740596533
54.172035932540894,9.983060188625306,10.04836236169563,-1.0843770913779736,-0.00022100961974516882,1.4081395757772474e-06,0.0016851479711599683,-0.011555165346934987,0.005694230050841028,0.006270365635704717,9.998501807644669,10.03535767490285,-1.027491359443166,0.01837150894733103,0.05443175990797809,0.0053606682487759745,9.971893232315779,9.993254002183676,-1.0091812908649445,0.010270942933857441,0.01120601873844862,0.002655866788700223
54.22803592681885,9.983969699470665,10.037707970585613,-1.079892952926457,-0.0002202522483146887,1.1215840336023823e-06,0.0016826147348005325,-0.011519442480077885,0.0056819326156800545,0.006270389936820124,9.998317609970362,10.035885562193759,-1.0274211629134002,0.018463226536965117,0.05316690714489517,0.005966360024106039,9.971835058182478,9.9946330152452,-1.0097441971302032,0.01042805053293705,0.010719318874180317,0.0030874651856720448
54.268036127090454,9.985866354741438,10.034247510271749,-1.0925021702423692,-0.00021979063010090218,1.0693645195157645e-06,0.001681086229103743,-0.01149746219339398,0.005679715433328507,0.006269591264172304,9.99898666953012,10.037063197247862,-1.0269740247600128,0.018835099063703835,0.05232166572524273,0.006540140325773404,9.971746366471052,9.995687779039145,-1.010319858789444,0.010461445897817612,0.010435053147375584,0.003330519888550043
54.33203601837158,9.981638428967358,10.043670068078923,-1.1026198389008641,-0.00021894841237867004,1.0775381058466381e-06,0.0016783303204809701,-0.011457349157083385,0.0056801344045828905,0.0062691605359043116,9.999650656956817,10.036723961531859,-1.026825014236752,0.019194773547202837,0.050821185345049535,0.007162687939106316,9.971658628433943,9.997162159532309,-1.0110216438770294,0.010490420274436474,0.009697561152279377,0.0038474462926387787
54.37203598022461,9.968863177784106,10.047500976423027,-1.1253976905718446,-0.00021848232290065005,1.0716803925968208e-06,0.0016768221684383459,-0.011435218548024503,0.0056799308459991454,0.006269069504649925,10.000469073401021,10.037786064522061,-1.0265897701355216,0.019852736170383693,0.04975784964631425,0.007992035816068697,9.9716328792274,9.997972782701254,-1.0114473402500153,0.010757729411125183,0.009067934937775135,0.004392095375806093
54.42803597450256,9.992689093447957,10.045825915435795,-1.0760285500437021,-0.00021761699038146275,1.0711152681028265e-06,0.001674083787224254,-0.011394385568211802,0.005680002588125563,0.00626993745623439,10.001197842218872,10.03723970933108,-1.0267176492924615,0.020142024918157173,0.048075681673734875,0.008710995591882613,9.97173110768199,9.998923595994711,-1.0119031965732574,0.010919462889432907,0.00802215188741684,0.0051506441086530685
54.46803593635559,9.996204912367643,10.040263280402527,-1.072439942508936,-0.00021708176589394794,1.0714149003854219e-06,0.0016724226765977524,-0.011369233712442937,0.005680088292171059,0.006270623757676669,10.002147697777128,10.03788674792251,-1.0265791719870738,0.020705720818347307,0.04679246226723367,0.009261680652645937,9.971892278641462,9.999459560960531,-1.012210875749588,0.011182652786374092,0.007098316680639982,0.005549856461584568
54.5320360660553,9.989373795234524,10.028799755876134,-1.0674956878647208,-0.0002162277761185509,1.0836280523180607e-06,0.00166979344142608,-0.01132918554029126,0.005680751293245841,0.006272100530221878,10.003007206453466,10.03712205084206,-1.0267710369983272,0.02119821224604426,0.04488996752571129,0.009827498304692966,9.972398679703474,10.000077541917562,-1.0125857889652252,0.011775419116020203,0.005444938782602549,0.006249042693525553
54.572036027908325,9.998179649595484,10.027994681680385,-1.0629687681794167,-0.00021578906669673654,1.0716302590986226e-06,0.0016684829302079753,-0.01130875389906657,0.005680326616558816,0.006273226252650416,10.00389805190908,10.03771318431364,-1.0267398267013061,0.021536711467818315,0.04355567915157485,0.01017105030791983,9.972858350723982,10.000294025987387,-1.0128549635410309,0.01216092798858881,0.0041996450163424015,0.00649721035733819
54.62803602218628,9.989719595043251,10.02665521282385,-1.0816802317276597,-0.00021486277988498522,1.2756262277632015e-06,0.0016654054026876573,-0.011264729422287616,0.005689116858648351,0.006274813912548687,10.005370653482633,10.03649398103166,-1.0269737767097151,0.022240257112931944,0.04144605544261953,0.010764125964464768,9.973594587296247,10.000361736863852,-1.0131886303424835,0.012659415602684021,0.0023231536615639925,0.0070852055214345455
54.66803598403931,9.985544153425048,10.023548057887169,-1.0497976776678115,-0.00021449947092698542,1.2934273760127239e-06,0.0016643163266464851,-0.011247839969730942,0.005689952530300325,0.006276392667986792,10.00647565663913,10.037319580959897,-1.0269698173611836,0.022712976398376595,0.04007359574935442,0.011264010781024321,9.974219243973494,10.000229176133871,-1.013408213853836,0.013198452070355415,0.0009586098021827638,0.007438690401613712
54.732036113739014,9.98897947099057,10.026286640080789,-1.0412460872903466,-0.0002135824035848533,1.4317654375420294e-06,0.0016613561888302072,-0.011204676195551055,0.005695948127721503,0.006278963175735762,10.007789966156723,10.035968587608702,-1.0273882838701887,0.023063808985008965,0.038182605811179375,0.011553168455952022,9.975347440689802,9.999792393296957,-1.0136566460132599,0.013807945884764194,-0.0011920393444597721,0.0077453069388866425
54.77203607559204,9.980666063302863,10.019629772036938,-1.0385318882763386,-0.00021297895371150127,1.4975241872304258e-06,0.0016593901428868167,-0.011176236494109154,0.005698807005532902,0.006279813324058595,10.009030296639569,10.03578183218773,-1.0271073712623349,0.023288217995429236,0.03675290308873377,0.012065868575733602,9.976107519119978,9.999399479478598,-1.013822227716446,0.014085223898291588,-0.0024280345533043146,0.008083065040409565
54.828036069869995,9.99060791477064,10.023292917509274,-1.0539688731078058,-0.0002115742074557759,1.7307683926671995e-06,0.0016546859613291779,-0.011109922084834817,0.005708808732920453,0.006283283497119416,10.010612720643655,10.032569651957642,-1.0278148414256627,0.02377431630888792,0.034372063089308486,0.012462506262791998,9.977240484207869,9.998599346727133,-1.0140855610370636,0.014654641039669514,-0.004105668514966965,0.00839217472821474
54.86803603172302,10.000092671334418,10.025650065738308,-1.0573204839602113,-0.00021093518505498301,1.7044173371695837e-06,0.0016527863225873438,-0.011080376071327608,0.005707817102648749,0.006285074338857944,10.011606786373624,10.03210057839474,-1.0278196054277573,0.023719022745200435,0.03317976637563762,0.013049204691778176,9.97813979908824,9.997762020677328,-1.0142596065998077,0.014935260638594627,-0.005535387434065342,0.00869485642760992
54.93203592300415,9.986853650511772,10.032829056062317,-1.0825961055234075,-0.00020944472438752808,1.7001891114670714e-06,0.0016481509984094746,-0.011011086668002296,0.00570786073531455,0.006289198519746649,10.01231200106455,10.028502332974483,-1.0287851769048608,0.023656093498044265,0.031066057700844057,0.013098834200091655,9.979592245072126,9.996065434068441,-1.0145441591739655,0.015373986214399338,-0.007463554851710796,0.008840478025376797
54.97203612327576,9.996533909353921,10.02537677609555,-1.0564003828912973,-0.00020892629086256088,1.5429175370766083e-06,0.0016468289246017122,-0.010987639856803672,0.0057013774039684694,0.006290095708019923,10.012837124242344,10.028309298842672,-1.028457154048395,0.023306571242477626,0.03046949028497422,0.013356452942117847,9.980467718094587,9.994790371507406,-1.0147217810153961,0.015469028614461422,-0.008777559734880924,0.008891358971595764
55.02803611755371,9.968234601303976,10.034582006354052,-1.0750302225351334,-0.00020809799838577777,1.3131627760966404e-06,0.0016446114802727398,-0.010949972004986533,0.005691910330263688,0.006291567868292307,10.01276697816215,10.026932822494821,-1.0284625346211547,0.022964210114494253,0.029381321576470172,0.013771087297188345,9.981603544205427,9.99288683757186,-1.0150146782398224,0.01570645160973072,-0.010503716766834259,0.00903010182082653
55.06803607940674,9.969316447339116,10.025134173286773,-1.0889286836609244,-0.0002077041965158152,1.321448784420181e-06,0.0016432550986903481,-0.010931403175931099,0.005692289992454692,0.00629203668804406,10.013683409302011,10.026969398730188,-1.0280635874162605,0.022573817392638976,0.029227667113513555,0.01423721757848387,9.982319753617048,9.991553600877523,-1.0152361690998077,0.015601684339344501,-0.011576208285987377,0.009294191375374794
55.13222813606262,9.967599954760919,10.032504456588713,-1.0718336692079902,-0.0002070553220136068,1.3917108160497772e-06,0.0016407636629371244,-0.010900218732198843,0.005695211747878882,0.0062915013722475745,10.014599742296548,10.026160895686095,-1.0273857683644039,0.022395472918164933,0.029139294839542102,0.014875405569847636,9.983236234635115,9.989527996629477,-1.015458732843399,0.015082113444805145,-0.01247174572199583,0.009722431190311909
55.17222809791565,9.958301633217351,10.036841554775018,-1.0680010188370943,-0.00020627531216567668,1.4637688525696838e-06,0.0016378052054023188,-0.01086300346225563,0.00569819781901551,0.00629248005676869,10.01545832078205,10.024926752985802,-1.0271749669742167,0.022231323559156333,0.02886138099920523,0.015361880335761746,9.983746450394392,9.988372143357992,-1.0155265629291534,0.014845776371657848,-0.012828072533011436,0.010044798254966736
55.2282280921936,9.967796180524592,10.04068962353945,-1.0644941115751863,-0.00020584916399687356,1.4269776853883997e-06,0.0016362573245623806,-0.010842779244546095,0.005696643706073544,0.00629160216905028,10.016238532733487,10.025026503464069,-1.0261665134178413,0.021601474665556647,0.029421402381763762,0.015747641666677595,9.98437873646617,9.986922558397055,-1.0155225098133087,0.01421861257404089,-0.01302558183670044,0.010365228168666363
55.26822805404663,9.973944918057779,10.04627170712912,-1.0447092582471669,-0.0002047508504984279,1.3801656350107038e-06,0.0016320986118644458,-0.010790510493924592,0.005694593616283711,0.006290635405071303,10.016661831519567,10.022897054447677,-1.025171529415895,0.020807632557848593,0.02916523366821391,0.01613317222294994,9.98475543782115,9.985961254686117,-1.0154395401477814,0.013769499957561493,-0.013065041974186897,0.010479182936251163
55.33222794532776,9.964714679098131,10.047433590575487,-1.0412933249026537,-0.00020429159349582714,1.2923769872022138e-06,0.0016304619648018384,-0.01076895044872069,0.005690897938306176,0.006290637017001116,10.017086920263205,10.022813837621008,-1.0244436479479637,0.020077187339325956,0.029839078451726585,0.016412582209803184,9.985226552933455,9.984497364610434,-1.0151825249195099,0.012754329480230808,-0.012751957401633263,0.01086792629212141
55.372228145599365,9.972102356573924,10.04707365536604,-1.049488315358758,-0.0002031711695316585,1.120614402259882e-06,0.0016261480237678488,-0.010715663305286808,0.005683584810589372,0.00628862728808553,10.016916161976424,10.020554836336691,-1.0231357508724623,0.01916143161524575,0.029776063654058074,0.01645578351328492,9.985397260636091,9.983637150377035,-1.014948159456253,0.012083756737411022,-0.012373987585306168,0.010827013291418552
55.42822813987732,9.97963314623237,10.0485244391615,-1.0517630157992244,-0.00020255551586013736,9.885074846326506e-07,0.0016237998859601217,-0.010686545270445795,0.00567799316542052,0.006288074869952617,10.017194024219412,10.020103723633703,-1.0221813218308866,0.01842305750677147,0.030531858696813328,0.01639298125352035,9.985483091324568,9.982503231614828,-1.0145211517810822,0.011261031962931156,-0.01201833039522171,0.010862275958061218
55.46822810173035,9.984022005407288,10.048059987634442,-1.0699044670909643,-0.0002014808625670501,9.008963354043124e-07,0.0016192718576990106,-0.010634772476301221,0.00567409627247628,0.0062859323621910984,10.017437388871443,10.018190538920276,-1.020868362567675,0.01782963219424188,0.0308847306090772,0.01612975280010645,9.985433500260115,9.981722172349691,-1.0140447914600372,0.010621629655361176,-0.011545851826667786,0.01064696442335844
55.508228063583374,9.989996853282754,10.044372093557454,-1.0739190196618438,-0.00020093088404913808,9.283415703662245e-07,0.0016168116885876605,-0.01060803982824696,0.005675079531124892,0.006285508109088019,10.018113179808958,10.017755036191225,-1.020148867083028,0.017260394593488788,0.031967051741810734,0.015926130502244996,9.985348623245955,9.980969723314047,-1.0135848820209503,0.00988860335201025,-0.01094299927353859,0.010527834296226501
55.5722279548645,9.987402475290159,10.043782669824282,-1.0478933611884713,-0.0001998483724000784,1.0705821894683474e-06,0.001611682446555219,-0.010554778917864735,0.005680597419685968,0.006283320557555962,10.019099203949208,10.015857305432242,-1.0188079447322003,0.017000315409812745,0.03244638438884125,0.01537268518872123,9.98521987721324,9.979891117662191,-1.0130319893360138,0.008728664368391037,-0.009892737492918968,0.010078242979943752
55.628227949142456,9.977917051111397,10.045874166655363,-1.064835931174457,-0.0001992720492322244,1.092157443908983e-06,0.0016089589537142891,-0.01052648685923506,0.00568127523134811,0.006281888563668748,10.019737149866696,10.015547544996389,-1.017729966762963,0.016570006873516216,0.03353478006050085,0.014885686993123726,9.985185544937849,9.979030903428793,-1.0125468075275421,0.007933425717055798,-0.00900476984679699,0.0095065888017416
55.676228046417236,9.979878160224057,10.043860499344328,-1.0542025854811072,-0.00019867744538789578,1.0828183274157277e-06,0.001606186370890987,-0.01049748401350943,0.005680659818210759,0.006281193355178146,10.020242263799858,10.015213244473228,-1.016894804358913,0.0160457673643344,0.034735372140658874,0.014514555774744703,9.985199850052595,9.978354748338461,-1.0120077431201935,0.007200748659670353,-0.008145986124873161,0.009305868297815323
55.70822811126709,9.963257183650871,10.025009616450587,-1.0820174319669604,-0.0001974424622014233,1.0655932849830717e-06,0.0016004348135011661,-0.01043750368294649,0.005679481121676251,0.00628234294430267,10.020431294598737,10.012834719537832,-1.0168111913059346,0.01570737818734304,0.035421527708886395,0.013879814073717373,9.985191266983747,9.977923687547445,-1.0115808546543121,0.00685251085087657,-0.0074712010100483894,0.00906886626034975
55.77222800254822,9.960484588525892,10.02151315640924,-1.082677610218525,-0.00019631117415363803,1.145709400793521e-06,0.0015950393870086048,-0.010382419097039979,0.0056823452195386035,0.0062849376735713315,10.02094907932376,10.010829148856578,-1.017274532180173,0.015312050145315732,0.036059143658574176,0.013023949697809427,9.985088270157576,9.977035816758871,-1.0108868181705475,0.006172802299261093,-0.006137707270681858,0.008438731543719769
55.812227964401245,9.962863621789282,10.013974383338157,-1.073645194992423,-0.0001957318268688207,1.238896530411007e-06,0.0015921364386072751,-0.010353800522716184,0.005685942640880699,0.006284655649283025,10.021710322389191,10.01058633672819,-1.0167145440409542,0.015024195178238643,0.03729086624902807,0.012255635740091489,9.984991949051619,9.97645216807723,-1.0106318295001984,0.00562062906101346,-0.005509902257472277,0.0077615827322006226
55.8682279586792,9.96236617153975,10.019540664983253,-1.0680269468575716,-0.0001945242828281995,1.243634457748335e-06,0.0015860876943912833,-0.010294357864337871,0.0056855561222925646,0.006283457153886508,10.02176738255649,10.008100257707595,-1.016038803435053,0.014814960293895308,0.03738605045654476,0.011931244490978538,9.984802167862654,9.975631054490805,-1.010506421327591,0.005081374663859606,-0.004618553444743156,0.0072224256582558155
55.91222810745239,9.966431280588097,10.02317027485618,-1.0417327414033934,-0.00019415642285006197,1.1910006639823154e-06,0.00158425910519949,-0.010276385787250122,0.005683184394445086,0.006283627555899529,10.02209778462913,10.00886884908068,-1.015550048344932,0.014609366471297184,0.038996865501056084,0.011593421148976914,9.984655302017927,9.974995907396078,-1.01042440533638,0.004835568368434906,-0.004047402646392584,0.007010543718934059
55.96822810173035,9.968086697003603,10.023165862210968,-1.023758778348565,-0.00019340517778892186,1.1256844350845301e-06,0.0015804659234523845,-0.010239545355015757,0.005680073680903944,0.006283652330475562,10.022080431908467,10.008255077992471,-1.015122715500107,0.014302751632320577,0.040002898474599015,0.011236651466244972,9.984361570328474,9.974131878465414,-1.010160356760025,0.004479739349335432,-0.003224661573767662,0.006559587083756924
56.032227993011475,9.969104381985629,10.025342732928495,-1.029402100481093,-0.00019298759306786005,1.1442215820120903e-06,0.0015783311379725215,-0.010218944289528905,0.005680608611203227,0.0062832736197421975,10.022643795439079,10.008982904022115,-1.01448081367948,0.014383588701255721,0.041743436034378245,0.010840290018761793,9.983945768326521,9.973415669053793,-1.0096851885318756,0.004177233204245567,-0.0019840470049530268,0.006195446476340294
56.0722279548645,9.964814781034143,10.02981386498804,-1.0598221588879824,-0.00019209379751469182,9.235771350171612e-07,0.0015736472498743311,-0.010174932533654528,0.00567095349549937,0.00628208488256352,10.021998098391965,10.008065879016714,-1.013761889065998,0.013929305918318344,0.04260072485652712,0.010522726326424382,9.983652990311384,9.973080929368734,-1.0091394484043121,0.0039041393902152777,-0.00113991042599082,0.005991923622786999
56.108428955078125,9.981819468611818,10.021489643230002,-1.0619267029687762,-0.00019171671960743308,8.658571278467517e-07,0.001571662168751782,-0.01015632986390579,0.005668347823859969,0.0062816575303368686,10.022255309154719,10.008891936985108,-1.0132280696578972,0.013765812126724208,0.04426802078964787,0.010006274770606616,9.983404081314802,9.97287779673934,-1.0086789429187775,0.0037482448387891054,-0.00038571172626689076,0.005862764548510313
56.17242908477783,9.973978715359094,10.017285301114189,-1.055418505333364,-0.00019134791667514323,9.976949177048833e-07,0.0015696359800290883,-0.01013748937285659,0.005673591147294066,0.006278438885259933,10.023052393501947,10.010011609376777,-1.0118505944856657,0.013959774713935759,0.04586207128754902,0.00955663276873953,9.982841413468122,9.972676571458578,-1.0079167187213898,0.0032361268531531096,0.0010441535850986838,0.005180317908525467
56.21242904663086,9.961496371763177,10.018392975543653,-1.063751365058124,-0.00019116251757995262,1.1067378471489176e-06,0.0015686898381645391,-0.0101281651052927,0.005678006525465813,0.006277633326133542,10.023896883037173,10.011618018279618,-1.0112359703921423,0.014399174454719952,0.04766114315221227,0.00895866039337644,9.982509534806013,9.97272902354598,-1.0075127184391022,0.0032769222743809223,0.002027786336839199,0.004950718954205513
56.26842904090881,9.984345423848026,10.024233656925647,-1.0725587476044893,-0.000190619570971709,1.2865855739181032e-06,0.0015659729249813373,-0.01010135002746625,0.005685154626180217,0.006277066753272977,10.024857133803176,10.012092497356578,-1.0108580585084668,0.014869245673830302,0.04895873337093589,0.00835629288545561,9.982153814285994,9.973110493272543,-1.0068414509296417,0.0033312789164483547,0.0036989604122936726,0.004499799571931362
56.30842900276184,9.974860776196014,10.026757583023485,-1.0888169361278415,-0.00019025761829313478,1.457657922758327e-06,0.00156424105127833,-0.010083583694162127,0.005692047681099341,0.006276884823698329,10.02596503272017,10.013232862808543,-1.0105692948157174,0.015306879047357261,0.050530158505595786,0.007654817704985126,9.982007902115583,9.973560627549887,-1.0064606964588165,0.003395326202735305,0.005038175731897354,0.004036286845803261
56.37242913246155,9.977234941669224,10.021129278364782,-1.0762230241671205,-0.00018952187725420955,1.7984260253717055e-06,0.001560795568407596,-0.010047677649668543,0.005705770600372775,0.006277063215012513,10.027586994043721,10.013525372764533,-1.0105257413136042,0.016136282424809315,0.05155397165328039,0.006657212607089597,9.981991689652205,9.974481876939535,-1.0059320032596588,0.003820047713816166,0.006932351738214493,0.0031032972037792206
56.412429094314575,9.979854003028503,10.025540576626327,-1.066267877817154,-0.00018917288337153267,2.0785423406243026e-06,0.0015593399839437796,-0.010030855310177804,0.005717194967096329,0.006277434429798627,10.029169554181488,10.014792799975586,-1.0104719312642345,0.016868839161838144,0.05290918045624678,0.0058683393825707504,9.982084196060896,9.975129421800375,-1.0056642591953278,0.004143804311752319,0.008069660514593124,0.0026564740110188723
56.46842908859253,9.975889486726338,10.039443419397497,-1.0957523379474878,-0.00018844530487172195,2.635555960106361e-06,0.0015563283070423426,-0.009995862265573202,0.0057398855716422215,0.006278260990755752,10.031526578879157,10.014834896327613,-1.0108216034959834,0.018114813238691404,0.05355115571822955,0.005203134502287171,9.982450406998396,9.976103123277426,-1.005290538072586,0.004897626116871834,0.00966300256550312,0.0019626591820269823
56.50842905044556,9.989042337125214,10.036955539846296,-1.0718580661341548,-0.00018822491927940357,2.8034812103488113e-06,0.0015553985935453222,-0.009985179119610542,0.005746720344682484,0.006277922856667918,10.032919206552037,10.01691437578731,-1.0105716481554057,0.018899047185472927,0.05492905041264708,0.004554230758117661,9.982888143509626,9.976860340684652,-1.0050788223743439,0.005690821912139654,0.010538441129028797,0.0015614980366081
56.572428941726685,9.979764744885436,10.038845344325063,-1.053817386738956,-0.00018779274333127912,2.9711314107630874e-06,0.0015534257246144862,-0.009964257357386796,0.005753406677071211,0.006278193829680039,10.034110814568246,10.018381811088673,-1.010639365826875,0.01930334513920856,0.05582570699501087,0.0037411470577044283,9.983859937638044,9.978254612535238,-1.0048843920230865,0.006825087126344442,0.01198803074657917,0.0006350427283905447
56.61242914199829,9.99171523413638,10.027093411050688,-1.048098111525178,-0.0001875728338873401,2.982621128722874e-06,0.001552327603178834,-0.009953553088676174,0.0057537546299860345,0.006278367026657747,10.034908248420077,10.020334403545435,-1.0106041820527254,0.019594309579613264,0.05677631896482311,0.003379584558813142,9.984539907425642,9.979284580796957,-1.0048352777957916,0.007476239465177059,0.012844337150454521,0.0003319724928587675
56.668429136276245,10.008271462664466,10.027406638391952,-1.0304796835407615,-0.0001870025437612141,2.9139853641234574e-06,0.0015493877516201805,-0.009925859472911058,0.005750578711868286,0.006279360503560637,10.035379886361898,10.021352275624114,-1.0108872000940239,0.019658496985828295,0.05723925806223852,0.0030229539751374197,9.985513608902693,9.980864819139242,-1.0047794878482819,0.008368671871721745,0.013925621286034584,6.334913632599637e-05
56.70842909812927,10.012163677819812,10.031370569795774,-1.0319177154451609,-0.00018678953949385094,2.7350940362317866e-06,0.0015480827308359598,-0.009915367349716616,0.005743049869627332,0.00628000322893868,10.035554057970753,10.023431397162565,-1.0110104977281587,0.019578619995413375,0.058021518869234706,0.0027187686684700943,9.986260335892439,9.98201971873641,-1.0047356188297272,0.009044690988957882,0.014566096477210522,-0.00010574992484180257
56.7724289894104,10.017166650133733,10.034501156998592,-1.0266150953248143,-0.000186329001725236,2.4043805064416824e-06,0.001545299403693171,-0.009892637762215687,0.005729092402373295,0.006280619146742045,10.035115894325237,10.024969804543563,-1.011135386958736,0.01885366652210698,0.05820935225824498,0.002661207032912419,9.98736945912242,9.983969982713461,-1.00470831990242,0.009467567317187786,0.015430168248713017,-0.00025452152476646006
56.81242895126343,10.01905292979071,10.037376987620526,-1.0254611801356077,-0.00018613068544262433,2.205761149039654e-06,0.0015440423646284542,-0.009882845882145498,0.005720766837540087,0.006281211769514867,10.03518968792702,10.02715000101443,-1.0112418939498775,0.0183101106971379,0.058684962739961856,0.0026340165820641,9.987972181290388,9.985293682664633,-1.0047554075717926,0.00948344636708498,0.01590822823345661,-0.0002853881160262972
56.86842894554138,10.019987462760781,10.038739903149091,-1.0344594400376081,-0.00018570677893106402,1.939067647515388e-06,0.0015415260485427684,-0.009861984823421968,0.005709498756250131,0.006281873711875035,10.034877047314122,10.02860409027531,-1.0114401056970694,0.017504693947735926,0.05861077614208489,0.0023641140184797486,9.988747518509626,9.987169560045004,-1.004824548959732,0.009366918355226517,0.01637655682861805,-0.0004456496681086719
56.90842914581299,10.018287635804494,10.0376352672827,-1.0457666357979178,-0.0001855410259641335,1.7628017741049255e-06,0.0015404345998280536,-0.009853686940026677,0.005702138227943358,0.006281793406732253,10.035035793797777,10.031130111819886,-1.0113486090195332,0.01671483366393506,0.05881011975855717,0.002477952596769976,9.989240568131208,9.988559063524008,-1.0049119293689728,0.009099729359149933,0.016584545373916626,-0.0005021881079301238
56.972429037094116,10.001476345113446,10.037514925851038,-1.0455770753324032,-0.00018512318089192778,1.61052092257907e-06,0.0015380330471887502,-0.00983311089128143,0.00569560470532005,0.006282197581153089,10.034957113007783,10.032525761393847,-1.0115102775671927,0.01588620048497481,0.058421097977977225,0.0025658523415692546,9.989942472428083,9.990839298814535,-1.0050108730793,0.008362332358956337,0.01680479571223259,-0.0004293268430046737
57.012428998947144,10.003327777248504,10.049474584545855,-1.0093658985570073,-0.0001848989748358934,1.5380670838927012e-06,0.0015367418581231627,-0.009822049699165586,0.005692466310439178,0.006282121319815508,10.035289989558338,10.034595312051197,-1.0113747858727706,0.015199478046508032,0.05818130439355663,0.0025285956803778654,9.990287702530622,9.992305096238852,-1.0050963461399078,0.007929706014692783,0.01680992916226387,-0.00046562962234020233
57.0684289932251,10.004389420858205,10.040602364401748,-1.0213552536442876,-0.00018427811836894845,1.2126522010672362e-06,0.0015330340615170499,-0.009791315713214812,0.0056786889911889515,0.006281618177639957,10.034536239353017,10.03553630932074,-1.011139603564445,0.013826044843838241,0.05721314535004775,0.002559359254874569,9.990693014115095,9.994307812303305,-1.005121260881424,0.007107860408723354,0.01671273447573185,-0.000432428001658991
57.108628034591675,10.006237837410332,10.03825077348621,-1.0256008617579937,-0.00018400886299579943,1.1314383831675163e-06,0.0015315017672767044,-0.009778137722463989,0.005675170850241805,0.006282222104430605,10.034736570123986,10.037336305646843,-1.0112630811342327,0.013045190391119054,0.0565868389824273,0.002624574320907248,9.990877073258162,9.995703991502523,-1.005099207162857,0.006412419956177473,0.016405867412686348,-0.00034188461722806096
57.168627977371216,10.007371865618724,10.04722537235344,-1.031755844131112,-0.00018348931592570937,1.14826445733291e-06,0.0015285946991170421,-0.009752624095765883,0.0056754569773245,0.006283307120532546,10.03512264415246,10.038219655819463,-1.0116394151222514,0.012282312572511226,0.05520818455838134,0.0027075020529464863,9.991017263382673,9.997541721910238,-1.0051720440387726,0.00545410206541419,0.015590455383062363,-0.00020718695304822177
57.20862793922424,10.004756754079022,10.0416740158142,-1.0312413685023785,-0.00018314382733009148,1.1413959788031577e-06,0.001526645613576502,-0.009735701091914843,0.005674902036441041,0.006284374379002185,10.035539789589045,10.039845755126581,-1.011919620049151,0.011369057439989816,0.05413260259646446,0.0027559581011742623,9.991109769791365,9.998747166246176,-1.0052265226840973,0.004623087123036385,0.014859030954539776,-8.52168959681876e-05
57.27262806892395,10.0139941317099,10.041400898081772,-1.0574012361466885,-0.0001826023546176714,1.0685185808520557e-06,0.001523462620645131,-0.009708919352588358,0.005671517276803304,0.0062850134050604035,10.035514948832043,10.040493180690076,-1.012201120755764,0.010407705696116935,0.05262974267402687,0.00254696706514119,9.991242330521345,10.000582989305258,-1.0051597654819489,0.003545024199411273,0.013628572225570679,-0.0001741489686537534
57.31262803077698,10.021556869998511,10.050540753795556,-1.0659179473295808,-0.00018161185469613692,8.719802873659839e-07,0.0015176321173074134,-0.009660055614250365,0.005662744198577758,0.006286125188699748,10.034998733381256,10.039757185358972,-1.0126984895330673,0.00933594352826679,0.05019915517300697,0.0025713665400180713,9.991287153214216,10.001643475145102,-1.0051391422748566,0.003004683880135417,0.0127155352383852,-0.00025964147062040865
57.36862802505493,10.008385118457635,10.045304860272196,-1.0549488915130496,-0.00018115209924418794,6.817208445691416e-07,0.0015149644788976348,-0.009637524214316052,0.00565467986811273,0.0062865310181127254,10.034537695466382,10.040554211079877,-1.0128100272648213,0.008243398588348107,0.04866833928119449,0.0025017587310327645,9.99134723469615,10.002869900316,-1.0051620304584503,0.0021185814402997494,0.011116675101220608,-0.00020539923571050167
57.40862798690796,10.00242714766264,10.050574545459721,-1.042112944938708,-0.00018069801432281702,5.110433180643349e-07,0.001512238855643042,-0.009614966715499816,0.0056474158866785095,0.0062856191523086085,10.034047045866458,10.041509224413982,-1.0124896636755383,0.007496036453559003,0.04698206058797088,0.0025913225393673334,9.991337697952986,10.003522213548422,-1.00523641705513,0.00164298084564507,0.009823908098042011,-0.00024199674953706563
57.472628116607666,10.009580551685676,10.04493071256842,-1.0432870241056662,-0.00018051290198319877,4.602492470838522e-07,0.0015110965462585516,-0.009605667475582795,0.005645219157461059,0.006284877095223747,10.03408685093001,10.043097097227355,-1.012170297645341,0.006777104852646866,0.045696492857248305,0.002644320474120026,9.991168897598982,10.004366215318441,-1.005380779504776,0.0007686792523600161,0.007721329107880592,-0.0002264453942188993
57.51262807846069,10.013014649297972,10.035356238012124,-1.0536633729934692,-0.00018010517911242255,1.0917908073143376e-07,0.0015090022859207764,-0.009586209445626253,0.005630843676225521,0.006284375257955525,10.0329030629232,10.04400017028287,-1.0119808631873732,0.005579328807678081,0.044038762309436874,0.002838360456315259,9.991025846451521,10.004872616380453,-1.0054190456867218,0.00016091990983113647,0.006459575612097979,-0.00012369047908578068
57.56862807273865,10.00659807792917,10.035895863212723,-1.0356115368194878,-0.00017990517485765104,-4.3225043244704366e-08,0.0015080115455985987,-0.009576779699622125,0.005624591658595005,0.00628480782936787,10.03248882977748,10.045540341762111,-1.0120248783517414,0.004844772315625371,0.042774520695300446,0.0030034339782449154,9.99078456684947,10.005500134080648,-1.0054132044315338,-0.0005441608373075724,0.004675334319472313,9.794883953873068e-05
57.608628034591675,10.007227749891937,10.03598681121954,-1.0232297917827964,-0.0001798346364951424,-1.8447205300378573e-07,0.0015078562090205308,-0.00957389213225954,0.005618909824819953,0.006285503735600928,10.032058318803848,10.04696734540136,-1.0121624586156897,0.004243681891449397,0.0418529739863146,0.0028947457614065253,9.990517538040876,10.005901630967855,-1.005424052476883,-0.0010426405351608992,0.00350041757337749,0.00017026063869707286
57.6726279258728,10.007129257586966,10.023409288196508,-1.047122766263783,-0.00017951129978076104,-6.30483542815598e-07,0.0015067344890666186,-0.009559579420232849,0.00560094648128637,0.006286048416513877,10.030362254570779,10.047879626508013,-1.0123153809877399,0.0030689121903543317,0.04039266919633774,0.002778257563216083,9.989965360611677,10.006496723741293,-1.0055235922336578,-0.0019820439629256725,0.0016816181596368551,-3.432310222706292e-07
57.71262812614441,10.015022323141286,10.027562680628812,-1.0478405947797,-0.00017895653479471998,-1.274849195215321e-06,0.001504614023575329,-0.009534409625417833,0.00557499443562442,0.006284532134362576,10.027869159733854,10.047909669188833,-1.0117480830188805,0.0017485641483787257,0.03876929551913476,0.0027991805459977427,9.989504735916853,10.006831463426352,-1.0055657923221588,-0.0024632385466247797,0.0007029044209048152,3.0083585897955345e-06
57.76862812042236,10.02214819582567,10.027949230966504,-1.0420969997067004,-0.0001787766500804994,-1.6138939369588383e-06,0.0015042353814343967,-0.009526746822811839,0.005561482569772335,0.0062828827370841585,10.026632101436364,10.0490857787086,-1.0110862529576683,0.0010773991915355523,0.03774644138542019,0.0027690899839413045,9.98868266865611,10.007127102464437,-1.005480319261551,-0.003194214543327689,-0.0005981310387142003,-1.9986149709438905e-05
57.80862808227539,10.012339792389332,10.045508126108224,-1.0568180242553353,-0.00017827165232111843,-2.177207318049766e-06,0.0015024408712248805,-0.00950399857624737,0.005538887120934471,0.006280888150711915,10.024425525240181,10.049077538630547,-1.0103979157649474,5.939305526144297e-05,0.03615323883224673,0.0028436741466399424,9.987973134964705,10.007239636033773,-1.0053371489048004,-0.0036523048765957355,-0.0016136023914441466,0.00012696461635641754
57.87262797355652,10.014451510208824,10.040852846393898,-1.0578235490247607,-0.0001780481488363282,-2.3688230519571967e-06,0.001501518766190102,-0.009493667021958882,0.005531178078822945,0.006279938131858924,10.023628260595151,10.05012674293606,-1.009997875737077,-0.000429763936926159,0.03502331793090992,0.002852484047844673,9.986699979752302,10.007317837327719,-1.0050154030323029,-0.004762716591358185,-0.003158888313919306,0.00023391307331621647
57.912627935409546,10.01942089455833,10.03288430470453,-1.0461251336382702,-0.00017764450706934717,-2.430359998956015e-06,0.0014990568811539017,-0.009473531534068668,0.005528435991384317,0.0062786846284410445,10.023220739920395,10.050395596128405,-1.009568838380085,-0.0004580755728383382,0.033793171851974696,0.0029988856907952528,9.985846441239119,10.0073283277452,-1.0048547089099884,-0.005286077968776226,-0.003913314547389746,0.0003914817643817514
57.95262813568115,10.019094441439737,10.027100294186578,-1.0568229425698519,-0.00017745593425579884,-2.431969337841897e-06,0.001497864963150825,-0.009464090023842818,0.005528227410876944,0.0062786012032483695,10.02313931241139,10.051122127138175,-1.0095019837188175,-0.00036467220747101814,0.033009365135790183,0.0027085814134593916,9.985014837235212,10.007315929979086,-1.0046631395816803,-0.005713669117540121,-0.004702466540038586,0.00048320041969418526
58.008628129959106,10.021254781290716,10.037007900587067,-1.084041751921177,-0.00017684427137315935,-2.319979702107239e-06,0.0014935438719167265,-0.00943251327555861,0.005532116351157392,0.00627691647131687,10.023381681770337,10.050649065852895,-1.009042070483779,2.5559315748207503e-07,0.03145353182146552,0.002457506824920739,9.984030645340681,10.007244404405355,-1.0044170916080475,-0.00621627876535058,-0.005742962006479502,0.0002774531312752515
58.072628021240234,10.015963180773216,10.034703977692512,-1.0767644895240664,-0.00017664873722556595,-2.193128886236004e-06,0.0014918265298088933,-0.009421767949652611,0.005536916538762989,0.006276142682986116,10.02379023121718,10.05138547271857,-1.0087951271845614,0.000541527952663922,0.030721080103677884,0.0020130041548070098,9.983209531754255,10.00700980052352,-1.0042896568775177,-0.006173212546855211,-0.006805173587054014,-3.5987584851682186e-05
58.11284303665161,10.014039661778774,10.045672801917075,-1.064486880786717,-0.00017611790764723674,-1.920495664967884e-06,0.001487374014277881,-0.009392914571208612,0.0055471355461423075,0.006272932289351165,10.024650400706648,10.050966285810242,-1.0078293737976003,0.00156761304295403,0.02942150460243782,0.0018679514457288337,9.982861440628767,10.006800945848227,-1.00423863530159,-0.005918607115745544,-0.007506361696869135,-0.00024864348233677447
58.168843030929565,10.011232535966105,10.051337602826392,-1.0682039577513933,-0.00017607820903367267,-1.928886734255638e-06,0.0014870634617514566,-0.009390669716170407,0.005546802135967838,0.006271470648754932,10.02466521115109,10.052346447853727,-1.007327618037477,0.0023038518982367623,0.029034908079803256,0.0014960516694757728,9.982649724930525,10.006445225328207,-1.0042079985141754,-0.0050918934866786,-0.008376285433769226,-0.00035466966801322997
58.20884299278259,10.02984577748932,10.054340410594659,-1.0810372438281775,-0.00017599253084813425,-1.7751289844867674e-06,0.0014858389720533308,-0.009384962568020745,0.005552742161757251,0.0062698865801358306,10.025353915514781,10.053400980115777,-1.0069452714114868,0.0032655454620173063,0.02868548611536628,0.001294696141863925,9.982638280838728,10.00621634349227,-1.0041138231754303,-0.004350760020315647,-0.008864924311637878,-0.0005119606503285468
58.2728431224823,10.039637489136636,10.07018122827111,-1.0744662079960108,-0.0001759944919964264,-1.6362075055575977e-06,0.0014852864951756671,-0.009384015050418191,0.005558128879229316,0.006269850735987567,10.026086589967713,10.05482014761372,-1.0069861306361763,0.004141825919787956,0.028550766378035806,0.0012265176853946938,9.982833784073591,10.006073292344809,-1.003850132226944,-0.003258634591475129,-0.009297026321291924,-0.00027117173885926604
58.31284308433533,10.039733045067232,10.067095976895173,-1.049379127798602,-0.0001759312307072929,-1.5521642803245425e-06,0.0014846109105582583,-0.009380390661815115,0.005561342908395346,0.006270301642892565,10.02667329672786,10.05591513973578,-1.0072526530355306,0.004936316337607104,0.028270272537974775,0.0008876303268673417,9.983178060501814,10.006157215684652,-1.0036850273609161,-0.0023791873827576637,-0.009494655765593052,-0.0003413616504985839
58.36884307861328,10.021886701503519,10.07101052777743,-1.050189874600619,-0.00017573744364778848,-1.608300615775819e-06,0.001483791093702562,-0.009371508698492483,0.005559042063869563,0.0062708650981710395,10.026702511145238,10.056838227483498,-1.0074975764957863,0.0057487615768011605,0.02801073488810318,0.0001693510858710412,9.983904760330915,10.006462391465902,-1.0037948191165924,-0.0009937821887433529,-0.00941479578614235,-0.0008494046051055193
58.40884304046631,10.02909457555412,10.083506815847255,-1.0483781269285828,-0.0001755712000322588,-1.68058639477389e-06,0.0014831790781077829,-0.009364028806909399,0.00555614036769641,0.006271160727107175,10.026663525495074,10.057715313292588,-1.0077490215502318,0.0063863340669556845,0.027724404027122555,-0.0001376539809161038,9.984513204544783,10.006812389940023,-1.0039311945438385,-4.341282328823581e-05,-0.00925393495708704,-0.0011584098683670163
58.47284293174744,10.036482126437665,10.089506284269007,-1.0449658962897956,-0.00017539253776624583,-1.6562719068395353e-06,0.0014821247480803733,-0.009355256403998154,0.005556965849526972,0.006271138940629944,10.027097086677431,10.058595186241815,-1.0078212019915544,0.007247532156564429,0.02748044054711399,-0.00012251549010316404,9.985503118485212,10.007513340562582,-1.0041917860507965,0.0015545552596449852,-0.008984766900539398,-0.0010797180002555251
58.51284313201904,10.02812869438304,10.086264968327075,-1.0480009232414886,-0.00017489062452815375,-1.8703158495880006e-06,0.00148040599459223,-0.00933286175674985,0.005548450437199095,0.006271071003551042,10.026576723566487,10.058271586267553,-1.0079723111432681,0.007414924979171647,0.026681706247378114,-0.00014519856075935098,9.986186902970076,10.008074101060629,-1.0043714344501495,0.0022876851726323366,-0.008814306929707527,-0.001059452653862536
58.568843126297,10.023917178924718,10.083616497397964,-1.0533740972168744,-0.00017461042917269853,-1.978491636721247e-06,0.001479421215293008,-0.009320298807136133,0.005544148630142892,0.0062708930132073775,10.026499371729914,10.05871180866532,-1.007995018078926,0.007760940352152549,0.026246407695549017,6.711124582908413e-05,9.987192075699568,10.008914288133383,-1.0045887529850006,0.0033531575463712215,-0.008628111332654953,-0.000890251889359206
58.608843088150024,10.016711176176283,10.075603506924603,-1.0299683324992657,-0.00017391057075257955,-2.1893375694660457e-06,0.0014767995629333223,-0.00928871828156605,0.005535695373245298,0.006271267825701295,10.025885561430295,10.057615114287511,-1.0082509937655078,0.007687463761209318,0.024964922516584557,0.0002217694779665197,9.987850110977888,10.009469326585531,-1.0046569406986237,0.003741370514035225,-0.008619200438261032,-0.0005841737729497254
58.67284297943115,10.007748353085669,10.080810259606448,-1.0563640920445323,-0.0001735210259243881,-2.2964797410288635e-06,0.00147529928120317,-0.009271056759521435,0.005531392210212006,0.006271360797307533,10.02570577680622,10.05745342475972,-1.0083699199228082,0.007596067370188589,0.02419531524426727,3.834380672930163e-05,9.988764684647322,10.010219868272543,-1.0047203600406647,0.004251365549862385,-0.008824272081255913,-0.0006586526869796216
58.71284294128418,10.04071199211418,10.068285724100601,-1.0765827391296625,-0.000172845731873937,-2.2677774379350396e-06,0.0014717126607833846,-0.009238607183756053,0.0055321889552186025,0.006270710956324729,10.026076501647745,10.056307114933153,-1.008400215747274,0.007557636994596335,0.023127903165773102,1.798398142028789e-05,9.98923198506236,10.01055746898055,-1.0048024952411652,0.004327461123466492,-0.00896541029214859,-0.0007647247985005379
58.768842935562134,10.022572108709111,10.065773780104639,-1.0873184883967042,-0.00017252877777919565,-2.208254300119451e-06,0.0014697555325148789,-0.009222800555569332,0.005534340063114801,0.006269516201060007,10.026573952603503,10.056271387932735,-1.008120294661493,0.007557670054947054,0.022518706533216765,0.0001939576995788104,9.989857595413923,10.010864552110434,-1.0049737989902496,0.004303532186895609,-0.009395038709044456,-0.0005297639290802181
58.80884313583374,10.022336289982269,10.071388872038018,-1.100156663917005,-0.00017193090627724942,-2.0758438446151855e-06,0.0014660467446571742,-0.00919313740300487,0.005539132256019433,0.006269073581642811,10.027248475282887,10.055312716034503,-1.0082979281322517,0.007427721015194539,0.021491120291865885,4.06227271384164e-05,9.9903678111732,10.0109847150743,-1.0050186216831207,0.004213602282106876,-0.009722046554088593,-0.0006106209475547075
58.87284302711487,10.021672197658015,10.067066957783458,-1.102460022084415,-0.0001714305807692317,-2.0033642709675322e-06,0.0014631400990111395,-0.009168737989478357,0.00554166181029213,0.006269086201136706,10.027734711138121,10.054521621898472,-1.0084869442001654,0.007243972229194936,0.020451493457696018,4.9878706470331345e-05,9.99119083210826,10.011057194322348,-1.005190759897232,0.004055998288094997,-0.010525339283049107,-0.0005698460154235363
58.912842988967896,9.993274981466211,10.074611116737906,-1.0959130842238665,-0.00017027456810405286,-1.5373394336886724e-06,0.0014550145399307708,-0.009109989215799644,0.005558815756191443,0.006270173717998142,10.029409741225678,10.051390482151092,-1.0092663113705596,0.007632447035903287,0.01832945208128023,-4.014252312067634e-05,9.991716306656599,10.010940846055746,-1.0054167807102203,0.004049765877425671,-0.011149704456329346,-0.0005196693819016218
58.96884298324585,9.997379095071297,10.074622182624958,-1.0857604667544365,-0.00016978674916609256,-1.3615322538451805e-06,0.0014516005663170778,-0.009085168160787875,0.005565254381353503,0.00626990976926398,10.030186361231713,10.050444579079373,-1.0093331986682683,0.007603556907895336,0.01723871204932097,0.00035842720879289517,9.992518346756697,10.010457333177328,-1.0059897005558014,0.0040707942098379135,-0.012408130802214146,-0.00021581200417131186
59.01684308052063,9.998229877721913,10.083394257079478,-1.1110086934641004,-0.00016910221672637748,-1.129595399684144e-06,0.0014467378702368967,-0.009050105604483388,0.00557372987178083,0.006268447968156149,10.031127832915933,10.049032390862683,-1.009132570826092,0.007434022349990456,0.015908223753772543,0.0007630906950920949,9.993234556168318,10.009784992784262,-1.0065217316150665,0.004054376855492592,-0.013525078073143959,1.4160863429424353e-05
59.072843074798584,9.997858639943551,10.078348061801645,-1.121611749753356,-0.00016878865845081184,-1.0827092913118953e-06,0.0014447339370058962,-0.009034390679903042,0.005575364793552563,0.006267254656886325,10.031472820753793,10.048717231971702,-1.008855910031116,0.007100623595021036,0.015162942416571751,0.0013220163313687533,9.994048994034529,10.008907612413168,-1.007030874490738,0.004072378855198622,-0.014945676550269127,0.0006030392250977457
59.11305809020996,9.99247237034841,10.075547463677317,-1.124639400281012,-0.0001679499933752764,-9.815567150269296e-07,0.0014397117850104512,-0.008993406457883418,0.005578734554017505,0.006268086806725369,10.031773054940789,10.046551084831805,-1.0095093202517482,0.006516455001295293,0.013826561227422119,0.0017117891113490828,9.994567792862654,10.008273418992758,-1.0073606073856354,0.0038911185692995787,-0.015685707330703735,0.0008680776227265596
59.169058084487915,9.992757789898198,10.085656342018131,-1.107501044869423,-0.00016726525973878543,-8.280960890532797e-07,0.0014351205735386302,-0.008959017883596775,0.005584151775955871,0.006267906037689817,10.032261038925824,10.044899642067557,-1.0097317370734482,0.006187582490891611,0.012820080907120376,0.00211972133548328,9.995164792984724,10.00727778300643,-1.0079176723957062,0.003638841677457094,-0.016701912507414818,0.001408205134794116
59.20905804634094,9.999279408080094,10.089575981061955,-1.1199986701831222,-0.00016699299776647087,-7.234991564494164e-07,0.0014330593560216132,-0.008944956999561778,0.005587941895608695,0.006268061043084659,10.032794415223536,10.044696811856216,-1.009861171491887,0.005725084429510026,0.012653943259803459,0.0028039659415749763,9.995527189224958,10.006499584764242,-1.0083920061588287,0.003394045867025852,-0.017378708347678185,0.0018173997523263097
59.24905800819397,10.001993990716224,10.086385517563754,-1.1121377889066935,-0.00016670948994268554,-7.286655139126809e-07,0.0014314108654670534,-0.008931117217958383,0.005587584198369071,0.0062673856862488315,10.032846275198706,10.044336399621967,-1.0096649874197952,0.005051699147763644,0.012443681971908073,0.003217936306914731,9.995841901749372,10.00575190410018,-1.008926898241043,0.0030662373173981905,-0.017992444336414337,0.0022915194276720285
59.31305813789368,10.016404488421626,10.087209917985858,-1.11017753649503,-0.00016612374402907049,-6.632913211561584e-07,0.0014276529825277987,-0.00890201355572467,0.005589700688421987,0.006266757901394508,10.033103370588403,10.04311451783854,-1.0095918309470884,0.004335433773819643,0.011921861854014745,0.003925715599670643,9.99626437947154,10.004694279283285,-1.0098152458667755,0.002552456222474575,-0.018702752888202667,0.0029205537866801023
59.36905813217163,10.004231105583074,10.093869731914872,-1.1018369710072875,-0.00016580942568438864,-6.185815094566412e-07,0.0014255865098100895,-0.008886372501858506,0.005591174902623515,0.006266928430054635,10.0332973962497,10.0426828068481,-1.0096199987350531,0.003637366943710554,0.012021351433229344,0.0045696082440582105,9.996554296463728,10.003845509141684,-1.0105021297931671,0.0018390523036941886,-0.019043918699026108,0.003572753630578518
59.40905809402466,9.999387708101791,10.084229378607587,-1.0945284236222506,-0.0001652999209851455,-4.851940867569637e-07,0.0014218598840892542,-0.008860327314229173,0.0055958600449917024,0.006266866456370685,10.033636762000633,10.041631547621902,-1.009683336671107,0.0031578865060985345,0.011728105766857283,0.00519628959474123,9.99673930928111,10.003287609666586,-1.0109114944934845,0.0014863185351714492,-0.01917116530239582,0.004062857944518328
59.473057985305786,10.006069374246009,10.087483654931606,-1.0952195599675179,-0.00016502581722452445,-4.1243434315622816e-07,0.0014198386303935658,-0.008846305856434996,0.005598412270954001,0.0062668848189305956,10.033902831934299,10.041375772308054,-1.0095544090101458,0.002382919100104264,0.012064245748795627,0.006013562977566601,9.996954839676619,10.002511318773031,-1.0115350782871246,0.0006608563708141446,-0.019231872633099556,0.005031253676861525
59.51305794715881,10.010407856778452,10.075484767188192,-1.0725424317643046,-0.00016453279418720363,-6.541732641418324e-07,0.001417853382414247,-0.008823948231504867,0.0055889168471430035,0.006266422110520946,10.032773552423196,10.040442475543797,-1.0092791908820509,0.0011596852110270159,0.01221385490173849,0.006474995788609266,9.997052114456892,10.002096470445395,-1.0118545591831207,0.00023638812126591802,-0.01909300684928894,0.005425634793937206
59.55305814743042,10.012188689336234,10.071503114614641,-1.0533785342704505,-0.00016424030247984693,-6.747575763779857e-07,0.001416117809233252,-0.008809770361470421,0.005587911349729304,0.006266570927186361,10.03259728102478,10.040058879857996,-1.009104053589122,0.00044271573720215484,0.012784692192168542,0.006776096352905025,9.996992986649275,10.001764591783285,-1.012119084596634,-0.0003954599378630519,-0.01877797767519951,0.005606275983154774
59.609058141708374,10.011340395390201,10.081723926747555,-1.0476276830304414,-0.00016368740908595785,-5.871385729533081e-07,0.0014121335293024615,-0.008781603844700295,0.005590806367756337,0.006265377591158946,10.032686181075615,10.03887208875636,-1.0085129410269629,-7.308674278806602e-05,0.012851202606339407,0.00738966959643613,9.996808927506208,10.001316364854574,-1.0123720467090607,-0.0011734316358342767,-0.01820526272058487,0.006160553079098463
59.6730580329895,10.013250799710647,10.092076402624091,-1.0333786681294441,-0.00016340876156406873,-6.45845050298157e-07,0.0014105091954367637,-0.008768091235493712,0.005588335005463638,0.006264743231491239,10.032258138689627,10.038856688734356,-1.0079834407945147,-0.0008363310660363948,0.013542612361032411,0.007751415692813648,9.996584814041853,10.000861462205648,-1.0124686062335968,-0.0019951832946389914,-0.017546379938721657,0.006724291946738958
59.71305799484253,10.017091472018954,10.091376521102651,-1.0259009255096316,-0.00016331492006492162,-6.440173836246277e-07,0.0014098760029184428,-0.008763421625785285,0.0055883026753392115,0.006264794112500797,10.032130299728756,10.039395581520852,-1.0076293652232688,-0.0015018461297362363,0.014324763027012886,0.007998229588671142,9.99643985554576,10.000680264085531,-1.012426644563675,-0.0026355853769928217,-0.01725272834300995,0.006924200337380171
59.76905798912048,10.041942700024574,10.089281368536009,-1.0231892485171556,-0.00016315575123671268,-2.439707342290239e-07,0.0014072776132658693,-0.008752894206027094,0.005603265514636902,0.0062654459554808304,10.033525713089542,10.0397679998179,-1.0075651035957505,-0.0014264001746878614,0.015202422527016632,0.00818304386011078,9.996157567948103,10.000691708177328,-1.012251764535904,-0.003337341593578458,-0.016265839338302612,0.007273332215845585
59.80905795097351,10.032740867941028,10.087555246099544,-1.0229432936757803,-0.00016312074178844214,-4.465169292790674e-08,0.0014062765491260265,-0.00874981399763438,0.005610765690235993,0.006265481694027373,10.03419121137068,10.040580281459556,-1.0071906998454423,-0.0015785095757953702,0.01620164230763483,0.008307884841791692,9.996007841080427,10.000864323228598,-1.0120212137699127,-0.0037994992453604937,-0.015597142279148102,0.00746124517172575
59.87305808067322,10.04084065368565,10.071647651344598,-1.0203599752858281,-0.0001630098884321557,1.3234684659373662e-07,0.001404790625836059,-0.008742890346559996,0.00561737720980655,0.006264376013787475,10.034756637803033,10.041244820185584,-1.0064305349545457,-0.001670813746685777,0.017011452359227013,0.008285835434782153,9.996140401810408,10.001412685960531,-1.011349231004715,-0.0039209951646625996,-0.014395435340702534,0.007567661348730326
59.913058042526245,10.041672636326624,10.070837162933895,-1.0207484904676676,-0.0001629441906022728,3.4152412624215866e-07,0.0014035102881407146,-0.00873802256360314,0.005625268489464244,0.0062631340335856395,10.03547296880075,10.04190806643382,-1.0056233447035083,-0.00175382147272398,0.01778125774407112,0.008345698041807764,9.996320646256208,10.00187998637557,-1.0108018219470978,-0.004044037777930498,-0.013623570092022419,0.0076177422888576984
59.9690580368042,10.030640163647103,10.074764499526784,-1.0197621453553438,-0.00016281486766664215,5.469680963496934e-07,0.00140168764553049,-0.00872958849579756,0.005632995336155115,0.006259919588873911,10.036126948257248,10.042475901387983,-1.0041260808747074,-0.0018232282770226395,0.018450687687308762,0.007850683726211194,9.996703069657087,10.002657230943441,-1.0098221600055695,-0.004042944870889187,-0.012486536055803299,0.0073717450723052025
60.00905799865723,10.030170683919387,10.073404537446475,-1.0141964927315712,-0.00016270275455764437,6.912318814478377e-07,0.0014003266078170024,-0.008722783640392685,0.005638392428530484,0.006258308250559814,10.036531870861685,10.04312550715429,-1.0031888759021954,-0.0018716532113555399,0.019229853717377746,0.007010636126925473,9.997075956314802,10.003274258226156,-1.0090587437152863,-0.003955064807087183,-0.011500325053930283,0.006776358000934124
60.073058128356934,10.008190786627145,10.088411411636754,-1.0402650646865368,-0.00016253697714422718,1.1761422066515539e-06,0.001397489187358889,-0.008711360353011996,0.0056566307990806005,0.006257081404927224,10.03813690061776,10.043632030580458,-1.0025747365111752,-0.0015665133183258536,0.019707342856838266,0.006270403706751339,9.997754018753767,10.004388149827719,-1.0076999962329865,-0.003860366065055132,-0.010192601010203362,0.006148820742964745
60.11327910423279,10.017705209624529,10.095853705198083,-1.0434755510650575,-0.00016229901869337635,1.3641255011381505e-06,0.0013951954450659588,-0.008698265027700809,0.005663536223149641,0.006256490303383449,10.038645455881257,10.04392222962446,-1.0021543609381807,-0.0016238322537939006,0.019970644528643302,0.005207939401776633,9.99825755879283,10.005142506211996,-1.0068191587924957,-0.0037420119624584913,-0.00954543799161911,0.005596967414021492
60.16927909851074,10.021024968269847,10.105090061790364,-1.041476609185338,-0.00016208620152387772,1.6357432602241995e-06,0.001392798661635938,-0.008685954598886094,0.005673595615537808,0.0062561370612416395,10.039428854001185,10.044433439192106,-1.0019656207257304,-0.001576715469580954,0.020242240331538708,0.003913110145905852,9.99902717396617,10.006252583116293,-1.0058490335941315,-0.003411978017538786,-0.008497265167534351,0.004396966192871332
60.20927906036377,10.023316391211052,10.102080232589628,-1.0327740963548422,-0.00016203262253353684,1.6258224025915641e-06,0.0013924173679286855,-0.008683228815209977,0.005673154211240742,0.006255814714579452,10.039238965796256,10.04547553572603,-1.001727186878641,-0.0018478638753715308,0.020628189271059732,0.0027024026126240422,9.999593656510115,10.007067020982504,-1.0053168833255768,-0.002979863900691271,-0.007976436987519264,0.003684655064716935
60.2732789516449,10.022513343738968,10.101192697499139,-1.023276660591364,-0.0001616626910987649,1.6614252460364863e-06,0.0013895249469224858,-0.008663900008765693,0.0056741807999412825,0.00625296312780416,10.039089300875508,10.045435965866993,-1.000703767820283,-0.0023183927576568707,0.02044282695887441,0.0017127262065627553,10.000425260514021,10.008577641099691,-1.0047214329242706,-0.002747311955317855,-0.007128641940653324,0.002364205429330468
60.313279151916504,10.019319874651716,10.089336765198777,-1.019229051657021,-0.0001614351631456382,1.6522137102905971e-06,0.001387858947231161,-0.0086522491145437,0.005673630118948338,0.006251489517611497,10.038795830337552,10.045792313130304,-1.000139600344218,-0.0029672806160757686,0.02028131287365614,0.0009289259119297806,10.000862997025251,10.009575184434652,-1.0043616592884064,-0.00277319410815835,-0.0067402212880551815,0.0019000719767063856
60.36927914619446,10.008912302326602,10.09654525855247,-1.032821349799633,-0.00016089856088886373,1.5609661009648927e-06,0.001384291676378416,-0.008625698737881054,0.005669624146009172,0.006250631190482517,10.037948040944757,10.045073891208986,-0.9999254788739715,-0.0036876245429984626,0.019564429414097372,0.0001927128227169847,10.001353185623884,10.010887440294027,-1.0037521421909332,-0.002986998064443469,-0.006379797589033842,0.001210329937748611
60.409279108047485,10.009180525132813,10.100167314094922,-1.0461114030331373,-0.00016065226887001214,1.5741362831334993e-06,0.0013825552886489478,-0.008613473183242754,0.005669828227881113,0.0062515145616056575,10.037639325790133,10.045324532439443,-1.0003580096361864,-0.004359179359302637,0.01892873922311713,-0.0009156435952147244,10.001536291092634,10.011729534715414,-1.0032903254032135,-0.003048399230465293,-0.006514825392514467,0.0006756547372788191
60.46527910232544,10.035362576422004,10.088951064928846,-1.0536674625473097,-0.0001602566298968021,1.445372493125154e-06,0.0013802471103821024,-0.008594725229817586,0.005664498417978217,0.006253076373136052,10.03675750992087,10.045034874710433,-1.0011742602095979,-0.005348305514023825,0.017954553673734462,-0.001707571503776246,10.001636426895857,10.01278429850936,-1.002808839082718,-0.0036060332786291838,-0.006855636835098267,-0.0002031105977948755
60.51327896118164,10.050190742971983,10.087510736450653,-1.066758812405169,-0.00015991714475392516,1.2474654984344963e-06,0.001378592246446502,-0.008579269650198704,0.005656639891320486,0.006254729422780515,10.035637312257107,10.04482773201071,-1.0020090692890333,-0.006625136258130611,0.01696543348475198,-0.002682413028436484,10.001591604202986,10.01358824595809,-1.0026138126850128,-0.004256919026374817,-0.007424453739076853,-0.0007906167884357274
60.569278955459595,10.031413852325961,10.089755356764531,-1.1007409738376737,-0.00015937835418945208,1.1210515510352203e-06,0.0013753342346504503,-0.008553700571566323,0.005651208201965792,0.00625821959383831,10.034681101268543,10.043876620633256,-1.0037537395817286,-0.0076916467822702676,0.015807222776285684,-0.003394873652935996,10.001406591385603,10.014360722154379,-1.0026661455631256,-0.0051148985512554646,-0.00793747790157795,-0.0015596634475514293
60.6092791557312,10.037181203484373,10.092539932654166,-1.0771910259500146,-0.00015926536349901427,9.856212258658768e-07,0.0013750815904398485,-0.00854919420991776,0.005645948696419316,0.0062597824021827725,10.033744053985554,10.044355660585115,-1.0046189920884778,-0.008696163292741935,0.015072738756054156,-0.003840894897230341,10.001206319779158,10.014725979417562,-1.002970963716507,-0.005866888910531998,-0.00875861942768097,-0.002072234870865941
60.64927911758423,10.029751121848847,10.106868373777566,-1.0626086005941033,-0.00015913359864485965,6.246993695812957e-07,0.001375568663722143,-0.008545378635189994,0.0056321791434177015,0.006262124927317261,10.031823092999952,10.0449461260825,-1.0058403556815523,-0.01013706090245229,0.014340156126741402,-0.0039649390171511934,10.000936429947615,10.015077885240316,-1.0034305155277252,-0.006526613142341375,-0.009398800320923328,-0.002403822261840105
60.713279008865356,10.029923843180347,10.100368147255741,-1.0639389362186193,-0.00015908805839932595,4.6928166614429173e-07,0.0013758608598216182,-0.008544279701699438,0.005626275798087017,0.006262945863236503,10.030697758680057,10.0456369877918,-1.0064155386611293,-0.011169249103636637,0.01390751086124559,-0.003945866581848013,10.000270765274763,10.01565008983016,-1.0043634474277496,-0.007777917664498091,-0.010315492749214172,-0.002643193118274212
60.753278970718384,10.048268427664725,10.102879746350604,-1.0387123562395573,-0.00015896532430824774,-4.248537185921206e-08,0.0013770588118569957,-0.008542019395630701,0.005606937789478212,0.006264777400971187,10.02817137348192,10.046266288674234,-1.0073847860957386,-0.012778158555040638,0.013050246744615204,-0.0034060550385303706,9.999712865799665,10.016073521226645,-1.0050925314426422,-0.008538929745554924,-0.010919883847236633,-0.0024523085448890924
60.80927896499634,10.04006928822207,10.105282977712243,-1.0583849400281906,-0.0001589412017105756,-2.8896518801656986e-07,0.0013779091110249521,-0.008542693166033613,0.005597683290683823,0.00626549319572267,10.026612766347611,10.046995958765335,-1.0078602284367908,-0.013812598832115485,0.012549426788294111,-0.0027019872211932598,9.998776357620955,10.016725834459066,-1.006114274263382,-0.009765244089066982,-0.011577669531106949,-0.0019831075333058834
60.849278926849365,10.034041651379225,10.105359045751667,-1.086976870894432,-0.00015887840988474135,-3.0760179754284635e-07,0.001377409346890003,-0.00853938733157376,0.005596924253578394,0.0062648174111894816,10.025832263165483,10.04775187866188,-1.0079675489730084,-0.014423093967510632,0.011852610684078236,-0.001808314148567169,9.997985761612654,10.01723986491561,-1.0067684948444366,-0.010700728744268417,-0.012015941552817822,-0.0015859972918406129
60.91327905654907,10.031722887341347,10.101169126696327,-1.0709309298545122,-0.00015884279545252155,-2.808491337006941e-07,0.0013770042219467622,-0.008537348867400155,0.005597868977020131,0.006264853580475226,10.02524486046333,10.04833135857718,-1.0081464464861578,-0.01477500236629503,0.01115051294108229,-0.0008492479711585115,9.996688764542341,10.018154438585043,-1.0076545774936676,-0.011803444474935532,-0.012655457481741905,-0.0005038172239437699
60.9532790184021,10.042575946980712,10.093807342271276,-1.0616000243462622,-0.00015902703466057062,-3.005266854334974e-08,0.0013772275551278714,-0.008544612474842752,0.005607369785724232,0.006264705295692777,10.025566466687538,10.049856906229898,-1.0082907452005019,-0.014586275352849851,0.010684552274139758,8.769518282140929e-05,9.995929639786482,10.018753346055746,-1.0081903040409088,-0.012436282820999622,-0.01313542015850544,5.367440462578088e-05
61.009279012680054,10.040085037287817,10.101264914963295,-1.0647851033136249,-0.00015920082681041256,7.204310845913946e-08,0.0013780582253881532,-0.00855257843713329,0.005611329435262595,0.006264889295251257,10.025359074152092,10.051152537004366,-1.008420664016518,-0.014427897086363755,0.010225424366813826,0.0008406349355335745,9.994973104447126,10.019625958055258,-1.0087850391864777,-0.01269605103880167,-0.013664069585502148,0.0008234954439103603
61.04927897453308,10.033166685365941,10.095639858713513,-1.0689422385767102,-0.00015933615592654446,-3.729002986324832e-08,0.0013795545751401905,-0.00856024224233955,0.005607428207796673,0.006265061937515515,10.024288387520349,10.052446247593245,-1.0085970993152216,-0.014515946513437772,0.009829328774429338,0.0018404665800919313,9.994485776871443,10.020347889512777,-1.0091809332370758,-0.012766054831445217,-0.013801663182675838,0.0014888286823406816
61.1135151386261,10.039415995843168,10.095385370562445,-1.0823165625333786,-0.00015929264753740974,-3.0041018150050255e-07,0.0013804958754855604,-0.008560265302519325,0.00559766437981555,0.006265363289622394,10.022600814016387,10.052893545486574,-1.0086973383215077,-0.014771535148179105,0.009099899755310333,0.0026055145798929502,9.993843000382185,10.021615322679281,-1.0097117722034454,-0.012521232478320599,-0.013989380560815334,0.0024663228541612625
61.153515100479126,10.018459304793732,10.099902313123058,-1.0730834668502212,-0.00015926356728082579,-5.381391284245258e-07,0.0013814583554359586,-0.008560907992478379,0.005588839777419552,0.006266129073845259,10.020906437786374,10.053532155072963,-1.0090021155855045,-0.015105555734865087,0.008341901290288532,0.0032412063228393906,9.993369024246931,10.022406872361898,-1.0099859535694122,-0.01262347400188446,-0.014112479984760284,0.002945536281913519
61.20951509475708,10.009181493315982,10.101183393452855,-1.0909365247935057,-0.0001592234571460947,-6.294304661213891e-07,0.0013816789930480046,-0.008559896076819815,0.005585402093696749,0.0062672479429860565,10.019785369088261,10.053914679607873,-1.0093674513533202,-0.014960602541758876,0.0075083882908651405,0.0039208394697742175,9.992606084793806,10.023476894944906,-1.010358840227127,-0.012481624260544777,-0.014314547181129456,0.003708191681653261
61.24951505661011,10.016461677000036,10.104138615313733,-1.085570702329278,-0.00015909870915888403,-5.374555897145724e-07,0.0013805259328477015,-0.008553607461307957,0.005588545749705399,0.006270637216457596,10.019326696719471,10.054077633035718,-1.0106692103427795,-0.014474325116238513,0.0064514718463653436,0.004171401565188725,9.992007177323103,10.024191197007895,-1.0106261074543,-0.01242332998663187,-0.014554967172443867,0.003981884103268385
61.313514947891235,10.021974811829722,10.096176576924865,-1.064827193506062,-0.00015902060917165646,-4.650040570926597e-07,0.001379707834231187,-0.008549460686580827,0.005591074635100531,0.0062722667062455025,10.018921015378577,10.054184447719846,-1.0111564553604724,-0.013832466348061546,0.005447378721206842,0.00481690573330058,9.991074483841658,10.025248821824789,-1.0112453997135162,-0.011927579529583454,-0.015101990662515163,0.0045287418179214
61.35351514816284,10.015387679684265,10.098611079159411,-1.0653158035129309,-0.00015886502290950869,-3.9177096107807247e-07,0.0013784528005365536,-0.008541852077628555,0.005593495702515572,0.0062755761962687276,10.018492631600003,10.054099035480888,-1.0123422313328945,-0.01349048036378533,0.004133936419841283,0.005256838884691726,9.990569990128279,10.025831516832113,-1.011722594499588,-0.01177006121724844,-0.015542903915047646,0.0048540192656219006
61.409515142440796,10.008687130078531,10.095423683156122,-1.0515455384738743,-0.00015874383597692162,-2.6407261584405554e-07,0.0013769829060939968,-0.008534901118411962,0.005598021715829198,0.006276485847041386,10.018249643517873,10.053931780009284,-1.0124726820037204,-0.012665499243309866,0.002794687681649272,0.005972750489570579,9.989931982010603,10.026532467454672,-1.0124858915805817,-0.011140928603708744,-0.01638031378388405,0.005232203286141157
61.44951510429382,9.999649442878491,10.087032169428946,-1.031063586473465,-0.00015863279178633587,5.563279605715485e-09,0.0013746685490288637,-0.008526767377961984,0.005607741347252317,0.006276346786465272,10.018562714016639,10.053827708208708,-1.0122249872043105,-0.011645086429697058,0.0016597308234534449,0.006961442065725117,9.989559095352888,10.026937779039145,-1.0129159986972809,-0.010688282549381256,-0.01689063012599945,0.005698611494153738
61.51351499557495,9.992977965642183,10.089478614029115,-1.035685408860445,-0.0001585435989534941,2.2421087579256396e-08,0.0013739455880242089,-0.008522125352517151,0.005608300012199842,0.006275812336503607,10.017938606847927,10.053649238421382,-1.0116833276201658,-0.010977110895461781,0.0002785041416088652,0.007798730004641453,9.98911277577281,10.027410801500082,-1.0132559835910797,-0.009495226666331291,-0.017974458634853363,0.006628717761486769
61.55351495742798,10.012134422987817,10.092479520099397,-1.0407623620703816,-0.00015836581160486723,1.900712906806767e-08,0.0013728371878057749,-0.008513560039139802,0.005608058720138895,0.00627570676052407,10.017357163254447,10.05318179042066,-1.0113939837773929,-0.010564251511385916,-0.0009786228647327131,0.008375122940421647,9.988845746964216,10.027596767991781,-1.0132398903369904,-0.008945229463279247,-0.018681230023503304,0.007125931326299906
61.60951495170593,10.015308855146973,10.090335683175992,-1.0375427510589361,-0.00015822927330790988,2.484802976358359e-08,0.0013719677322849885,-0.00850696646327313,0.005608188824096682,0.0062756870887409714,10.016843954861233,10.052696274001356,-1.0110210823316628,-0.01004071294839624,-0.002303346523180968,0.008876772450343635,9.988486211746931,10.0277083478868,-1.013127714395523,-0.008054620586335659,-0.019802633672952652,0.007597961463034153
61.64951515197754,9.99565412929912,10.089965963723811,-1.0588302626274526,-0.00015787688801228135,-3.4601418317088796e-08,0.001370280384572044,-0.008490951654442707,0.0056058327180682115,0.006276200344796455,10.015912119703724,10.051406979502572,-1.0108816691532858,-0.009523723866353974,-0.004030922594937581,0.00914236284794005,9.98824779316783,10.027678783982992,-1.013061672449112,-0.007371148094534874,-0.02060665749013424,0.007831905037164688
61.71351504325867,9.994042455102193,10.09143547073894,-1.0600518370047212,-0.0001577673038065717,9.24548025721814e-09,0.0013693745899862417,-0.00848535222629745,0.005607339585523871,0.006276618013015627,10.015506325370271,10.05085965919243,-1.0106434253951475,-0.008996750965000551,-0.005477154839862708,0.0094003348414969,9.98781768605113,10.027366932481527,-1.012951284646988,-0.006635530851781368,-0.02206505835056305,0.008026286028325558
61.753515005111694,10.002495378762607,10.09463080318903,-1.0606907745823264,-0.00015732109085660003,1.1828064498952968e-07,0.0013660954836744368,-0.008463055695995236,0.005611075628951196,0.006276369534749112,10.015297342761219,10.04910987962372,-1.0102757247480776,-0.008347828976606526,-0.007331066875707557,0.009611892217927347,9.987546842545271,10.027043636888266,-1.0129519999027252,-0.006124538369476795,-0.02309477888047695,0.008123142644762993
61.80951499938965,9.993424977013941,10.08986516940887,-1.0629640920087695,-0.0001570010256448032,1.8663039886360182e-07,0.0013638556331519835,-0.008447265741065135,0.005613414707034141,0.006276239577859684,10.014998453828982,10.047576163325438,-1.0098264658671592,-0.007672310395119731,-0.00903454127742209,0.009804491172730453,9.987204473465681,10.026397045701742,-1.012862354516983,-0.005263354163616896,-0.024569300934672356,0.008272653445601463
61.849514961242676,9.99246262486698,10.065045768675256,-1.03777464479208,-0.0001565183253047288,4.322253459758514e-07,0.0013595516074767621,-0.008421925774229306,0.005622051592618269,0.006276250434386364,10.0153931742579,10.045384456329911,-1.0095018408446512,-0.006851995422683404,-0.010859648474878445,0.009849488923696892,9.986984174698591,10.0257609449327,-1.0127713978290558,-0.004752453416585922,-0.02562025934457779,0.008271241560578346
61.91351509094238,9.990556392432959,10.067092242167297,-1.020750724710524,-0.00015631560664222498,4.296425937751674e-07,0.0013585470026514553,-0.008412715556719418,0.005621868884678226,0.006276842180563734,10.014911270995798,10.044065241845841,-1.009239727296211,-0.006317956128887446,-0.012260049093717126,0.009913562039079556,9.986761968582869,10.024371441453695,-1.012591153383255,-0.0038354434072971344,-0.027517782524228096,0.008332532830536366
61.95351505279541,10.00420784160545,10.0692567926046,-1.0274505093693733,-0.00015594005524556534,5.740076578763739e-07,0.0013556203269105948,-0.00839378321348086,0.005626902839412639,0.006277254934772059,10.014988283339626,10.04211004817221,-1.0089937190964975,-0.00567070970773314,-0.013626232186549276,0.009843064865160595,9.986629407852888,10.02333002910018,-1.0124546587467194,-0.003266759915277362,-0.028535688295960426,0.008328023366630077
61.99351501464844,9.995582734100175,10.067799299504362,-1.0402536960318685,-0.00015585549682175956,6.635179986999492e-07,0.0013546359524691989,-0.008389103750841152,0.005630022118783711,0.00627849988908469,10.015024830630702,10.041241678835917,-1.0090980076978122,-0.005030903429655112,-0.014224958843223813,0.009712569571417803,9.986493032425642,10.022166546434164,-1.0122559368610382,-0.0027312771417200565,-0.029478769749403,0.00810677744448185
62.04951500892639,9.992860961165807,10.076555475014624,-1.0514820439275354,-0.0001555075016451509,1.0702520392834366e-06,0.0013500780643623108,-0.008368566775634285,0.005644391500220339,0.006279904383953064,10.016183635570675,10.03929932016541,-1.0093331370824985,-0.003942896618114451,-0.015352329094320832,0.009334802885830551,9.98640052601695,10.02042418345809,-1.0120362341403961,-0.0020023498218506575,-0.030649442225694656,0.007878022268414497
62.08951497077942,9.993511094396265,10.075982522019629,-1.052150514908135,-0.0001553144636211373,1.364152576479108e-06,0.0013469766391492207,-0.008356065261921005,0.005654839046460769,0.006279455418621095,10.017036516092396,10.037835619154817,-1.0087823142925914,-0.003035880435726942,-0.015996786544616698,0.009295283000147838,9.986431997269392,10.019131001085043,-1.0119473040103912,-0.001506625791080296,-0.03137746453285217,0.007718299049884081
62.15377593040466,9.991316486943163,10.076969015153841,-1.0580542534589767,-0.00015496472071667447,1.9731329574385338e-06,0.0013409074116279228,-0.00833273057774125,0.005676462059375731,0.006279231065088542,10.019063932213857,10.035904278315577,-1.0084587488937051,-0.0015790742861811447,-0.016601952388367362,0.009166508212710017,9.98669807240367,10.016983326524496,-1.0117014944553375,-0.00037616229383274913,-0.03228066489100456,0.0074850646778941154
62.19377613067627,9.987137225633726,10.082281732785933,-1.0682182786986232,-0.00015482580970837336,2.21482195951284e-06,0.0013385195605909311,-0.00832350606858167,0.005685040806794702,0.006279223449808179,10.01982646011358,10.034759759024043,-1.0081797264253236,-0.0009442868751665745,-0.016799478889675618,0.0089224542568169,9.987031858414412,10.015613850206137,-1.0114727318286896,0.000313758006086573,-0.03275268152356148,0.007323806639760733
62.249776124954224,9.99629035435557,10.077065650127196,-1.0996487038210034,-0.0001545583746323267,2.701429647983622e-06,0.001333911222983399,-0.008305845436705928,0.005702299024355352,0.006280257934320818,10.021499854911292,10.03307407604538,-1.0084503812203445,0.00027155774506502694,-0.01704146173468089,0.008768117752276448,9.987664144486189,10.013712223619223,-1.0111044943332672,0.0014497715746983886,-0.033152930438518524,0.0070915608666837215
62.28977608680725,10.001769746339825,10.078719773228743,-1.0980811398476362,-0.00015448249649107409,2.7860907361131134e-06,0.001333073469107822,-0.008301759257862591,0.005705250401415409,0.006281684244676994,10.021779438490146,10.032031326522512,-1.00869463501484,0.0006780913599418543,-0.016672556496716156,0.008486266651763753,9.988222997635603,10.012410458177328,-1.01084366440773,0.0022306947503238916,-0.0332331657409668,0.00688856840133667
62.35377597808838,9.989233625084001,10.066883139303343,-1.0682965675368905,-0.00015443502226709246,2.9043155118742137e-06,0.001332350633028504,-0.008299250234265301,0.005709269216557376,0.006285980869865964,10.022086689970694,10.03118445728114,-1.0101297565472411,0.0010247295900397085,-0.016184751853662027,0.008108257992573212,9.989179532974958,10.010384853929281,-1.0106840431690216,0.003389714052900672,-0.03311173617839813,0.006525388453155756
62.393775939941406,9.989007606294473,10.065662423268572,-1.0652420381084085,-0.00015436728693029762,3.0688703419042117e-06,0.0013311310366953294,-0.008294932892483814,0.0057150271578188735,0.006288292125432691,10.022679475881219,10.030242711180499,-1.010731738500976,0.0013776320093286506,-0.015606219773844477,0.00788958768524232,9.989713590592146,10.009218510240316,-1.0108679831027985,0.0038723130710422993,-0.03285731375217438,0.006268853787332773
62.44977593421936,9.991187839516074,10.066922979762069,-1.080128681845963,-0.00015394252275093717,3.217690616731173e-06,0.0013285476408200715,-0.008275150202221127,0.005720180968516236,0.006291546500833645,10.02302325308247,10.028021933179835,-1.0118302303810824,0.001630788178346851,-0.015276828438209477,0.007702834853445717,9.990439336746931,10.007708843797445,-1.0113755762577057,0.004532940220087767,-0.032140910625457764,0.005817528814077377
62.48977613449097,9.993087948138504,10.055446141909195,-1.0767451375722885,-0.00015394154903179057,3.169643796826513e-06,0.0013289517312503182,-0.008275991823482954,0.00571838523864333,0.006293299053126774,10.022826936899444,10.027337739237845,-1.012192448728327,0.0015973929704373527,-0.014069376073091975,0.007878831716766404,9.99090663716197,10.00663023814559,-1.0118601620197296,0.004927210044115782,-0.031452834606170654,0.005681710783392191
62.553776025772095,10.007291130882203,10.06400252112282,-1.0650484142825007,-0.0001539694687745242,3.102443042151017e-06,0.0013296493591653492,-0.008278516542245349,0.005715847332132365,0.006296027340729387,10.022508771101482,10.026962811606717,-1.0129579072912216,0.0015122389494640935,-0.012673796501942424,0.008341979270498477,9.991539876908064,10.004950817674398,-1.0126655399799347,0.005447571165859699,-0.03025025874376297,0.0057217334397137165
62.59377598762512,10.005290729374563,10.044642413665375,-1.079195050522685,-0.00015384291004326786,3.045982256742622e-06,0.001329495004944814,-0.008273743156421555,0.005713750626688083,0.006297744367978047,10.02220377479809,10.02602863047084,-1.0134102534135667,0.001095925861288558,-0.011548905138630406,0.008867952083585444,9.991812627762556,10.00405627116561,-1.013124018907547,0.005455343518406153,-0.02931070327758789,0.006029765121638775
62.649775981903076,10.00345384827582,10.042343668368973,-1.073733870871365,-0.00015374077696084468,3.100678486106308e-06,0.0013287762313346008,-0.00826877739849474,0.005715702192729886,0.00629813840660852,10.022385196614708,10.02515209242035,-1.0132178569853079,0.0009047454912685511,-0.010261688681398703,0.009656980166080504,9.992132108658552,10.00295477733016,-1.0137052834033966,0.005239657126367092,-0.02776549570262432,0.00647818623110652
62.6897759437561,10.016451519916993,10.037109868021933,-1.0567379952408373,-0.0001535855463984206,3.1996891669526015e-06,0.0013275841494262818,-0.008261006192763931,0.005719267574005704,0.0062981398862804435,10.022758821446889,10.02410692079354,-1.0128140194068964,0.0006573655419438141,-0.00905536098606614,0.010611166413879053,9.992285650223494,10.00222235545516,-1.0140705406665802,0.004976017400622368,-0.02660796418786049,0.0070076677948236465
62.75377607345581,10.00570578928728,10.049924961154867,-1.0787735665217042,-0.00015314301690685518,3.0701240156875405e-06,0.001326145933503257,-0.008242220528289124,0.005714568436956953,0.006298430076924915,10.022037545090313,10.022110355156865,-1.0125955304810885,-2.757474673639844e-05,-0.008283780318431383,0.011337277319287692,9.992536466568708,10.001023586839437,-1.0144275724887848,0.0044097076170146465,-0.0248744897544384,0.007744526024907827
62.79377603530884,10.00803164178382,10.048757097341932,-1.0501077650114894,-0.0001526824269183857,2.9865159929763763e-06,0.0013243354500159512,-0.008222183613633378,0.0057114894751899604,0.00629887538390105,10.021479354107173,10.020066261092067,-1.012267767225698,-0.0008477426104617192,-0.007345896859503756,0.012138390494583507,9.992608945816755,10.000223454087973,-1.0145757496356964,0.0039041400887072086,-0.02382003143429756,0.008199851959943771
62.84977602958679,9.992155090570867,10.051658424354436,-1.0433451272547245,-0.00015235880242540247,2.9684151701902783e-06,0.0013228154365059546,-0.008207626653993294,0.005710805065410121,0.006298610319468094,10.02117731822423,10.018576001315862,-1.0116342485596619,-0.0014082636427991777,-0.006469175053702138,0.012591401061335645,9.992604177445173,9.999111469835043,-1.0148369371891022,0.0031631113961338997,-0.022567318752408028,0.008611063472926617
62.88977599143982,9.993152233662208,10.041250137045452,-1.0564362606965005,-0.00015194050854174556,2.5380716973680286e-06,0.0013224009702405986,-0.008191659182431631,0.005695061920798544,0.006300043052861033,10.019079990033854,10.01684925291019,-1.0116208268543099,-0.002794574243325768,-0.00556704587010106,0.013034905543466724,9.992509763687849,9.998284634202719,-1.0149419605731964,0.0025205060373991728,-0.02172394096851349,0.008868197910487652
62.953776121139526,9.996607853371087,10.045122513474144,-1.0585128469392657,-0.000151814905908035,2.269103091968692e-06,0.0013226544416065208,-0.008187459192222241,0.005685265133403758,0.006300100640000005,10.017751924327529,10.016248246986569,-1.0110616506327457,-0.0036619238980332555,-0.004446320710208759,0.013656217932653508,9.992083471268415,9.996894177049398,-1.0148432552814484,0.0015397254610434175,-0.02058357559144497,0.009477589279413223
62.993776082992554,9.998963561128773,10.05420629400758,-1.0574448620900512,-0.0001512301460401282,1.9021425315050014e-06,0.0013209388462210967,-0.008163204301948002,0.005671738177759854,0.00630165218839667,10.015809618838858,10.01403611939067,-1.0110870020306841,-0.00474204332908835,-0.0038399792845208685,0.013840074737517452,9.99155704304576,9.996055897325277,-1.014645129442215,0.0007823130581527948,-0.01981957256793976,0.009676567278802395
63.04977607727051,10.000298967193165,10.047687565276505,-1.0288755586370826,-0.00015080328048222365,1.8158969576938637e-06,0.0013190845645704755,-0.00814448082223506,0.005668465767436644,0.006302643492213278,10.015069810192445,10.012316754809117,-1.0108419335050072,-0.00517244383539577,-0.0032339262353550716,0.013978806921327884,9.990558546036482,9.994921024888754,-1.014417439699173,-0.00030746994889341295,-0.018754547461867332,0.009848052635788918
63.089776039123535,10.013712507098674,10.05915198320839,-1.040052548982203,-0.000150188914003921,1.6342586604226044e-06,0.001316506590207378,-0.008117746392699325,0.005661616261454856,0.006304386044519483,10.0138364856429,10.010064404288453,-1.0108889646439871,-0.005964116471689042,-0.0026665722640536738,0.013929823187455382,9.989764135330915,9.99407034739852,-1.0143630802631378,-0.001214090152643621,-0.01810954324901104,0.009703919291496277
63.1460440158844,10.014706686941306,10.05760792713525,-1.0477766743861139,-0.0001500287041204111,1.3793024103018327e-06,0.001316314984512808,-0.008111654652883533,0.0056522154907282995,0.006305272373865424,10.012474601683266,10.009525298867315,-1.010613408315821,-0.006691396703457899,-0.0016141576144702377,0.013874346597411751,9.988592069596052,9.992777165025473,-1.0142838060855865,-0.002443660283461213,-0.017319634556770325,0.00960968341678381
63.19404411315918,10.003566313111753,10.051610382260423,-1.023904520086944,-0.00014949846812983725,1.3295670193759287e-06,0.0013137533598381738,-0.008088006328060927,0.005650202119572637,0.006306535411223817,10.011708476567264,10.007671301372964,-1.0104701558581202,-0.006847469841922736,-0.0009126016309785789,0.013918632034222314,9.987516324967146,9.991715725511312,-1.0142232477664948,-0.0034014324191957712,-0.01666836626827717,0.009536935947835445
63.250044107437134,9.99718171300413,10.054410098263874,-1.0305562103167176,-0.00014936740248704152,1.36388939129322e-06,0.0013129984603825258,-0.008081910851670803,0.005651423329146218,0.006306484205766225,10.01140959708191,10.00728166931651,-1.009766024743766,-0.0068163171451416016,0.0003678903959525238,0.01392449182016942,9.986198347061872,9.990572270005941,-1.0141648352146149,-0.004348500166088343,-0.015789814293384552,0.00941480789333582
63.29004406929016,9.999298557456052,10.060126470591051,-1.043969722930342,-0.00014880919273128215,1.4824207756340815e-06,0.0013097450911002805,-0.008055677705207041,0.005655749354146825,0.006304516134023501,10.011349087208174,10.005413083911327,-1.0084840388327814,-0.006698240612943322,0.0007486001928775117,0.014167921492911148,9.985309522598982,9.9898083768785,-1.0141028463840485,-0.004894672427326441,-0.015394029207527637,0.009356142953038216
63.346044063568115,9.997783901011935,10.056301377305886,-1.0649401098489761,-0.00014861149917572524,1.5735746240435327e-06,0.001308539735584843,-0.008046292109065606,0.005659094854546573,0.006303815218331917,10.01133054228105,10.00483632722986,-1.0076865794029448,-0.0063469149857427794,0.0018783191916603669,0.01430446530849506,9.984163206070662,9.988860424607992,-1.0138379633426666,-0.005462329834699631,-0.014330210164189339,0.009536029770970345
63.39004397392273,9.994549370774328,10.066774911427332,-1.0408490020781755,-0.00014842265712218294,1.3544488254637265e-06,0.0013076503087642956,-0.008037716825489687,0.005651041987401276,0.006302511579286453,10.009982056993323,10.00463455898767,-1.0065646655412497,-0.006208153138025058,0.0032185106745849378,0.014235843691467125,9.983448904007673,9.988188084214926,-1.013433963060379,-0.005499720107764006,-0.013609078712761402,0.00944641325622797
63.45404410362244,9.997767989285757,10.063908388933353,-1.0518720149993896,-0.00014825548418843224,1.1926400183434447e-06,0.0013069007664406225,-0.008030305385932163,0.005645060357164461,0.006302249457347834,10.008957817085959,10.004377281721926,-1.0058484906313618,-0.0059974715841775205,0.004361868152672948,0.014150878437159987,9.982399862259626,9.98732977733016,-1.0125433504581451,-0.005361731629818678,-0.012504667043685913,0.009499430656433105
63.494044065475464,10.014477284814829,10.046292101072279,-1.0493617923930287,-0.00014813620194473255,6.572286158623098e-07,0.0013065220406057697,-0.008025320374859946,0.005625288994501384,0.006302084507056235,10.006462365731169,10.004566670529725,-1.0051886978774438,-0.0060726050294022125,0.005888867535641654,0.013570031376380902,9.981689374893904,9.986975010484457,-1.0118768513202667,-0.0051994710229337215,-0.011659651063382626,0.00918153952807188
63.55004405975342,10.018785697798686,10.04002793372223,-1.0556033188477159,-0.00014807166942098894,6.04378399629216e-07,0.0013062172521534207,-0.008022445854974698,0.005623337335922678,0.006302065431110746,10.005994424218446,10.00474889059457,-1.0046234800371299,-0.005363278761306439,0.007270576534931883,0.012923020036626773,9.980559270828962,9.986690815538168,-1.0110478699207306,-0.005074604880064726,-0.01021541003137827,0.0086014773696661
63.590044021606445,10.041038958673957,10.05099152764708,-1.0296573396772146,-0.00014828575461725847,8.091425087797707e-07,0.0013072781036541905,-0.008032175760714924,0.005630871755836026,0.0063029822082305105,10.00681585948854,10.006247042757705,-1.004400601519105,-0.003938089368481011,0.00922326723727306,0.012404654680172818,9.979767721146345,9.986612614244223,-1.010519653558731,-0.004817524459213018,-0.00920482911169529,0.00843233522027731
63.65404415130615,10.025308597461885,10.056741379270631,-1.0181767037138343,-0.00014824559955454436,1.029359618818442e-06,0.00130717250642769,-0.008030510230064973,0.005639030827200972,0.006302946069664433,10.007594241943542,10.00666547209409,-1.0038450714485188,-0.002632300698876846,0.010767795032487697,0.01155205582002754,9.978892248123884,9.986791905015707,-1.009616643190384,-0.004262288101017475,-0.007255251985043287,0.0075567797757685184
63.69404411315918,10.030453504438388,10.053068383408501,-1.005932261236012,-0.00014833535965854793,1.3652735921921964e-06,0.0013077502678644985,-0.008034778569998407,0.005651456900760811,0.006303213958660736,10.0090201223896,10.00784217843156,-1.0033974651117812,-0.0009239858283067015,0.012507456912053771,0.010607614800428307,9.978691976517439,9.987118061631918,-1.0090220272541046,-0.003538458375260234,-0.0058813877403736115,0.006999151781201363
63.750044107437134,10.01963866787848,10.040768416093472,-1.0231625884771347,-0.00014842695797285589,1.4400079966367926e-06,0.0013081848521577038,-0.008038865341424613,0.005654213317376068,0.006303353305589619,10.009365367475086,10.008986483184662,-1.0029538668931803,0.0003040483238445539,0.014338104382015696,0.009756606527553,9.978809278458357,9.987769421190023,-1.0081022083759308,-0.002366898115724325,-0.003900640644133091,0.006082077044993639
63.79004406929016,10.028257830498637,10.049533988207886,-1.030793341808021,-0.0001485611587057947,1.6738703434139641e-06,0.0013091155053429168,-0.008045559419183623,0.005662779629955324,0.006305380981205797,10.010502000138322,10.010412219103298,-1.0033851740019304,0.0019709163508369186,0.015889478927498056,0.008728887855996906,9.979075353592634,9.988409336656332,-1.0074143707752228,-0.0013786435592919588,-0.0025680698454380035,0.0054731788113713264
63.85404396057129,10.024578325680745,10.048607372569547,-1.042104157153517,-0.0001486413673673852,1.903052607706591e-06,0.0013097900961693504,-0.008049724181974374,0.0056712390915108655,0.006306495948969961,10.011630174465482,10.011577776466899,-1.0034899274194444,0.0035061594974955027,0.017194945946647465,0.007737833732469995,9.979783933609724,9.98967295512557,-1.0064893066883087,0.0005066027515567839,-0.00037571496795862913,0.004399298690259457
63.894043922424316,10.019955689520994,10.055595640268955,-1.033112246543169,-0.00014864591444711993,2.0945642316748474e-06,0.001310262572978399,-0.008050923735591178,0.00567825707123634,0.0063086075552163685,10.012680545694925,10.012712325353823,-1.0040498909568405,0.0051280916119205685,0.01841122019087481,0.006656762260516634,9.980454366654158,9.990608509629965,-1.0061040222644806,0.0018055038526654243,0.0009519369923509657,0.0036303456872701645
63.95004415512085,10.015132100544022,10.052421088680314,-1.026100154966116,-0.00014854189898795737,2.1773548274358457e-06,0.0013101022023943821,-0.008046897277751345,0.005681357704915676,0.006308942202324692,10.013297519415842,10.013376578267339,-1.003894995870567,0.006379038356154526,0.019458193248909888,0.005880849094596372,9.981614034622908,9.992038067430258,-1.0058365166187286,0.0036563912872225046,0.0028059636242687702,0.002661224687471986
63.99004411697388,10.00680592118366,10.051791124001845,-1.0247758626937866,-0.00014849936105130093,2.5213248793670774e-06,0.0013106561629984068,-0.00804633343129186,0.00569414575068693,0.006309859341026975,10.01502839367337,10.014303999590874,-1.004084221386024,0.007895102662809446,0.020182633215243606,0.005310920630515978,9.98252097889781,9.993103321641684,-1.0057525932788849,0.004946896340698004,0.0038821829948574305,0.0020993032958358526
64.054044008255,10.002401070366789,10.055660186114652,-1.0182809215039015,-0.0001484430793304032,2.6202933946060513e-06,0.0013106606508882129,-0.00804424941854057,0.005697862877424232,0.006309648035066783,10.0157810587096,10.015155724110535,-1.0037821149159403,0.00889105764812431,0.020652734967800103,0.00490851820001685,9.9841422252357,9.994824703782797,-1.0056546032428741,0.006829188670963049,0.005326495971530676,0.0014263138873502612
64.09404397010803,10.010959688653138,10.045148400264427,-1.022334790788591,-0.00014833128744330803,2.8527259849611664e-06,0.0013108857271335141,-0.00804065972225886,0.005706509272443,0.0063107332361111,10.017175637271727,10.015912343600142,-1.0040401718823497,0.010033806773197618,0.020788281372129593,0.004521689036151916,9.985225599259138,9.995915707200766,-1.0055871307849884,0.007888605818152428,0.005874623544514179,0.0010362743632867932
64.1503119468689,10.026785262087243,10.054994189655588,-1.0232984004542232,-0.00014814294971064498,3.1270484819558927e-06,0.0013112435723144882,-0.00803486233917283,0.005716599244044486,0.006314525325503629,10.018801806226444,10.016260934975564,-1.0054139969842775,0.010968383192219279,0.02063685344206242,0.0042843414563705565,9.986812513321638,9.997402485460043,-1.005431443452835,0.0092796441167593,0.006528245285153389,0.0008031202596612275
64.19831204414368,10.03337539354959,10.05394739177071,-1.03412526845932,-0.00014807341940286658,3.3170177308266626e-06,0.0013115692988119225,-0.008033095895626704,0.0057235894048360235,0.00631640423309875,10.0201852688904,10.017108632665426,-1.005988350129333,0.011444935125991387,0.020628938459078556,0.004011703859792362,9.988245885819197,9.99857073649764,-1.0053094923496246,0.01015851367264986,0.006794560234993696,0.0006377870449796319
64.25431203842163,10.043206485287076,10.04828070801112,-1.0512281046248972,-0.00014739392632641797,3.59542360281835e-06,0.0013106174992187638,-0.008007264576660355,0.005734082097801897,0.006319816778774617,10.021834774531545,10.015453774921896,-1.007280892495872,0.011897341858086196,0.01920866028621644,0.0038669736938086265,9.990082662552595,9.999875362962484,-1.005516916513443,0.011099867522716522,0.006749740336090326,0.00032341189216822386
64.29431200027466,10.024792543809665,10.044964722842018,-1.0566382259130478,-0.00014712473479096727,3.724789949990346e-06,0.00131029791844622,-0.00799721489910251,0.005738894711558313,0.0063218618072910255,10.0228735122639,10.015322547160714,-1.0079853840618738,0.01203913245947855,0.018398570123297955,0.003899091684745629,9.991476934403181,10.000650700181723,-1.0057914555072784,0.011733650229871273,0.006418967619538307,0.0003089665260631591
64.35031199455261,10.043032867201552,10.050061575243673,-1.0444382426794618,-0.00014676250262471663,3.821393368764277e-06,0.0013097655517783845,-0.007983617484848443,0.005742464173866619,0.006325075890595028,10.023941763012061,10.015024329821733,-1.0091536838468096,0.011794427070204528,0.017313022482631554,0.003947258829943545,9.99349681660533,10.001385029405355,-1.0063587725162506,0.012431031093001366,0.00560231227427721,5.695221989299171e-05
64.39031195640564,10.051268509766421,10.044125266220423,-1.0320526687428355,-0.0001466390626572248,3.763932887124002e-06,0.0013094403191849927,-0.007978740065537301,0.005740355287338612,0.00632594563617972,10.024306207882237,10.015441845937795,-1.0093390886823974,0.01097087293816073,0.016600906450919634,0.0041805528933150276,9.99493781849742,10.001731213182211,-1.0068403780460358,0.012616349384188652,0.004885911475867033,-1.0581716196611524e-05
64.45431208610535,10.045821132183722,10.041289888427738,-1.0432209809077904,-0.00014623858163377132,3.638978416231436e-06,0.0013082532608521312,-0.007962467852120278,0.005735861258219199,0.006327142262392982,10.024368147013572,10.014848249014621,-1.0096709436691316,0.009759153956555596,0.015330290158447484,0.004841096318323162,9.997140806168318,10.002098377794027,-1.007664829492569,0.01238926500082016,0.003466925583779812,0.00024982987088151276
64.49431204795837,10.018323423928033,10.045593478145731,-1.0319396695122123,-0.00014608485566180708,3.495449255696693e-06,0.0013077125673374888,-0.007956109900815717,0.005730613922509232,0.006327700664603355,10.024125874246593,10.015022350954188,-1.009696674022716,0.008502178573342447,0.014695129779414886,0.005590685647831755,9.998407285660505,10.002194698899984,-1.008127361536026,0.012019832618534565,0.0026092741172760725,0.0006436766125261784
64.55431199073792,10.001819956078556,10.05346182168405,-1.0571708176285028,-0.00014573982181211663,3.222037135968998e-06,0.0013064092925697865,-0.007941519372206465,0.005720700783272694,0.006327754317146677,10.023197958526424,10.014662540733541,-1.009515902526685,0.006819318630567823,0.013472237107451377,0.006387388409300705,9.999959867447615,10.002175625413656,-1.0085653364658356,0.011211193166673183,0.00115590775385499,0.00135639903601259
64.59431195259094,10.003932788475604,10.05501836334504,-1.0372908092103899,-0.0001456846481050994,3.1616948245211387e-06,0.001306124789549672,-0.007938977782440678,0.0057185405597469565,0.006327120523578138,10.023169587930742,10.015214793026775,-1.0089840439645126,0.0053568345164495676,0.012959916952681925,0.007112801444218918,10.000808637589216,10.002064999192953,-1.0087739527225494,0.010428229346871376,0.00011729604739230126,0.0016826681094244123
64.6503119468689,9.993660495172598,10.059682426932849,-1.0249965032562613,-0.0001454171700764987,3.0186944114598522e-06,0.0013049402253513867,-0.0079272557111945,0.005713401658733051,0.006326209173550333,10.02257138120776,10.015042789838974,-1.0083518871502242,0.003589628051133811,0.012007632053712771,0.007885204761840632,10.00158778950572,10.001877125352621,-1.0088798105716705,0.008691527880728245,-0.0012767439475283027,0.002458739560097456
64.6903121471405,10.015950501746286,10.061516215775624,-1.035627861507237,-0.00014521891560693924,2.993232590730333e-06,0.0013040488736452086,-0.007918564774874836,0.005712511908352998,0.006325690954627946,10.022536713050334,10.015005667838532,-1.00777118627311,0.001960518729953421,0.011233164800315575,0.008363323303233632,10.001921575516462,10.001788433641195,-1.0088043510913849,0.007450140547007322,-0.0020768677350133657,0.0027991707902401686
64.75431203842163,10.01072224544365,10.069823228493448,-1.0353945544920862,-0.00014489808476262226,2.76500433360713e-06,0.001302468546774721,-0.007904179372762981,0.005704322189635241,0.006323881418417933,10.02150428346126,10.014640533913028,-1.0067353542569286,0.00011728447214338533,0.010564178196609228,0.008695841410111036,10.002081792801619,10.001543339341879,-1.0084810554981232,0.005288545973598957,-0.0033705797977745533,0.0032660546712577343
64.79431200027466,10.005438613165577,10.060411175943974,-1.0241539925336838,-0.00014482531603227808,2.67684670863401e-06,0.0013021043979494793,-0.007900917359466643,0.005701136864462321,0.00632348848282748,10.02103687792965,10.0150474251699,-1.006149008887962,-0.0015361803104231876,0.01010629367334089,0.008887581132952248,10.002018850296736,10.001353558152914,-1.0081510841846466,0.0039156535640358925,-0.0041352673433721066,0.0034613842144608498
64.85031199455261,9.99896589283068,10.061509116431283,-1.0257953880354762,-0.00014456573273253126,2.4320536187134763e-06,0.00130073064083058,-0.007889113794145421,0.005692326448322984,0.0063218500042231006,10.019701339524891,10.014856804701113,-1.0051118220937756,-0.003593213271170451,0.009530484108312023,0.008741014542013727,10.001645009964705,10.001130398362875,-1.0076028406620026,0.001822177437134087,-0.005067128222435713,0.00354383559897542
64.89031195640564,9.999890576358089,10.070164089939821,-1.0251405211165547,-0.0001444457201711936,2.245416301795598e-06,0.0013000319738761278,-0.007883466875366407,0.005685641087312933,0.006320329813282043,10.01866452436204,10.014976149905905,-1.0041830699312089,-0.005091587483581053,0.009421263649577056,0.008852690359628072,10.001214902848005,10.000978764146566,-1.0071749985218048,0.00019860190514009446,-0.0055405269376933575,0.0036976567935198545
64.95431208610535,9.991189212935883,10.06353558181801,-1.044209715910256,-0.00014438082932733353,1.8149845165478628e-06,0.0012997706003937827,-0.007880577050142926,0.0056701861921655775,0.0063189346383778,10.016427560734272,10.015616483635435,-1.003266436832749,-0.007158572106723007,0.009417106667422629,0.008347003051546415,10.00015727803111,10.000753697007895,-1.0063197910785675,-0.002129225991666317,-0.006234363652765751,0.0034361984580755234
64.99431204795837,9.997262364288776,10.066750187192651,-1.0428979909047484,-0.00014448898099673436,1.5580108981558995e-06,0.0013004345233031396,-0.007885466888686486,0.005661038586411857,0.006317917532457327,10.014963506330815,10.016723730682637,-1.0025162400519243,-0.008709160792834148,0.009570569288723322,0.007730296020194767,9.999303739517927,10.000640209764242,-1.0057394802570343,-0.0036097499541938305,-0.006728773470968008,0.003228124463930726
65.05031204223633,9.991913072359973,10.062938361255156,-1.026462365873158,-0.00014474516661923552,6.987027218942629e-07,0.001302394641178008,-0.007897920969589042,0.005630331401203221,0.00631684873254492,10.010881176802897,10.01874427370183,-1.0017413923405747,-0.011313746918572721,0.010266216289953958,0.00692634022984193,9.997727315872908,10.000718411058187,-1.0049425661563873,-0.0057983119040727615,-0.00691391434520483,0.0025357359554618597
65.09031200408936,9.996625926359329,10.059492299751843,-1.0269369706511497,-0.00014486336710452344,3.660823752791571e-07,0.0013033363512376713,-0.007903795822088359,0.005618439636217818,0.00631693299952055,10.008928474294983,10.019918378375595,-1.0014780413053597,-0.012791514371974873,0.010644831430533715,0.0060166002466974094,9.99635211750865,10.000932034105062,-1.0044187605381012,-0.007433260325342417,-0.006951149087399244,0.00214827386662364
65.15459203720093,10.005349462519838,10.045409409483264,-1.0323139261454344,-0.0001449588373309452,-2.4970741717580754e-07,0.0013043126174467651,-0.007908922308239287,0.005596421968701806,0.006316686691310618,10.005670508628965,10.021193201054755,-1.0011457114838282,-0.014648602992638527,0.011159746939259677,0.005074761410545289,9.993623655289412,10.001609142869711,-1.0036362707614899,-0.01007803250104189,-0.006476381793618202,0.0012134986463934183
65.19459199905396,10.006819459481996,10.05377435057958,-1.0344019583426416,-0.00014496159264202309,-4.1557214313222465e-07,0.0013043917776875173,-0.007909121338170032,0.005590512943270062,0.006316199244651976,10.00420814931459,10.021930703398494,-1.0007558836382744,-0.015524654981305615,0.01147006619806371,0.004099607434828076,9.991741102188826,10.002104099839926,-1.0031936466693878,-0.011684601195156574,-0.006147409789264202,0.0006425912142731249
65.25059199333191,9.996261740264227,10.058678670376171,-1.0436581301037222,-0.00014500169221622395,-4.850437734190927e-07,0.0013047177292323387,-0.007911181884504048,0.005588008663295062,0.006316758757373372,10.003139336507523,10.022895752253264,-1.0009164692379449,-0.015867530446771867,0.01181245268531204,0.00343559280549876,9.989011686295271,10.002861317247152,-1.0026665031909943,-0.013632165268063545,-0.005487825255841017,4.1828228859230876e-05
65.29059195518494,10.005884350835446,10.055197302428997,-1.02936433814466,-0.00014503104357238854,-3.773206658115618e-07,0.0013048637721996424,-0.007912515940119746,0.0055918463719900925,0.006317249705510896,10.002841357229975,10.023659427993717,-1.001013029827634,-0.015708410091529863,0.012133484939337823,0.002605523529965392,9.987094800919294,10.003436382859945,-1.0023652613162994,-0.014714955352246761,-0.005012094974517822,-0.0003881827287841588
65.35459208488464,9.996012647739056,10.041545302277509,-1.0550926476716995,-0.00014507643848029632,-2.647400212803675e-07,0.0013050944787550338,-0.007914554518896985,0.005595872029269511,0.006317850014183538,10.002472011490577,10.02455647372816,-1.0013051864353084,-0.015154583174822022,0.012255789535092654,0.0018246485684079788,9.984307210892439,10.004441555589437,-1.0019753277301788,-0.015728579834103584,-0.004455487709492445,-0.001209196518175304
65.39459204673767,10.000831344880392,10.03191239393596,-1.0626092227175832,-0.00014521997960759253,-2.198870263974164e-07,0.0013060328567541977,-0.007921395402310065,0.005597472385094622,0.006319228324696397,10.001932445531384,10.025781773056663,-1.0018740223238327,-0.014266680301282189,0.012498421354847621,0.0010576118979782909,9.982781331986189,10.005061443895102,-1.0017813742160797,-0.015689879655838013,-0.004120202269405127,-0.0017044387059286237
65.45059204101562,9.996777525880347,10.031116083445442,-1.0705204345285892,-0.00014529148323309864,-1.509843225949597e-07,0.0013065013155822388,-0.007924871005432696,0.00559989767596031,0.006320689590808837,10.00155738088114,10.026670848367841,-1.0026340053738536,-0.013212808630769452,0.012597991208932372,0.0005660987702316841,9.980866353958845,10.005917843431234,-1.0017469227313995,-0.015410490334033966,-0.0037119905464351177,-0.0022011143155395985
65.49059200286865,9.995312934902229,10.028442237015215,-1.0575392032042146,-0.00014521616865628714,-4.60195233622093e-08,0.0013060509832035529,-0.007921490050243894,0.005603573258702935,0.006321342452943118,10.00129779341624,10.026994592080563,-1.0029734972621924,-0.011930937188069956,0.012348385692807844,0.00012463290214940838,9.979639928787947,10.006503399461508,-1.0018647015094757,-0.0149465287104249,-0.0034092064015567303,-0.00257321260869503
65.55459213256836,9.991107206619128,10.035993240569788,-1.0527969244867563,-0.00014489375128350147,1.2566854208432802e-07,0.0013042693621701377,-0.007907084786793766,0.005609554292967453,0.006321978927272568,10.001347568705585,10.026248482005503,-1.0033999038150017,-0.0101323324453245,0.011512154900200527,-0.00016028519448330237,9.978024404495955,10.007293995469809,-1.0022933781147003,-0.013513182289898396,-0.0031764479354023933,-0.0029626653995364904
65.59459209442139,9.989944084117514,10.03663315815999,-1.0492118750698864,-0.00014483751375700656,1.7870096045731737e-07,0.0013040187831721963,-0.00790476187301267,0.005611374881979684,0.0063228279434419925,10.001036304976425,10.026628821234487,-1.0038289649526668,-0.008414256679048635,0.011213515209880807,-0.0003188630784634653,9.977246206253767,10.007585819810629,-1.0026215612888336,-0.012315823696553707,-0.003093671053647995,-0.00313263270072639
65.65059208869934,10.005630350915814,10.044786582444804,-1.0494479457847774,-0.00014469147840463954,3.7779340256004315e-07,0.0013030731688157763,-0.00789784865266709,0.005618478571578822,0.0063221304692591095,10.001451587538453,10.026621618970479,-1.0037213088691703,-0.006398750972603959,0.010361742437852539,-0.000250393626952903,9.976363103836775,10.007846172899008,-1.0031359493732452,-0.01046911533921957,-0.0035237756092101336,-0.0032041994854807854
65.69059205055237,10.013418219726558,10.041675611506998,-1.0421805143123493,-0.0001445442684878012,4.616958495248642e-07,0.0013023095302391614,-0.007891248987027397,0.005621503870505951,0.0063214789784711576,10.001515302677204,10.026567089562887,-1.0035310462289204,-0.004319034171912248,0.009445270367402014,0.0001151656736993867,9.975917737931013,10.007981594651937,-1.003493219614029,-0.008840001188218594,-0.003932436928153038,-0.0031072874553501606
65.7545919418335,10.003490335131989,10.03397082864133,-1.042074445169419,-0.00014434219360359775,7.686304897444757e-07,0.001301168977977262,-0.007882148590261075,0.0056323616335512226,0.0063217559399946395,10.00260897633524,10.026166533569128,-1.0037644936843195,-0.002103664277319098,0.008335108172506935,0.0003722612699945342,9.975575368851423,10.008030232042074,-1.0039141476154327,-0.0063201687298715115,-0.0048339213244616985,-0.0027211541309952736
65.7945921421051,10.016003288592007,10.04231436918268,-1.0272890413179994,-0.0001441205814576847,9.197946986197944e-07,0.0013002046141472258,-0.007872668224238329,0.005637747694268751,0.0063217394628822966,10.00315817722884,10.025649681345502,-1.0037823813990452,-6.922216068090898e-05,0.007263732469882216,0.000718630620158222,9.975631635636091,10.007954891771078,-1.0040842592716217,-0.004606937523931265,-0.00542368134483695,-0.0023771398700773716
65.84659194946289,10.004444922011455,10.04057527880103,-1.0104595134034753,-0.00014342560392151076,8.926777478309867e-07,0.0012983883225043183,-0.007845298543518137,0.005636975881989917,0.006323137056579092,10.002911904073892,10.023162430156633,-1.004374968002934,0.0014120405844777698,0.00543699262326756,0.0008875956708064911,9.975958745926619,10.007698353379965,-1.0042993128299713,-0.002283452544361353,-0.006312250159680843,-0.0021364542189985514
65.8865921497345,10.007096510506255,10.028798130651255,-1.0107389856129885,-0.00014301411843695077,7.840017407996047e-07,0.0012975941902961905,-0.007829575649446929,0.005633321655746068,0.006323797197282863,10.002460946769268,10.02173733433583,-1.004602840316114,0.002829056363387622,0.004089950290009453,0.0013016540563761593,9.97636691853404,10.007272060960531,-1.0044859945774078,-0.0004595140926539898,-0.00704411743208766,-0.00186793168541044
65.95059204101562,10.020740780696014,10.045894455435501,-1.0085500525310636,-0.00014229194690009098,4.383946673401666e-07,0.0012966770311780358,-0.0078026813796115155,0.005621672898219301,0.006323679860653684,10.001079955457104,10.01911445654788,-1.0044682948541672,0.0036651834593771364,0.0022094508893719233,0.001728168101717193,9.977063100785017,10.006140049546957,-1.0047180950641632,0.001993700163438916,-0.008639754727482796,-0.001275392365641892
65.99059200286865,10.02045058388011,10.053063364275175,-0.9957863278687,-0.00014187842431725309,3.106095397423574e-07,0.0012961403079525232,-0.0077872421494599425,0.00561750989229264,0.006323449446132553,10.000718518683048,10.01761609500812,-1.0042645983145275,0.004992994210025995,0.00085381775690692,0.002007317801207676,9.97745219990611,10.005140598863363,-1.0046912729740143,0.003424091497436166,-0.009819719940423965,-0.0010926484828814864
66.0465919971466,10.029526306039285,10.059670790812513,-0.9949682522565126,-0.00014098187090642587,1.662195062719967e-07,0.0012951890862686602,-0.007754436669360222,0.005613046906933656,0.006325171351308826,10.000304433435524,10.0141690918367,-1.004828753549198,0.005777686493439585,-0.0011368097945029419,0.002158153618301105,9.977995794266462,10.003519352525473,-1.0045256912708282,0.0050024851225316525,-0.011525940150022507,-0.0006902870372869074
66.08659195899963,10.023714510393566,10.049381427275227,-0.9879073202610016,-0.00014060456345059403,7.791589180641651e-08,0.0012949179836666417,-0.007740813522314302,0.005610270638741614,0.0063254990046046145,10.000259307533298,10.012634830214983,-1.00481512470824,0.006909525498631215,-0.0022073176841701635,0.002139315625527358,9.978433530777693,10.002163227647543,-1.0043909847736359,0.006032474804669619,-0.01286593358963728,-0.0007174598285928369
66.15087914466858,10.013279989478471,10.042809229870123,-0.9966117860749364,-0.00013983437096137013,1.1501279788502402e-07,0.001293959969547888,-0.007712261820970642,0.005612211102628776,0.0063259598262635,10.00061328323807,10.00947360416498,-1.0048833023274377,0.007736730625510274,-0.003816630352790697,0.0020262925939628315,9.979226987808943,9.99981528148055,-1.0041897594928741,0.007287772372364998,-0.01482057012617588,-0.000776366563513875
66.1908791065216,10.028582419387254,10.03656482692569,-0.9943392090499401,-0.00013963483011390087,1.6536785667325928e-07,0.0012936201506685327,-0.00770468124208713,0.005614155299592986,0.006325816594980368,10.001276569248285,10.008504292343012,-1.0047167368538397,0.00859749279972399,-0.004145799472664764,0.0018045552960315662,9.97976104542613,9.998166378587484,-1.0039922297000885,0.007867343723773956,-0.016101017594337463,-0.001012698165141046
66.24687910079956,10.01811978650649,10.03284691036651,-1.0190740153193474,-0.00013920107297058282,4.3618289975604135e-07,0.0012925986555122767,-0.007687785202129821,0.00562393672303065,0.006326182691005785,10.002803521810696,10.006593724586981,-1.0048151038401711,0.009704111436691205,-0.004737781056616834,0.001765416021854017,9.980603139847517,9.995818432420492,-1.0038061439990997,0.008706429973244667,-0.0173967145383358,-0.0009727896540425718
66.28687906265259,10.00013834638324,10.030974895605514,-1.0557462023571134,-0.00013898325678966356,9.674481446875608e-07,0.0012913151925911309,-0.007678061963080656,0.005642480460782696,0.006327439450356473,10.005499394681594,10.00550215456236,-1.0053929974115208,0.011181401703431005,-0.0046604643954841546,0.0015793407307929618,9.981356542557478,9.99411803111434,-1.0037348568439484,0.009248770773410797,-0.018061604350805283,-0.0009741373360157013
66.35087895393372,9.992403258760463,10.02939600560182,-1.0742367077618837,-0.0001387821856813529,1.2192879228374233e-06,0.0012905874344884011,-0.007669746971282639,0.005651416771125444,0.006327450677856306,10.007001562794335,10.004468399362324,-1.0054487851479825,0.011929060708433383,-0.00442862948488836,0.0013863281652712895,9.982837598770857,9.991538342088461,-1.0037194788455963,0.010141226463019848,-0.018948612734675407,-0.001345540164038539
66.39087915420532,9.980905622512383,10.029535623799605,-1.0523906638845801,-0.000138391133279394,1.516287820786923e-06,0.0012898226427162222,-0.007654952826552189,0.005661988263604347,0.006329130252541063,10.00860473210613,10.00271230961693,-1.0062420306400308,0.012950139812140136,-0.004145745419931758,0.0010306485102494665,9.983895223587751,9.989999111741781,-1.0037753880023956,0.010854057036340237,-0.019053522497415543,-0.0015973423141986132
66.44687914848328,9.9930122587042,10.035053326130912,-1.0560947861522436,-0.0001381462868194881,1.6539236689725717e-06,0.001289474770700903,-0.007645924050903839,0.00566694564569506,0.006330101568271502,10.009638884299372,10.001591179059774,-1.0066801573935202,0.013346558311990876,-0.003473428909959989,0.0009609921865018756,9.985441129654646,9.987893398851156,-1.004000574350357,0.011623989790678024,-0.01895724982023239,-0.0017378961201757193
66.4868791103363,9.974697991295148,10.029124843349377,-1.0479336988646537,-0.0001378744185627001,1.8231695876094962e-06,0.0012890843950269988,-0.007635893423172554,0.005673015724659553,0.006331192745895785,10.010816861193742,10.000348166204594,-1.0071540949450672,0.013816089234973288,-0.0025813352922506297,0.0010403321519011337,9.986497800797224,9.986439999192953,-1.0042937099933624,0.012124286964535713,-0.0187077634036541,-0.0018153446726500988
66.55087900161743,9.984318923635056,10.020834255871117,-1.0468158791773021,-0.00013734839658772002,2.1826926860807386e-06,0.001288316480000729,-0.0076164131677806945,0.005685926558121271,0.006332856757827482,10.012715174974211,9.998077996573985,-1.0079282017806952,0.014331271243937857,-0.0016956930984353912,0.001289283279056042,9.98816005513072,9.984170254319906,-1.004842072725296,0.012679019011557102,-0.017837341874837875,-0.0016266136663034558
66.59087896347046,9.985533857019812,9.999691312855878,-1.0361181171610951,-0.00013685907923181363,2.3606625255306132e-06,0.0012877677974605854,-0.007598543614063526,0.005692538814679771,0.006333813351783425,10.013898324501673,9.996001118150945,-1.0083546815368,0.01451193521727971,-0.0005711688033737973,0.0016711452314961835,9.98917667195201,9.982772167772055,-1.0052619278430939,0.012958095408976078,-0.017097368836402893,-0.0014209661167114973
66.64687895774841,9.986150728313936,9.99839244316846,-1.036493849940598,-0.0001366585382899156,2.4433607747110816e-06,0.0012875589898711996,-0.007591272614064849,0.005695577475978461,0.0063343763239472346,10.014737377819591,9.995155992314839,-1.0085503773497286,0.014339029830363574,0.0008603396121919752,0.002144412742532159,9.990531843155622,9.980842884629965,-1.0057184994220734,0.013112759217619896,-0.016201017424464226,-0.0010570528684183955
66.68687915802002,9.997995981924245,10.00250647173701,-1.0457829664228484,-0.00013623289845771786,2.3964388419020975e-06,0.0012870563602335665,-0.007575718689801119,0.005694277451248342,0.006334981456742112,10.01503765935658,9.993518546020239,-1.0087884233259943,0.013856540780229307,0.0024514374349010348,0.0029010535929419653,9.991422574967146,9.979486759752035,-1.0059403479099274,0.013017532415688038,-0.015226740390062332,-0.00056404311908409
66.75087904930115,10.009740889607897,10.007996720156926,-1.0526978885754943,-0.00013614827908927835,2.4133932185896525e-06,0.0012869925542853397,-0.007572747114245996,0.00569490821329782,0.006335575711648084,10.015722330478976,9.993372177676644,-1.008950899040792,0.013425604195144054,0.0044854821644354295,0.0032704017225756235,9.992675703018904,9.977376278489828,-1.0062271654605865,0.01271369680762291,-0.013675292022526264,-6.66908235871233e-05
66.79087901115417,10.020882948740953,9.999906640386344,-1.0447200222406536,-0.00013605073064829184,2.2913442133125604e-06,0.0012868451764722407,-0.0075693566012976264,0.005690565666460795,0.006337224012425922,10.015899938577858,9.993348217063193,-1.0095441693121294,0.01263480206902446,0.006945275957639585,0.003693090369241587,9.993354719132185,9.976176556199789,-1.0064039528369904,0.012373693287372589,-0.012422277592122555,0.00021521461894735694
66.84687900543213,10.028426708093447,9.998818366733735,-1.0520244659855962,-0.0001361155163825548,2.083207147385855e-06,0.001286761357409619,-0.007571609015120206,0.005683102242714753,0.00633808563018965,10.015669716105348,9.99408111377118,-1.0097704944339818,0.011782211499692809,0.009287004628471138,0.003993572856139614,9.994280736893415,9.974737461656332,-1.006705790758133,0.011802938766777515,-0.010851575061678886,0.0005487023154273629
66.88687896728516,10.023000223889406,10.00994140628777,-1.0343085005879402,-0.00013599613356156585,1.8051961954409865e-06,0.0012862124221149158,-0.007566881133025124,0.005673177640518139,0.006340137450868443,10.015080409762922,9.994306598756271,-1.0104911455243757,0.010402646234392828,0.01180133233526317,0.004101678090060591,9.994813840836287,9.973948772996664,-1.0070096552371979,0.011131146922707558,-0.009307474829256535,0.0005970810889266431
66.95087909698486,10.015667493814181,10.007320702478182,-1.0420236866921186,-0.00013584089262884917,1.807249486570891e-06,0.0012860255025852795,-0.0075614399194230885,0.005673213126918457,0.006341915294866663,10.015527987465951,9.994316254410704,-1.0110692624193036,0.00964883468287179,0.014118323037016671,0.004373609122275797,9.995398443192244,9.973079975694418,-1.007461816072464,0.009690403006970882,-0.006531970575451851,0.0007507705013267696
66.99087905883789,9.991056486268091,10.019296992536887,-1.0435641100630164,-0.00013553910439706145,1.7863362261263342e-06,0.001285560943850769,-0.007550728309949767,0.005672349493932834,0.006345542682117363,10.01572500633769,9.993987415956244,-1.012413105767872,0.008767371927866707,0.016274741038417802,0.004707956696102565,9.995682638138533,9.972716625779867,-1.0076655447483063,0.008811854757368565,-0.004863077308982611,0.000987987034022808
67.04687905311584,9.998594478954722,10.021218710271363,-1.0406789677217603,-0.00013543035216565807,1.888731188543453e-06,0.0012857142203988356,-0.007547385971131863,0.00567597000328281,0.006346791810702006,10.016444156337373,9.994341282151732,-1.0127573300182775,0.008142271716459018,0.018350887743038974,0.005255499062941396,9.995970647782087,9.972371395677328,-1.008027344942093,0.007377282250672579,-0.002368803136050701,0.0014186942717060447
67.08687901496887,9.980908589297186,10.027459657121907,-1.063104429282248,-0.00013535344052606623,2.3117225302231165e-06,0.0012871908811323963,-0.007547344223911566,0.0056910768955716826,0.006348247571980435,10.018408390619884,9.995014574365577,-1.0132328741788288,0.008017621856784384,0.020617443242868693,0.005880919660148395,9.996093671768904,9.972283657640219,-1.0083346664905548,0.006438631098717451,-0.000621420273091644,0.0018006819300353527
67.14315915107727,9.984087734365504,10.033159625338165,-1.0414063115604222,-0.00013522319298933048,2.542990824533192e-06,0.0012877386853708036,-0.007543778971942515,0.00569942049552604,0.006348506523475992,10.019645674688327,9.995636744459874,-1.0130685881637809,0.0076515921155615105,0.02288935127656025,0.006497690278307005,9.99631492421031,9.972441013902426,-1.0087533295154572,0.005239302292466164,0.0017770592821761966,0.0022056177258491516
67.1831591129303,9.9929814175794,10.031059475607183,-1.0259809968993068,-0.0001347868951512817,3.10318166252594e-06,0.0012888671224234192,-0.00753079736868739,0.005719619009701409,0.006350035433704745,10.022131626643105,9.995075444897218,-1.0134110002090317,0.0076550897788936565,0.024531398965546,0.006930865751974335,9.996496122330427,9.972746189683676,-1.0090260803699493,0.004487603437155485,0.0035406444221735,0.0025444345083087683
67.24715900421143,10.004715870440702,10.028992546946936,-1.0363707430660725,-0.0001345379501579804,3.3315149348851727e-06,0.0012891291100577873,-0.007522788974576465,0.005727840335976578,0.006351068966650321,10.023328433486276,9.995274985159458,-1.0135366440124733,0.007334914837342392,0.02616269318428577,0.007371204377070075,9.9969014339149,9.973411854356527,-1.009340077638626,0.003540660487487912,0.006092104595154524,0.0028101622592657804
67.28715896606445,10.015260813035281,10.026170856193616,-1.0450152854900807,-0.00013412409498595596,3.798775280081873e-06,0.0012899810955542721,-0.007510116363185106,0.005744723061932429,0.006352334408043193,10.025515836104253,9.99497121025054,-1.0137863198879684,0.007279505732989499,0.027468862558130875,0.007867499918730578,9.997279088944197,9.973858173936605,-1.00949028134346,0.0031657749786973,0.007414948660880327,0.0030300565995275974
67.34315896034241,10.016376129636438,10.019520673924914,-1.0355433812364936,-0.00013393216439091678,4.064376183144477e-06,0.0012905909679202328,-0.007504497674377784,0.005754385262152224,0.006352166183512576,10.026899504777665,9.995504975528142,-1.0133679478866695,0.0070573949283576996,0.029124416501574497,0.008366873803709403,9.997974317520857,9.974540051072836,-1.0097556412220001,0.002744773169979453,0.009296721778810024,0.003457436803728342
67.38315892219543,9.988815342373105,10.037423503410128,-1.0309213167056441,-0.00013380686259222257,4.5430269323877745e-06,0.001292640586036573,-0.0075034246247419655,0.0057718510315816676,0.006350910618827526,10.02903354478261,9.99646396493717,-1.0124795593492875,0.007271691016894002,0.030526935974700343,0.008956815917346692,9.998572271317244,9.975043591111898,-1.009995013475418,0.0026305189821869135,0.010402985848486423,0.003716076957061887
67.42315912246704,9.990057642314426,10.03778024471295,-1.0311011048033834,-0.00013372889294798598,4.761864497905953e-06,0.001293520066083981,-0.007502137303658014,0.005779833653294911,0.006350391608110036,10.030159747053922,9.997677413079481,-1.0118492837981876,0.007060069278696296,0.03189226577336542,0.009677113407526536,9.999248426407576,9.97560053691268,-1.0100869238376617,0.0025728680193424225,0.01135083008557558,0.004141758196055889
67.48715901374817,9.987804801012844,10.040972266328577,-1.0599852334707975,-0.000133592272454248,5.02162857339617e-06,0.0012945294463478601,-0.0074992530093048035,0.005789184219216286,0.006351314784105468,10.031325207230285,9.998812829390747,-1.0118765662096176,0.00696129489740228,0.03288305917049351,0.01002013712401266,10.000351827591658,9.976721104234457,-1.0099003612995148,0.00272880750708282,0.012675927020609379,0.0048041073605418205
67.5271589756012,9.990914514122888,10.04432036859678,-1.0510682603344321,-0.000133488778597122,5.142144594927578e-06,0.0012948580352785744,-0.007496376563050223,0.0057934757375950365,0.006352231784577723,10.032030676499597,10.000205876538052,-1.011798409278478,0.0064472870743848025,0.033978280873150114,0.010042226543477048,10.001040380448103,9.977573689073324,-1.0097295343875885,0.0027741659432649612,0.013392088934779167,0.004858647473156452
67.58315896987915,9.976196438980997,10.045400721769122,-1.037991368677467,-0.00013354817015864126,5.2810168763422095e-06,0.0012963240445293142,-0.0075012329222193625,0.00579829745589917,0.006354979764335801,10.032618933945216,10.002150879261295,-1.0125962983686996,0.00608928766687257,0.0352851217871912,0.010128172311531842,10.001893918961287,9.97890978679061,-1.0094611942768097,0.0026951953768730164,0.014699752442538738,0.005101713351905346
67.62315893173218,9.990679655092585,10.036465809577706,-1.0268476735800505,-0.00013355062981369492,5.378211779357382e-06,0.0012971971014155647,-0.0075030901004267386,0.0058016387041036465,0.00635723682568463,10.03323120553728,10.004224525916097,-1.0129901221452253,0.005488989894442554,0.03649140408069742,0.00992114750561237,10.002422254532576,9.97998171672225,-1.0092758238315582,0.0025822913739830256,0.015501045621931553,0.005073870997875929
67.68715906143188,9.99288101719686,10.03896525129899,-1.0275009972974658,-0.00013365188579542912,5.505956898476649e-06,0.0012990520063362854,-0.007510294698413733,0.005805912294022072,0.006361866884133483,10.033826050512635,10.006687111735479,-1.0144633825551574,0.004731694955817624,0.03755565376836889,0.009660351957612516,10.003068845719099,9.981972988694906,-1.0090858042240143,0.002180583542212844,0.016658185049891472,0.004766597878187895
67.72715902328491,9.999292568016122,10.028537221793474,-1.020016010850668,-0.00013372791200141874,5.656160137013546e-06,0.0013006502049583823,-0.007515854618866058,0.005811202502131966,0.006363971275139891,10.034598328621351,10.0088187533065,-1.0148819728128835,0.0040210807382935745,0.03843586814816502,0.009540478450863598,10.003389280289412,9.983318623155355,-1.0091224014759064,0.0017263415502384305,0.0173159372061491,0.004540859255939722
67.78315901756287,10.000866975294034,10.03603059397106,-1.0269899601116776,-0.00013382277639389226,5.830529174341301e-06,0.001302622742531046,-0.007522811389865191,0.00581728925066052,0.00636699005825166,10.035370587984337,10.011138665434679,-1.015688588494862,0.003388793314563281,0.03921793831686288,0.009302460594682682,10.00373451039195,9.98536330088973,-1.0092135965824127,0.0010996463242918253,0.018215298652648926,0.004187055863440037
67.8231589794159,10.00768291267291,10.037432196766579,-1.0245162742212415,-0.00013363759565527582,5.831626392710778e-06,0.0013016002479390345,-0.007514892759350124,0.005817180135322211,0.006367745061047397,10.035377434795551,10.012498591361997,-1.0155411930847253,0.002197953616800411,0.03955579792587037,0.00942519656264775,10.003979604691267,9.986892994493246,-1.0093574821949005,0.0005981195718050003,0.01885342225432396,0.003903502831235528
67.8871591091156,10.020968675031025,10.050155242723026,-1.0352275855839252,-0.00013329661982843796,6.052801654585429e-06,0.0013011085134607032,-0.007502885255941138,0.00582472198949523,0.006370849564973766,10.036200369703424,10.01325600338295,-1.0164368296392685,0.0012363471948553875,0.03915317806868022,0.00953291833092267,10.004265706986189,9.989416416734457,-1.0096096098423004,-0.00040733066271059215,0.019548863172531128,0.003852498484775424
67.92715907096863,10.01179440328212,10.051421483301883,-1.049278441350907,-0.00013306704119043852,6.105075426188179e-06,0.0013000929258188217,-0.007493600409746251,0.005826333341148805,0.0063724932860553946,10.036309530200526,10.014270274333661,-1.0167190241444755,9.307500690780296e-05,0.03877488440050711,0.009849126829082237,10.00438491627574,9.99092036113143,-1.0097642242908478,-0.0010665537556633353,0.01973867602646351,0.0039048842154443264
67.98315906524658,10.010563544734023,10.0584269541591,-1.020544302649796,-0.00013251056859395628,6.389131064832501e-06,0.0012981750830920802,-0.007471799712509524,0.005835950879139705,0.0063748603019953415,10.037201856909984,10.013957661509371,-1.0173003241871255,-0.0005303976448911063,0.03760044265404649,0.009918645494726281,10.004566114395857,9.992893513292074,-1.0100100338459015,-0.0018290879670530558,0.019467994570732117,0.003805316286161542
68.02315902709961,10.013158255826891,10.062936687770533,-1.0377396941184998,-0.00013229108896040668,6.538962908085912e-06,0.001297502581206219,-0.0074632991468802585,0.005841095412148668,0.006375458561999427,10.037642558771413,10.015071980982723,-1.0170586798498757,-0.0015774582206973203,0.036717652078712325,0.01062394753448783,10.004659574478865,9.994181927293539,-1.0101708471775055,-0.0024262401275336742,0.01897616684436798,0.004068454727530479
68.08715915679932,10.002571092242365,10.054306722893024,-1.040467850631103,-0.00013224963748622836,6.877137714406329e-06,0.0012988266902453558,-0.007464024364359612,0.005853130561518909,0.0063749715596429024,10.038791302708528,10.016765529312256,-1.016395384048158,-0.0022100092656049115,0.03611102178891779,0.011095705666831471,10.00483314320445,9.995995815843344,-1.0103524029254913,-0.0034268591552972794,0.017956655472517014,0.0043560294434428215
68.12715911865234,9.998931788596206,10.047688394215623,-1.0143637731671333,-0.00013229674005962652,7.041699783384107e-06,0.0012998731354004586,-0.007467292952303806,0.005859033062861824,0.0063744595282161426,10.039250666322978,10.018850131426811,-1.0155905097618263,-0.0030945982518697603,0.03544823278821461,0.011461767874827262,10.004970472306013,9.997083004564047,-1.0103780329227448,-0.0038731119129806757,0.01713688112795353,0.004470585845410824
68.18344902992249,10.02268968391143,10.050122339782437,-1.0499351052567363,-0.00013218502099134993,6.885631236389261e-06,0.001298461579729216,-0.007461255656434969,0.005853361318793434,0.006375172676264481,10.038257211839287,10.020176522739034,-1.015446449679087,-0.0045074193648933294,0.034575261196933535,0.011900350490377036,10.005135457962751,9.99867182597518,-1.0102173388004303,-0.004621428437530994,0.01593749411404133,0.004888822324573994
68.22344899177551,10.025173794398341,10.041277549659949,-1.0611448045819998,-0.00013211164867521835,6.904724748982081e-06,0.0012979529359779687,-0.007457898767053385,0.005853980368290892,0.006375070772099835,10.038033014955266,10.02156908912541,-1.0148969760234905,-0.005555984595311162,0.0336585646683288,0.012289076568991489,10.005183141678572,9.999797161668539,-1.0099948942661285,-0.005046944133937359,0.01512948703020811,0.005230550654232502
68.27944898605347,10.033011239986577,10.036477578112212,-1.0524392519146204,-0.00013218414311849932,7.13462747176001e-06,0.0012991013373654411,-0.007461962113085504,0.005862286837013779,0.006373066096978839,10.038707870300497,10.023494435255374,-1.0135853835903268,-0.006174426528517788,0.032695057620709365,0.012396540800546151,10.005061071366072,10.001290615648031,-1.0097861588001251,-0.005803298205137253,0.013805567286908627,0.005348276346921921
68.3194489479065,10.041098978251071,10.056289420534371,-1.0457616061903536,-0.00013235902839966982,7.192347343054031e-06,0.0013005213919642922,-0.007470069423282015,0.005864575758593161,0.006371835694941569,10.038675199697876,10.025970393132855,-1.0124668674268544,-0.007054603841768718,0.0318871853844716,0.012329803810183091,10.00496856495738,10.002291020005941,-1.0096056759357452,-0.00624921964481473,0.012737266719341278,0.005262034945189953
68.3834490776062,10.017451957942876,10.05540742895173,-1.0411990897264332,-0.00013269549144224424,7.3084419011487445e-06,0.0013032978478776213,-0.007485771486538053,0.005869116943591657,0.006369799817133057,10.038889058322313,10.02889462877106,-1.0111469488154703,-0.007749795795573279,0.031534441496581654,0.012412959945212229,10.004914205521345,10.003938015550375,-1.0091752111911774,-0.007000260055065155,0.01134892925620079,0.0052743288688361645
68.42344903945923,10.01904362490688,10.048189160118888,-1.041826741071418,-0.00013283424942807918,7.3099483728904915e-06,0.0013042631295248168,-0.007491836123310826,0.005869449253899637,0.006368220070731154,10.038409588882221,10.031264944831811,-1.0098310789437406,-0.00901905748884927,0.030544882200797506,0.012204517232722176,10.00489703938365,10.005086239427328,-1.0087269842624664,-0.007556537631899118,0.010513360612094402,0.005290494300425053
68.47944903373718,9.999657541246261,10.045800951703136,-1.0251320349052548,-0.00013321056808083864,7.482914725025242e-06,0.001307461281645154,-0.007509509136990273,0.005875999766969275,0.006365940358143533,10.03863359639057,10.03430180218994,-1.0083356405554866,-0.009623768410881733,0.03016421136032774,0.011961083950035294,10.004824560135603,10.006830509752035,-1.0078321993350983,-0.0081399567425251,0.009660080075263977,0.005173868965357542
68.51944899559021,10.002388023585842,10.048542540526768,-1.0151770440861583,-0.00013358286505090294,7.449398013012108e-06,0.0013104457708700867,-0.007526846598297278,0.0058753787787676395,0.006364695480624548,10.037884005994533,10.037450565183372,-1.0072072130077283,-0.010832457243228542,0.029549148874486595,0.011303558911371848,10.004717748612165,10.008096989244223,-1.007181316614151,-0.008708186447620392,0.008992373012006283,0.00505878496915102
68.57544898986816,10.015647468900776,10.049537027491255,-1.027769623324275,-0.00013385297175783333,7.493082062780181e-06,0.0013127787442838719,-0.0075397809876443555,0.005877212053061367,0.006364442645144889,10.037555171573418,10.039978113116105,-1.0065897465600362,-0.011609544324172034,0.02891196575595808,0.01058383864472824,10.004462163895369,10.00993662700057,-1.006093055009842,-0.00937172956764698,0.008292916230857372,0.004627197049558163
68.62344908714294,10.0246458587553,10.06202077403034,-1.0397973624058068,-0.00013431454466085495,7.561094278644874e-06,0.0013167100653751376,-0.007561706948607109,0.005880171138607113,0.006363542654293149,10.037297054196106,10.043441873680468,-1.0057569284770067,-0.01240347526095472,0.028595090707752138,0.009527299786946311,10.004098813980818,10.011554058641195,-1.0050938427448273,-0.009856280870735645,0.007789142429828644,0.003976394422352314
68.6794490814209,10.007247656699725,10.055028663558856,-1.043546237051487,-0.00013436233696533732,7.494719399490388e-06,0.0013170529728176168,-0.007563808779530446,0.005878039388697617,0.00636299552956474,10.036321543905,10.045039385394267,-1.005146620345144,-0.013303044277634053,0.027508323994925872,0.008481010786686507,10.003616254776716,10.013619717210531,-1.0040083229541779,-0.010441751219332218,0.007335977163165808,0.0031437247525900602
68.71944904327393,10.008666617183835,10.060307008128934,-1.055852654390037,-0.0001341350348114841,7.4538782104698605e-06,0.0013148612928283775,-0.007552297563106091,0.005876500089822261,0.0063614535051071544,10.03518596083658,10.045606633337668,-1.0042386012129394,-0.014163819093641157,0.02570323904757312,0.007383727783737932,10.003267209976912,10.01514845713973,-1.003230720758438,-0.010746069252490997,0.006890533491969109,0.0024618743918836117
68.78344893455505,10.010894442725677,10.06677915312261,-1.0511685237288475,-0.00013391280237191126,7.459207624220444e-06,0.0013127271938858148,-0.007541073806091609,0.005876508575616465,0.006360013740771582,10.034356123706191,10.045954491849779,-1.0033931992427831,-0.014935774043945632,0.023875659949367755,0.0061183907252043155,10.002499502152205,10.017461117357016,-1.0020594894886017,-0.01138195302337408,0.006051275879144669,0.0013517540646716952
68.82344913482666,9.987183989800211,10.065245799427812,-1.0393273513764143,-0.00013338583397733538,7.3075336774726495e-06,0.0013082073049457076,-0.007515893320802228,0.0058707637253096676,0.006359826236537659,10.032485115798687,10.045143297782067,-1.0031863724452044,-0.015889068647201975,0.02126839262515698,0.004712287987779874,10.001932065933943,10.018683727830648,-1.001346617937088,-0.01176465768367052,0.005289032123982906,0.0005215765559114516
68.87944912910461,9.977287746902645,10.06482910559842,-1.0431550443172455,-0.0001330222823457676,7.266971878289566e-06,0.0013050045193143062,-0.007498334782534397,0.005868955223790915,0.006359401547718391,10.031239609246033,10.044695770632307,-1.0028968931968743,-0.016530170691496263,0.019141423026257362,0.0033173427534885823,10.001015584915876,10.020038899034262,-1.0003738701343536,-0.012160561978816986,0.003800180973485112,-0.0006666095578111708
68.91944909095764,9.97634660496857,10.075949683425364,-1.0591073278337717,-0.00013210247855148874,7.0425812198567e-06,0.001297234869515646,-0.007454579941491892,0.005860366857696683,0.006358511837615767,10.028745028890462,10.042090501022669,-1.0025780281375094,-0.017750079786292467,0.015762407346534214,0.0019020623736841324,10.000201147049665,10.020737942308187,-0.9997417032718658,-0.012522749602794647,0.0025903445202857256,-0.0014909658348187804
68.98344898223877,9.988513260030285,10.065336248510521,-1.0652569513767958,-0.0001317756472999351,6.991642986187824e-06,0.0012944454343538846,-0.007438984579828026,0.00585827642412945,0.006358201842821709,10.027425637309923,10.04153369735855,-1.002500133226368,-0.018398871284974142,0.01330973804901326,0.0006773603488355614,9.99853603169322,10.021250065416098,-0.9987546503543854,-0.013385213911533356,-8.523230644641444e-05,-0.0027932843659073114
69.0234489440918,9.987109482836512,10.060426914982813,-1.082492046058178,-0.00013154689172440782,6.773233517448085e-06,0.0012930496857600329,-0.007429045060428089,0.005850884301370383,0.00635788682334778,10.025205073268738,10.041394782195212,-1.0025747451709655,-0.019201738053407382,0.010717396535169375,-0.0006478868908358639,9.997295301407576,10.021199520677328,-0.9982476532459259,-0.013923111371695995,-0.002200418384745717,-0.003624427830800414
69.07944893836975,9.99854014895657,10.061277366782534,-1.0758229289203882,-0.000131414106320405,6.711073495686757e-06,0.0012921745359126835,-0.007423274346043148,0.005848637942753228,0.006358549292291994,10.023881752549451,10.041381008990228,-1.0030341284133577,-0.019696765055138437,0.008534334828030713,-0.0019996141124901125,9.995440404862165,10.020804699510336,-0.997638612985611,-0.014607226476073265,-0.00535514485090971,-0.004773335997015238
69.11944913864136,9.973395586910401,10.055199487202787,-1.0678017688915133,-0.00013122902799256667,6.559862427663294e-06,0.001291397262849056,-0.007416174094381473,0.005843330768349856,0.006360724147566633,10.021887394117797,10.041086594065176,-1.0043058667298765,-0.020158931734573556,0.006298689324688693,-0.003265405929977667,9.994028013199568,10.020418461412191,-0.9974901974201202,-0.015015623532235622,-0.007346725091338158,-0.005581757053732872
69.18374109268188,9.98010175820205,10.052109285601714,-1.0514048263430595,-0.0001311106568963552,6.46131342645748e-06,0.00129091160680973,-0.00741158250585281,0.005839943101914035,0.006361520173285349,10.020247926000941,10.040919880738503,-1.0049050986108663,-0.02027178144446776,0.004133769188099525,-0.004052767362305344,9.991706769913435,10.019609745591879,-0.9977113306522369,-0.015567184425890446,-0.010489865206182003,-0.00657794252038002
69.22374105453491,9.975673247364766,10.055179639843235,-1.0233407709747553,-0.0001308135583411897,6.144425412790479e-06,0.0012900678472142636,-0.00740058219065862,0.005829359751255372,0.006362363848318209,10.017532885198486,10.039984093661715,-1.0055343834637664,-0.02067454405352909,0.0022113575306294785,-0.004537069015817113,9.990171354264021,10.01896983012557,-0.9980519115924835,-0.015632083639502525,-0.012169668450951576,-0.007030122447758913
69.27974104881287,9.980869813172268,10.052595128079808,-1.0216694511473179,-0.00013077659328476857,5.940940951557625e-06,0.0012908626511688042,-0.007400825537524759,0.005822819634299197,0.006362669971637519,10.015550371673207,10.039978968081002,-1.0058966645133576,-0.020692889546816744,0.0009237056495710341,-0.004698214722324819,9.987896841019392,10.017923649400473,-0.9986173212528229,-0.015921348705887794,-0.014327876269817352,-0.007267961744219065
69.3197410106659,9.983748960072928,10.061749859919415,-1.019453288987279,-0.00013050598052968416,5.827691007971269e-06,0.0012894694833922176,-0.007389767530896296,0.005818798078520587,0.006363803187685328,10.013793928388859,10.039012742999233,-1.0066497806000807,-0.02030366115191268,-0.0007130212702263951,-0.004678904306635282,9.986223142594099,10.017084416002035,-0.9990500509738922,-0.015916524454951286,-0.015699202194809914,-0.007435271050781012
69.3837411403656,9.993832656386441,10.060552218044279,-1.031966621056199,-0.00013027584781191083,5.74361767170316e-06,0.0012882673266575457,-0.007380277797462838,0.005815848218394535,0.006364348684542296,10.012254411120411,10.038054497387998,-1.007160245442085,-0.019784338474041943,-0.0022851850222541546,-0.0043110207181703076,9.983443181961775,10.015698727220297,-0.9997328817844391,-0.01588824950158596,-0.017898721620440483,-0.007065833546221256
69.42374110221863,9.989616528444092,10.057853218563942,-0.9934166576713324,-0.00012991804898160054,5.351094930015148e-06,0.0012881801873615355,-0.007368744461539804,0.005803013593407093,0.006365777341222754,10.009301591099833,10.036595585621425,-1.0079435229374976,-0.01950271552305166,-0.0038958507723924423,-0.003945934914607741,9.98176185414195,10.01476126536727,-1.000154048204422,-0.015695426613092422,-0.019014425575733185,-0.006741036660969257
69.47974109649658,9.99744386928351,10.051355872980709,-0.9720298871397972,-0.00012975092692859395,5.114465203618784e-06,0.0012885299270328696,-0.007363997171779508,0.005795413049022186,0.006366085468264713,10.007277562661146,10.035767387608074,-1.008191348266815,-0.018917115972407583,-0.004971388524135891,-0.003673975013292389,9.979484479874372,10.013314541429281,-1.0008118450641632,-0.015101553872227669,-0.02058456279337406,-0.006509288214147091
69.51974105834961,9.97563137220504,10.045947930472131,-0.9745308551937342,-0.00012946920442053237,4.702180963260583e-06,0.0012891554448466102,-0.007355823032777067,0.0057823751235827545,0.0063649391827190135,10.004403548195464,10.034496875538068,-1.0077259210623948,-0.01848109171677034,-0.006019115495285763,-0.003140586079253601,9.977805059403181,10.012219723314047,-1.001243382692337,-0.014713662676513195,-0.021514857187867165,-0.006290166638791561
69.57574105262756,9.98876465809025,10.045515502285816,-0.9830288225784898,-0.0001292502709099705,4.3729814544111635e-06,0.0012897821167076318,-0.007349660421587232,0.0057720724338257605,0.00636367121390063,10.001937489652247,10.033339462304347,-1.0072764383713155,-0.017522416187960153,-0.006730493507710479,-0.0024571622745546604,9.97546760365367,10.0106185041368,-1.0017098486423492,-0.013943007215857506,-0.02253151312470436,-0.0056231203489005566
69.61574101448059,9.994961448343417,10.051313053743364,-0.9740927387028933,-0.00012888888828537323,3.7468918102070435e-06,0.0012913852270137651,-0.0073403684538755195,0.005752626555777184,0.006360709751435814,9.998167354742705,10.031650232078688,-1.0060117958458594,-0.017028849604748247,-0.007410715526448706,-0.0019183410501326507,9.973783414810896,10.009444531053305,-1.0019107162952423,-0.013379476964473724,-0.023094505071640015,-0.005272843409329653
69.6797411441803,9.978372940206553,10.057393178721702,-0.9776329211890697,-0.00012883132658576458,3.5876347006439477e-06,0.0012918666187246852,-0.007339073766777399,0.005747817713476769,0.006358678849799568,9.99655543551514,10.031135819343252,-1.005171285045023,-0.015572125859566946,-0.0074331703554374046,-0.001160042651194592,9.970943372696638,10.0074503980577,-1.0018436014652252,-0.012629366479814053,-0.023604486137628555,-0.004399236757308245
69.71974110603333,9.97877855096271,10.056844165320392,-0.9920380543917418,-0.00012863235583036105,3.646609947292594e-06,0.0012902620251390706,-0.007329459883519408,0.00574984619878649,0.006355891657838222,9.995940534607724,10.030073999426477,-1.0039703430197116,-0.013526739653808826,-0.007754412401509678,-0.0006146426913998847,9.96915427967906,10.00620299205184,-1.0013902485370636,-0.011966460384428501,-0.023901881650090218,-0.003702625399455428
69.77574110031128,9.99427578724611,10.052975909937617,-1.0036369198933244,-0.0001285654487811047,3.6516723805234806e-06,0.0012899056231751652,-0.007326616554428108,0.0057500395787000586,0.006355442137183608,9.995283042068845,10.029465520199306,-1.0038166447981123,-0.011480677088931444,-0.007549483109629339,-0.0008103480083210363,9.966830175369978,10.004571255296469,-1.000399500131607,-0.011052127927541733,-0.02401605248451233,-0.003289754269644618
69.8157410621643,9.988435675955577,10.048067864176735,-1.0027313083410263,-0.00012855972536248136,3.655951752193481e-06,0.0012897444174146313,-0.0073259967362451954,0.005750277475600086,0.006354287246042722,9.994762585889154,10.029212440157046,-1.0033711366303917,-0.009357011465657396,-0.007129968257671612,-0.0010979578890490832,9.96541778370738,10.003464993089437,-0.9995266497135162,-0.009971728548407555,-0.024067550897598267,-0.003030061721801758
69.87974095344543,9.995346070953534,10.049727996576683,-1.007490498945117,-0.00012852785605509833,3.574143375567886e-06,0.0012900401652732947,-0.007325389732051253,0.005747803204521827,0.0063535660840985135,9.994002669977984,10.02882610892638,-1.0031306766812562,-0.007247248557986973,-0.006579077624999666,-0.0018753119905419806,9.963570516556501,10.001877125352621,-0.9980255663394928,-0.007956700399518013,-0.0235221516340971,-0.0033883857540786266
69.91974115371704,9.958098978123365,10.044319721412016,-1.020066512748599,-0.0001281704634662801,3.2497366298473224e-06,0.0012908229832874077,-0.007315096091804106,0.005737902552939304,0.006352657639536002,9.992012393786462,10.02713653930784,-1.002867541848227,-0.0054888462395837325,-0.006435733717281337,-0.002971758503788118,9.962658803910017,10.001013096421957,-0.9971446096897125,-0.006439052522182465,-0.022945145145058632,-0.003937433008104563
69.975741147995,9.961679093882262,10.048167452118149,-1.0400319024920464,-0.000128032384954723,3.1234303509768473e-06,0.0012911949329055192,-0.007311264162618822,0.005734051962508729,0.006352471146493413,9.991107933573092,10.026318413254023,-1.0030315002281653,-0.003062946828563607,-0.005696737929207853,-0.0045382132561261205,9.961553495377302,9.999858196824789,-0.9959529936313629,-0.0042615472339093685,-0.021878810599446297,-0.005128030199557543
70.01574110984802,9.9599937521909,10.053921994420657,-1.0363101894035935,-0.0001280081278145844,2.972850128123995e-06,0.0012918723606881108,-0.007311650529209771,0.005729361267011009,0.006352319783334836,9.990123913543371,10.026127101102379,-1.0033476991067198,-0.0007687643109146695,-0.004711999784095401,-0.006094203519922634,9.960742872208357,9.999034222215414,-0.9951957762241364,-0.0027284231036901474,-0.02125631831586361,-0.006053839810192585
70.07974100112915,9.952059066075789,10.058594442838697,-1.0528174452483654,-0.00012791405626948557,3.0308444150296353e-06,0.0012915691491146633,-0.007308116685703366,0.005731228109598991,0.006352660001375593,9.990254220179418,10.025601374542621,-1.003898036917792,0.0018591296049751465,-0.003764880575266432,-0.007371446766815722,9.95956126973033,9.997860249131918,-0.9943425953388214,-0.0002817789791151881,-0.019869795069098473,-0.007343640085309744
70.11974096298218,9.970365906975369,10.05915500772572,-1.0537421386688948,-0.00012766832208469298,3.0650351064240056e-06,0.0012914758025518733,-0.007300076740784074,0.005732523182972997,0.0063531377168471025,9.990351755646635,10.024567684881617,-1.0046597015973093,0.004726774732556462,-0.002919743343051297,-0.008828239311187406,9.958930891007185,9.997279461473227,-0.9940315783023834,0.0014570779167115688,-0.01883554831147194,-0.008293787948787212
70.17603397369385,9.966316986175933,10.061001524175358,-1.0527559546753764,-0.00012757275776994397,3.088150932961056e-06,0.0012914760695163037,-0.0072970367234002085,0.0057333339909328256,0.006353504658472293,9.990638152959125,10.024140327311935,-1.0053504127678978,0.007308386458663924,-0.0019258997077034668,-0.010181358317739881,9.958288114517927,9.996599491685629,-0.9939714968204498,0.003866478567942977,-0.01728990115225315,-0.009660782292485237
70.21603393554688,9.96151515338512,10.04668311483596,-1.0515513899736106,-0.00012726985563726997,3.3384903151683076e-06,0.0012910076238033133,-0.007286447685914259,0.005741611654860331,0.006354022073293501,9.991925583516448,10.022827946002684,-1.0062677481587272,0.010454707416411265,-0.001357868946621879,-0.011069928887234489,9.958028715103865,9.996186550706625,-0.9941313564777374,0.00568431755527854,-0.016313381493091583,-0.010306663811206818
70.24003410339355,9.96151515338512,10.04668311483596,-1.0515513899736106,-0.00012726985563726997,3.3384903151683076e-06,0.0012910076238033133,-0.007286447685914259,0.005741611654860331,0.006354022073293501,9.992010934863092,10.022817685503135,-1.006357186755435,0.010893128571195601,-0.001202183138605613,-0.011269855844927361,9.957945745438337,9.995969112962484,-0.9943086206912994,0.006731534842401743,-0.015854237601161003,-0.010679866187274456
70.24003410339355,9.96151515338512,10.04668311483596,-1.0515513899736106,-0.00012726985563726997,3.3384903151683076e-06,0.0012910076238033133,-0.007286447685914259,0.005741611654860331,0.006354022073293501,9.992010934863092,10.022817685503135,-1.006357186755435,0.010893128571195601,-0.001202183138605613,-0.011269855844927361,9.957945745438337,9.995969112962484,-0.9943086206912994,0.006731534842401743,-0.015854237601161003,-0.010679866187274456
70.24003410339355,9.96151515338512,10.04668311483596,-1.0515513899736106,-0.00012726985563726997,3.3384903151683076e-06,0.0012910076238033133,-0.007286447685914259,0.005741611654860331,0.006354022073293501,9.992010934863092,10.022817685503135,-1.006357186755435,0.010893128571195601,-0.001202183138605613,-0.011269855844927361,9.957945745438337,9.995969112962484,-0.9943086206912994,0.006731534842401743,-0.015854237601161003,-0.010679866187274456
70.24003410339355,9.96151515338512,10.04668311483596,-1.0515513899736106,-0.00012726985563726997,3.3384903151683076e-06,0.0012910076238033133,-0.007286447685914259,0.005741611654860331,0.006354022073293501,9.992010934863092,10.022817685503135,-1.006357186755435,0.010893128571195601,-0.001202183138605613,-0.011269855844927361,9.957945745438337,9.995969112962484,-0.9943086206912994,0.006731534842401743,-0.015854237601161003,-0.010679866187274456
70.24003410339355,9.96151515338512,10.04668311483596,-1.0515513899736106,-0.00012726985563726997,3.3384903151683076e-06,0.0012910076238033133,-0.007286447685914259,0.005741611654860331,0.006354022073293501,9.992010934863092,10.022817685503135,-1.006357186755435,0.010893128571195601,-0.001202183138605613,-0.011269855844927361,9.957945745438337,9.995969112962484,-0.9943086206912994,0.006731534842401743,-0.015854237601161003,-0.010679866187274456
70.24003410339355,9.96151515338512,10.04668311483596,-1.0515513899736106,-0.00012726985563726997,3.3384903151683076e-06,0.0012910076238033133,-0.007286447685914259,0.005741611654860331,0.006354022073293501,9.992010934863092,10.022817685503135,-1.006357186755435,0.010893128571195601,-0.001202183138605613,-0.011269855844927361,9.957945745438337,9.995969112962484,-0.9943086206912994,0.006731534842401743,-0.015854237601161003,-0.010679866187274456
70.24003410339355,9.96151515338512,10.04668311483596,-1.0515513899736106,-0.00012726985563726997,3.3384903151683076e-06,0.0012910076238033133,-0.007286447685914259,0.005741611654860331,0.006354022073293501,9.992010934863092,10.022817685503135,-1.006357186755435,0.010893128571195601,-0.001202183138605613,-0.011269855844927361,9.957945745438337,9.995969112962484,-0.9943086206912994,0.006731534842401743,-0.015854237601161003,-0.010679866187274456
70.24003410339355,9.96151515338512,10.04668311483596,-1.0515513899736106,-0.00012726985563726997,3.3384903151683076e-06,0.0012910076238033133,-0.007286447685914259,0.005741611654860331,0.006354022073293501,9.992010934863092,10.022817685503135,-1.006357186755435,0.010893128571195601,-0.001202183138605613,-0.011269855844927361,9.957945745438337,9.995969112962484,-0.9943086206912994,0.006731534842401743,-0.015854237601161003,-0.010679866187274456
70.24003410339355,9.96151515338512,10.04668311483596,-1.0515513899736106,-0.00012726985563726997,3.3384903151683076e-06,0.0012910076238033133,-0.007286447685914259,0.005741611654860331,0.006354022073293501,9.992010934863092,10.022817685503135,-1.006357186755435,0.010893128571195601,-0.001202183138605613,-0.011269855844927361,9.957945745438337,9.995969112962484,-0.9943086206912994,0.006731534842401743,-0.015854237601161003,-0.010679866187274456
70.24003410339355,9.96151515338512,10.04668311483596,-1.0515513899736106,-0.00012726985563726997,3.3384903151683076e-06,0.0012910076238033133,-0.007286447685914259,0.005741611654860331,0.006354022073293501,9.992010934863092,10.022817685503135,-1.006357186755435,0.010893128571195601,-0.001202183138605613,-0.011269855844927361,9.957945745438337,9.995969112962484,-0.9943086206912994,0.006731534842401743,-0.015854237601161003,-0.010679866187274456
70.24003410339355,9.96151515338512,10.04668311483596,-1.0515513899736106,-0.00012726985563726997,3.3384903151683076e-06,0.0012910076238033133,-0.007286447685914259,0.005741611654860331,0.006354022073293501,9.992010934863092,10.022817685503135,-1.006357186755435,0.010893128571195601,-0.001202183138605613,-0.011269855844927361,9.957945745438337,9.995969112962484,-0.9943086206912994,0.006731534842401743,-0.015854237601161003,-0.010679866187274456
70.24003410339355,9.96151515338512,10.04668311483596,-1.0515513899736106,-0.00012726985563726997,3.3384903151683076e-06,0.0012910076238033133,-0.007286447685914259,0.005741611654860331,0.006354022073293501,9.992010934863092,10.022817685503135,-1.006357186755435,0.010893128571195601,-0.001202183138605613,-0.011269855844927361,9.957945745438337,9.995969112962484,-0.9943086206912994,0.006731534842401743,-0.015854237601161003,-0.010679866187274456
70.24003410339355,9.96151515338512,10.04668311483596,-1.0515513899736106,-0.00012726985563726997,3.3384903151683076e-06,0.0012910076238033133,-0.007286447685914259,0.005741611654860331,0.006354022073293501,9.992010934863092,10.022817685503135,-1.006357186755435,0.010893128571195601,-0.001202183138605613,-0.011269855844927361,9.957945745438337,9.995969112962484,-0.9943086206912994,0.006731534842401743,-0.015854237601161003,-0.010679866187274456
70.24003410339355,9.96151515338512,10.04668311483596,-1.0515513899736106,-0.00012726985563726997,3.3384903151683076e-06,0.0012910076238033133,-0.007286447685914259,0.005741611654860331,0.006354022073293501,9.992010934863092,10.022817685503135,-1.006357186755435,0.010893128571195601,-0.001202183138605613,-0.011269855844927361,9.957945745438337,9.995969112962484,-0.9943086206912994,0.006731534842401743,-0.015854237601161003,-0.010679866187274456
70.24003410339355,9.96151515338512,10.04668311483596,-1.0515513899736106,-0.00012726985563726997,3.3384903151683076e-06,0.0012910076238033133,-0.007286447685914259,0.005741611654860331,0.006354022073293501,9.992010934863092,10.022817685503135,-1.006357186755435,0.010893128571195601,-0.001202183138605613,-0.011269855844927361,9.957945745438337,9.995969112962484,-0.9943086206912994,0.006731534842401743,-0.015854237601161003,-0.010679866187274456
70.24003410339355,9.96151515338512,10.04668311483596,-1.0515513899736106,-0.00012726985563726997,3.3384903151683076e-06,0.0012910076238033133,-0.007286447685914259,0.005741611654860331,0.006354022073293501,9.992010934863092,10.022817685503135,-1.006357186755435,0.010893128571195601,-0.001202183138605613,-0.011269855844927361,9.957945745438337,9.995969112962484,-0.9943086206912994,0.006731534842401743,-0.015854237601161003,-0.010679866187274456
70.24003410339355,9.96151515338512,10.04668311483596,-1.0515513899736106,-0.00012726985563726997,3.3384903151683076e-06,0.0012910076238033133,-0.007286447685914259,0.005741611654860331,0.006354022073293501,9.992010934863092,10.022817685503135,-1.006357186755435,0.010893128571195601,-0.001202183138605613,-0.011269855844927361,9.957945745438337,9.995969112962484,-0.9943086206912994,0.006731534842401743,-0.015854237601161003,-0.010679866187274456
70.24003410339355,9.96151515338512,10.04668311483596,-1.0515513899736106,-0.00012726985563726997,3.3384903151683076e-06,0.0012910076238033133,-0.007286447685914259,0.005741611654860331,0.006354022073293501,9.992010934863092,10.022817685503135,-1.006357186755435,0.010893128571195601,-0.001202183138605613,-0.011269855844927361,9.957945745438337,9.995969112962484,-0.9943086206912994,0.006731534842401743,-0.015854237601161003,-0.010679866187274456
70.24003410339355,9.96151515338512,10.04668311483596,-1.0515513899736106,-0.00012726985563726997,3.3384903151683076e-06,0.0012910076238033133,-0.007286447685914259,0.005741611654860331,0.006354022073293501,9.992010934863092,10.022817685503135,-1.006357186755435,0.010893128571195601,-0.001202183138605613,-0.011269855844927361,9.957945745438337,9.995969112962484,-0.9943086206912994,0.006731534842401743,-0.015854237601161003,-0.010679866187274456
70.24003410339355,9.96151515338512,10.04668311483596,-1.0515513899736106,-0.00012726985563726997,3.3384903151683076e-06,0.0012910076238033133,-0.007286447685914259,0.005741611654860331,0.006354022073293501,9.992010934863092,10.022817685503135,-1.006357186755435,0.010893128571195601,-0.001202183138605613,-0.011269855844927361,9.957945745438337,9.995969112962484,-0.9943086206912994,0.006731534842401743,-0.015854237601161003,-0.010679866187274456
70.24003410339355,9.96151515338512,10.04668311483596,-1.0515513899736106,-0.00012726985563726997,3.3384903151683076e-06,0.0012910076238033133,-0.007286447685914259,0.005741611654860331,0.006354022073293501,9.992010934863092,10.022817685503135,-1.006357186755435,0.010893128571195601,-0.001202183138605613,-0.011269855844927361,9.957945745438337,9.995969112962484,-0.9943086206912994,0.006731534842401743,-0.015854237601161003,-0.010679866187274456
70.24003410339355,9.96151515338512,10.04668311483596,-1.0515513899736106,-0.00012726985563726997,3.3384903151683076e-06,0.0012910076238033133,-0.007286447685914259,0.005741611654860331,0.006354022073293501,9.992010934863092,10.022817685503135,-1.006357186755435,0.010893128571195601,-0.001202183138605613,-0.011269855844927361,9.957945745438337,9.995969112962484,-0.9943086206912994,0.006731534842401743,-0.015854237601161003,-0.010679866187274456
70.24003410339355,9.96151515338512,10.04668311483596,-1.0515513899736106,-0.00012726985563726997,3.3384903151683076e-06,0.0012910076238033133,-0.007286447685914259,0.005741611654860331,0.006354022073293501,9.992010934863092,10.022817685503135,-1.006357186755435,0.010893128571195601,-0.001202183138605613,-0.011269855844927361,9.957945745438337,9.995969112962484,-0.9943086206912994,0.006731534842401743,-0.015854237601161003,-0.010679866187274456
70.24003410339355,9.96151515338512,10.04668311483596,-1.0515513899736106,-0.00012726985563726997,3.3384903151683076e-06,0.0012910076238033133,-0.007286447685914259,0.005741611654860331,0.006354022073293501,9.992010934863092,10.022817685503135,-1.006357186755435,0.010893128571195601,-0.001202183138605613,-0.011269855844927361,9.957945745438337,9.995969112962484,-0.9943086206912994,0.006731534842401743,-0.015854237601161003,-0.010679866187274456
70.24003410339355,9.96151515338512,10.04668311483596,-1.0515513899736106,-0.00012726985563726997,3.3384903151683076e-06,0.0012910076238033133,-0.007286447685914259,0.005741611654860331,0.006354022073293501,9.992010934863092,10.022817685503135,-1.006357186755435,0.010893128571195601,-0.001202183138605613,-0.011269855844927361,9.957945745438337,9.995969112962484,-0.9943086206912994,0.006731534842401743,-0.015854237601161003,-0.010679866187274456
70.24003410339355,9.96151515338512,10.04668311483596,-1.0515513899736106,-0.00012726985563726997,3.3384903151683076e-06,0.0012910076238033133,-0.007286447685914259,0.005741611654860331,0.006354022073293501,9.992010934863092,10.022817685503135,-1.006357186755435,0.010893128571195601,-0.001202183138605613,-0.011269855844927361,9.957945745438337,9.995969112962484,-0.9943086206912994,0.006731534842401743,-0.015854237601161003,-0.010679866187274456
70.24003410339355,9.96151515338512,10.04668311483596,-1.0515513899736106,-0.00012726985563726997,3.3384903151683076e-06,0.0012910076238033133,-0.007286447685914259,0.005741611654860331,0.006354022073293501,9.992010934863092,10.022817685503135,-1.006357186755435,0.010893128571195601,-0.001202183138605613,-0.011269855844927361,9.957945745438337,9.995969112962484,-0.9943086206912994,0.006731534842401743,-0.015854237601161003,-0.010679866187274456
70.24003410339355,9.96151515338512,10.04668311483596,-1.0515513899736106,-0.00012726985563726997,3.3384903151683076e-06,0.0012910076238033133,-0.007286447685914259,0.005741611654860331,0.006354022073293501,9.992010934863092,10.022817685503135,-1.006357186755435,0.010893128571195601,-0.001202183138605613,-0.011269855844927361,9.957945745438337,9.995969112962484,-0.9943086206912994,0.006731534842401743,-0.015854237601161003,-0.010679866187274456
70.24003410339355,9.96151515338512,10.04668311483596,-1.0515513899736106,-0.00012726985563726997,3.3384903151683076e-06,0.0012910076238033133,-0.007286447685914259,0.005741611654860331,0.006354022073293501,9.992010934863092,10.022817685503135,-1.006357186755435,0.010893128571195601,-0.001202183138605613,-0.011269855844927361,9.957945745438337,9.995969112962484,-0.9943086206912994,0.006731534842401743,-0.015854237601161003,-0.010679866187274456
70.24003410339355,9.96151515338512,10.04668311483596,-1.0515513899736106,-0.00012726985563726997,3.3384903151683076e-06,0.0012910076238033133,-0.007286447685914259,0.005741611654860331,0.006354022073293501,9.992010934863092,10.022817685503135,-1.006357186755435,0.010893128571195601,-0.001202183138605613,-0.011269855844927361,9.957945745438337,9.995969112962484,-0.9943086206912994,0.006731534842401743,-0.015854237601161003,-0.010679866187274456
70.24003410339355,9.96151515338512,10.04668311483596,-1.0515513899736106,-0.00012726985563726997,3.3384903151683076e-06,0.0012910076238033133,-0.007286447685914259,0.005741611654860331,0.006354022073293501,9.992010934863092,10.022817685503135,-1.006357186755435,0.010893128571195601,-0.001202183138605613,-0.011269855844927361,9.957945745438337,9.995969112962484,-0.9943086206912994,0.006731534842401743,-0.015854237601161003,-0.010679866187274456
70.24003410339355,9.96151515338512,10.04668311483596,-1.0515513899736106,-0.00012726985563726997,3.3384903151683076e-06,0.0012910076238033133,-0.007286447685914259,0.005741611654860331,0.006354022073293501,9.992010934863092,10.022817685503135,-1.006357186755435,0.010893128571195601,-0.001202183138605613,-0.011269855844927361,9.957945745438337,9.995969112962484,-0.9943086206912994,0.006731534842401743,-0.015854237601161003,-0.010679866187274456
70.24003410339355,9.96151515338512,10.04668311483596,-1.0515513899736106,-0.00012726985563726997,3.3384903151683076e-06,0.0012910076238033133,-0.007286447685914259,0.005741611654860331,0.006354022073293501,9.992010934863092,10.022817685503135,-1.006357186755435,0.010893128571195601,-0.001202183138605613,-0.011269855844927361,9.957945745438337,9.995969112962484,-0.9943086206912994,0.006731534842401743,-0.015854237601161003,-0.010679866187274456
70.24003410339355,9.96151515338512,10.04668311483596,-1.0515513899736106,-0.00012726985563726997,3.3384903151683076e-06,0.0012910076238033133,-0.007286447685914259,0.005741611654860331,0.006354022073293501,9.992010934863092,10.022817685503135,-1.006357186755435,0.010893128571195601,-0.001202183138605613,-0.011269855844927361,9.957945745438337,9.995969112962484,-0.9943086206912994,0.006731534842401743,-0.015854237601161003,-0.010679866187274456
70.24003410339355,9.96151515338512,10.04668311483596,-1.0515513899736106,-0.00012726985563726997,3.3384903151683076e-06,0.0012910076238033133,-0.007286447685914259,0.005741611654860331,0.006354022073293501,9.992010934863092,10.022817685503135,-1.006357186755435,0.010893128571195601,-0.001202183138605613,-0.011269855844927361,9.957945745438337,9.995969112962484,-0.9943086206912994,0.006731534842401743,-0.015854237601161003,-0.010679866187274456
70.24003410339355,9.96151515338512,10.04668311483596,-1.0515513899736106,-0.00012726985563726997,3.3384903151683076e-06,0.0012910076238033133,-0.007286447685914259,0.005741611654860331,0.006354022073293501,9.992010934863092,10.022817685503135,-1.006357186755435,0.010893128571195601,-0.001202183138605613,-0.011269855844927361,9.957945745438337,9.995969112962484,-0.9943086206912994,0.006731534842401743,-0.015854237601161003,-0.010679866187274456
70.24003410339355,9.96151515338512,10.04668311483596,-1.0515513899736106,-0.00012726985563726997,3.3384903151683076e-06,0.0012910076238033133,-0.007286447685914259,0.005741611654860331,0.006354022073293501,9.992010934863092,10.022817685503135,-1.006357186755435,0.010893128571195601,-0.001202183138605613,-0.011269855844927361,9.957945745438337,9.995969112962484,-0.9943086206912994,0.006731534842401743,-0.015854237601161003,-0.010679866187274456
70.24003410339355,9.96151515338512,10.04668311483596,-1.0515513899736106,-0.00012726985563726997,3.3384903151683076e-06,0.0012910076238033133,-0.007286447685914259,0.005741611654860331,0.006354022073293501,9.992010934863092,10.022817685503135,-1.006357186755435,0.010893128571195601,-0.001202183138605613,-0.011269855844927361,9.957945745438337,9.995969112962484,-0.9943086206912994,0.006731534842401743,-0.015854237601161003,-0.010679866187274456
70.24003410339355,9.96151515338512,10.04668311483596,-1.0515513899736106,-0.00012726985563726997,3.3384903151683076e-06,0.0012910076238033133,-0.007286447685914259,0.005741611654860331,0.006354022073293501,9.992010934863092,10.022817685503135,-1.006357186755435,0.010893128571195601,-0.001202183138605613,-0.011269855844927361,9.957945745438337,9.995969112962484,-0.9943086206912994,0.006731534842401743,-0.015854237601161003,-0.010679866187274456
70.24003410339355,9.96151515338512,10.04668311483596,-1.0515513899736106,-0.00012726985563726997,3.3384903151683076e-06,0.0012910076238033133,-0.007286447685914259,0.005741611654860331,0.006354022073293501,9.992010934863092,10.022817685503135,-1.006357186755435,0.010893128571195601,-0.001202183138605613,-0.011269855844927361,9.957945745438337,9.995969112962484,-0.9943086206912994,0.006731534842401743,-0.015854237601161003,-0.010679866187274456
70.24003410339355,9.96151515338512,10.04668311483596,-1.0515513899736106,-0.00012726985563726997,3.3384903151683076e-06,0.0012910076238033133,-0.007286447685914259,0.005741611654860331,0.006354022073293501,9.992010934863092,10.022817685503135,-1.006357186755435,0.010893128571195601,-0.001202183138605613,-0.011269855844927361,9.957945745438337,9.995969112962484,-0.9943086206912994,0.006731534842401743,-0.015854237601161003,-0.010679866187274456
70.24003410339355,9.96151515338512,10.04668311483596,-1.0515513899736106,-0.00012726985563726997,3.3384903151683076e-06,0.0012910076238033133,-0.007286447685914259,0.005741611654860331,0.006354022073293501,9.992010934863092,10.022817685503135,-1.006357186755435,0.010893128571195601,-0.001202183138605613,-0.011269855844927361,9.957945745438337,9.995969112962484,-0.9943086206912994,0.006731534842401743,-0.015854237601161003,-0.010679866187274456
70.24003410339355,9.96151515338512,10.04668311483596,-1.0515513899736106,-0.00012726985563726997,3.3384903151683076e-06,0.0012910076238033133,-0.007286447685914259,0.005741611654860331,0.006354022073293501,9.992010934863092,10.022817685503135,-1.006357186755435,0.010893128571195601,-0.001202183138605613,-0.011269855844927361,9.957945745438337,9.995969112962484,-0.9943086206912994,0.006731534842401743,-0.015854237601161003,-0.010679866187274456
70.24003410339355,9.96151515338512,10.04668311483596,-1.0515513899736106,-0.00012726985563726997,3.3384903151683076e-06,0.0012910076238033133,-0.007286447685914259,0.005741611654860331,0.006354022073293501,9.992010934863092,10.022817685503135,-1.006357186755435,0.010893128571195601,-0.001202183138605613,-0.011269855844927361,9.957945745438337,9.995969112962484,-0.9943086206912994,0.006731534842401743,-0.015854237601161003,-0.010679866187274456
70.24003410339355,9.96151515338512,10.04668311483596,-1.0515513899736106,-0.00012726985563726997,3.3384903151683076e-06,0.0012910076238033133,-0.007286447685914259,0.005741611654860331,0.006354022073293501,9.992010934863092,10.022817685503135,-1.006357186755435,0.010893128571195601,-0.001202183138605613,-0.011269855844927361,9.957945745438337,9.995969112962484,-0.9943086206912994,0.006731534842401743,-0.015854237601161003,-0.010679866187274456
70.24003410339355,9.96151515338512,10.04668311483596,-1.0515513899736106,-0.00012726985563726997,3.3384903151683076e-06,0.0012910076238033133,-0.007286447685914259,0.005741611654860331,0.006354022073293501,9.992010934863092,10.022817685503135,-1.006357186755435,0.010893128571195601,-0.001202183138605613,-0.011269855844927361,9.957945745438337,9.995969112962484,-0.9943086206912994,0.006731534842401743,-0.015854237601161003,-0.010679866187274456
70.24003410339355,9.96151515338512,10.04668311483596,-1.0515513899736106,-0.00012726985563726997,3.3384903151683076e-06,0.0012910076238033133,-0.007286447685914259,0.005741611654860331,0.006354022073293501,9.992010934863092,10.022817685503135,-1.006357186755435,0.010893128571195601,-0.001202183138605613,-0.011269855844927361,9.957945745438337,9.995969112962484,-0.9943086206912994,0.006731534842401743,-0.015854237601161003,-0.010679866187274456
70.24003410339355,9.96151515338512,10.04668311483596,-1.0515513899736106,-0.00012726985563726997,3.3384903151683076e-06,0.0012910076238033133,-0.007286447685914259,0.005741611654860331,0.006354022073293501,9.992010934863092,10.022817685503135,-1.006357186755435,0.010893128571195601,-0.001202183138605613,-0.011269855844927361,9.957945745438337,9.995969112962484,-0.9943086206912994,0.006731534842401743,-0.015854237601161003,-0.010679866187274456
70.24003410339355,9.96151515338512,10.04668311483596,-1.0515513899736106,-0.00012726985563726997,3.3384903151683076e-06,0.0012910076238033133,-0.007286447685914259,0.005741611654860331,0.006354022073293501,9.992010934863092,10.022817685503135,-1.006357186755435,0.010893128571195601,-0.001202183138605613,-0.011269855844927361,9.957945745438337,9.995969112962484,-0.9943086206912994,0.006731534842401743,-0.015854237601161003,-0.010679866187274456
70.24003410339355,9.96151515338512,10.04668311483596,-1.0515513899736106,-0.00012726985563726997,3.3384903151683076e-06,0.0012910076238033133,-0.007286447685914259,0.005741611654860331,0.006354022073293501,9.992010934863092,10.022817685503135,-1.006357186755435,0.010893128571195601,-0.001202183138605613,-0.011269855844927361,9.957945745438337,9.995969112962484,-0.9943086206912994,0.006731534842401743,-0.015854237601161003,-0.010679866187274456
70.24003410339355,9.96151515338512,10.04668311483596,-1.0515513899736106,-0.00012726985563726997,3.3384903151683076e-06,0.0012910076238033133,-0.007286447685914259,0.005741611654860331,0.006354022073293501,9.992010934863092,10.022817685503135,-1.006357186755435,0.010893128571195601,-0.001202183138605613,-0.011269855844927361,9.957945745438337,9.995969112962484,-0.9943086206912994,0.006731534842401743,-0.015854237601161003,-0.010679866187274456
70.24003410339355,9.96151515338512,10.04668311483596,-1.0515513899736106,-0.00012726985563726997,3.3384903151683076e-06,0.0012910076238033133,-0.007286447685914259,0.005741611654860331,0.006354022073293501,9.992010934863092,10.022817685503135,-1.006357186755435,0.010893128571195601,-0.001202183138605613,-0.011269855844927361,9.957945745438337,9.995969112962484,-0.9943086206912994,0.006731534842401743,-0.015854237601161003,-0.010679866187274456
70.24003410339355,9.96151515338512,10.04668311483596,-1.0515513899736106,-0.00012726985563726997,3.3384903151683076e-06,0.0012910076238033133,-0.007286447685914259,0.005741611654860331,0.006354022073293501,9.992010934863092,10.022817685503135,-1.006357186755435,0.010893128571195601,-0.001202183138605613,-0.011269855844927361,9.957945745438337,9.995969112962484,-0.9943086206912994,0.006731534842401743,-0.015854237601161003,-0.010679866187274456
70.24003410339355,9.96151515338512,10.04668311483596,-1.0515513899736106,-0.00012726985563726997,3.3384903151683076e-06,0.0012910076238033133,-0.007286447685914259,0.005741611654860331,0.006354022073293501,9.992010934863092,10.022817685503135,-1.006357186755435,0.010893128571195601,-0.001202183138605613,-0.011269855844927361,9.957945745438337,9.995969112962484,-0.9943086206912994,0.006731534842401743,-0.015854237601161003,-0.010679866187274456
70.24003410339355,9.96151515338512,10.04668311483596,-1.0515513899736106,-0.00012726985563726997,3.3384903151683076e-06,0.0012910076238033133,-0.007286447685914259,0.005741611654860331,0.006354022073293501,9.992010934863092,10.022817685503135,-1.006357186755435,0.010893128571195601,-0.001202183138605613,-0.011269855844927361,9.957945745438337,9.995969112962484,-0.9943086206912994,0.006731534842401743,-0.015854237601161003,-0.010679866187274456
70.24003410339355,9.96151515338512,10.04668311483596,-1.0515513899736106,-0.00012726985563726997,3.3384903151683076e-06,0.0012910076238033133,-0.007286447685914259,0.005741611654860331,0.006354022073293501,9.992010934863092,10.022817685503135,-1.006357186755435,0.010893128571195601,-0.001202183138605613,-0.011269855844927361,9.957945745438337,9.995969112962484,-0.9943086206912994,0.006731534842401743,-0.015854237601161003,-0.010679866187274456
70.24003410339355,9.96151515338512,10.04668311483596,-1.0515513899736106,-0.00012726985563726997,3.3384903151683076e-06,0.0012910076238033133,-0.007286447685914259,0.005741611654860331,0.006354022073293501,9.992010934863092,10.022817685503135,-1.006357186755435,0.010893128571195601,-0.001202183138605613,-0.011269855844927361,9.957945745438337,9.995969112962484,-0.9943086206912994,0.006731534842401743,-0.015854237601161003,-0.010679866187274456
70.24003410339355,9.96151515338512,10.04668311483596,-1.0515513899736106,-0.00012726985563726997,3.3384903151683076e-06,0.0012910076238033133,-0.007286447685914259,0.005741611654860331,0.006354022073293501,9.992010934863092,10.022817685503135,-1.006357186755435,0.010893128571195601,-0.001202183138605613,-0.011269855844927361,9.957945745438337,9.995969112962484,-0.9943086206912994,0.006731534842401743,-0.015854237601161003,-0.010679866187274456
70.24003410339355,9.96151515338512,10.04668311483596,-1.0515513899736106,-0.00012726985563726997,3.3384903151683076e-06,0.0012910076238033133,-0.007286447685914259,0.005741611654860331,0.006354022073293501,9.992010934863092,10.022817685503135,-1.006357186755435,0.010893128571195601,-0.001202183138605613,-0.011269855844927361,9.957945745438337,9.995969112962484,-0.9943086206912994,0.006731534842401743,-0.015854237601161003,-0.010679866187274456
70.24003410339355,9.96151515338512,10.04668311483596,-1.0515513899736106,-0.00012726985563726997,3.3384903151683076e-06,0.0012910076238033133,-0.007286447685914259,0.005741611654860331,0.006354022073293501,9.992010934863092,10.022817685503135,-1.006357186755435,0.010893128571195601,-0.001202183138605613,-0.011269855844927361,9.957945745438337,9.995969112962484,-0.9943086206912994,0.006731534842401743,-0.015854237601161003,-0.010679866187274456
70.24003410339355,9.96151515338512,10.04668311483596,-1.0515513899736106,-0.00012726985563726997,3.3384903151683076e-06,0.0012910076238033133,-0.007286447685914259,0.005741611654860331,0.006354022073293501,9.992010934863092,10.022817685503135,-1.006357186755435,0.010893128571195601,-0.001202183138605613,-0.011269855844927361,9.957945745438337,9.995969112962484,-0.9943086206912994,0.006731534842401743,-0.015854237601161003,-0.010679866187274456
70.24003410339355,9.96151515338512,10.04668311483596,-1.0515513899736106,-0.00012726985563726997,3.3384903151683076e-06,0.0012910076238033133,-0.007286447685914259,0.005741611654860331,0.006354022073293501,9.992010934863092,10.022817685503135,-1.006357186755435,0.010893128571195601,-0.001202183138605613,-0.011269855844927361,9.957945745438337,9.995969112962484,-0.9943086206912994,0.006731534842401743,-0.015854237601161003,-0.010679866187274456
70.24003410339355,9.96151515338512,10.04668311483596,-1.0515513899736106,-0.00012726985563726997,3.3384903151683076e-06,0.0012910076238033133,-0.007286447685914259,0.005741611654860331,0.006354022073293501,9.992010934863092,10.022817685503135,-1.006357186755435,0.010893128571195601,-0.001202183138605613,-0.011269855844927361,9.957945745438337,9.995969112962484,-0.9943086206912994,0.006731534842401743,-0.015854237601161003,-0.010679866187274456
70.24003410339355,9.96151515338512,10.04668311483596,-1.0515513899736106,-0.00012726985563726997,3.3384903151683076e-06,0.0012910076238033133,-0.007286447685914259,0.005741611654860331,0.006354022073293501,9.992010934863092,10.022817685503135,-1.006357186755435,0.010893128571195601,-0.001202183138605613,-0.011269855844927361,9.957945745438337,9.995969112962484,-0.9943086206912994,0.006731534842401743,-0.015854237601161003,-0.010679866187274456
70.24003410339355,9.96151515338512,10.04668311483596,-1.0515513899736106,-0.00012726985563726997,3.3384903151683076e-06,0.0012910076238033133,-0.007286447685914259,0.005741611654860331,0.006354022073293501,9.992010934863092,10.022817685503135,-1.006357186755435,0.010893128571195601,-0.001202183138605613,-0.011269855844927361,9.957945745438337,9.995969112962484,-0.9943086206912994,0.006731534842401743,-0.015854237601161003,-0.010679866187274456
70.24003410339355,9.96151515338512,10.04668311483596,-1.0515513899736106,-0.00012726985563726997,3.3384903151683076e-06,0.0012910076238033133,-0.007286447685914259,0.005741611654860331,0.006354022073293501,9.992010934863092,10.022817685503135,-1.006357186755435,0.010893128571195601,-0.001202183138605613,-0.011269855844927361,9.957945745438337,9.995969112962484,-0.9943086206912994,0.006731534842401743,-0.015854237601161003,-0.010679866187274456
70.24003410339355,9.96151515338512,10.04668311483596,-1.0515513899736106,-0.00012726985563726997,3.3384903151683076e-06,0.0012910076238033133,-0.007286447685914259,0.005741611654860331,0.006354022073293501,9.992010934863092,10.022817685503135,-1.006357186755435,0.010893128571195601,-0.001202183138605613,-0.011269855844927361,9.957945745438337,9.995969112962484,-0.9943086206912994,0.006731534842401743,-0.015854237601161003,-0.010679866187274456
70.24003410339355,9.96151515338512,10.04668311483596,-1.0515513899736106,-0.00012726985563726997,3.3384903151683076e-06,0.0012910076238033133,-0.007286447685914259,0.005741611654860331,0.006354022073293501,9.992010934863092,10.022817685503135,-1.006357186755435,0.010893128571195601,-0.001202183138605613,-0.011269855844927361,9.957945745438337,9.995969112962484,-0.9943086206912994,0.006731534842401743,-0.015854237601161003,-0.010679866187274456
70.24003410339355,9.96151515338512,10.04668311483596,-1.0515513899736106,-0.00012726985563726997,3.3384903151683076e-06,0.0012910076238033133,-0.007286447685914259,0.005741611654860331,0.006354022073293501,9.992010934863092,10.022817685503135,-1.006357186755435,0.010893128571195601,-0.001202183138605613,-0.011269855844927361,9.957945745438337,9.995969112962484,-0.9943086206912994,0.006731534842401743,-0.015854237601161003,-0.010679866187274456
70.24003410339355,9.96151515338512,10.04668311483596,-1.0515513899736106,-0.00012726985563726997,3.3384903151683076e-06,0.0012910076238033133,-0.007286447685914259,0.005741611654860331,0.006354022073293501,9.992010934863092,10.022817685503135,-1.006357186755435,0.010893128571195601,-0.001202183138605613,-0.011269855844927361,9.957945745438337,9.995969112962484,-0.9943086206912994,0.006731534842401743,-0.015854237601161003,-0.010679866187274456
70.24003410339355,9.96151515338512,10.04668311483596,-1.0515513899736106,-0.00012726985563726997,3.3384903151683076e-06,0.0012910076238033133,-0.007286447685914259,0.005741611654860331,0.006354022073293501,9.992010934863092,10.022817685503135,-1.006357186755435,0.010893128571195601,-0.001202183138605613,-0.011269855844927361,9.957945745438337,9.995969112962484,-0.9943086206912994,0.006731534842401743,-0.015854237601161003,-0.010679866187274456
70.24003410339355,9.96151515338512,10.04668311483596,-1.0515513899736106,-0.00012726985563726997,3.3384903151683076e-06,0.0012910076238033133,-0.007286447685914259,0.005741611654860331,0.006354022073293501,9.992010934863092,10.022817685503135,-1.006357186755435,0.010893128571195601,-0.001202183138605613,-0.011269855844927361,9.957945745438337,9.995969112962484,-0.9943086206912994,0.006731534842401743,-0.015854237601161003,-0.010679866187274456
70.24003410339355,9.96151515338512,10.04668311483596,-1.0515513899736106,-0.00012726985563726997,3.3384903151683076e-06,0.0012910076238033133,-0.007286447685914259,0.005741611654860331,0.006354022073293501,9.992010934863092,10.022817685503135,-1.006357186755435,0.010893128571195601,-0.001202183138605613,-0.011269855844927361,9.957945745438337,9.995969112962484,-0.9943086206912994,0.006731534842401743,-0.015854237601161003,-0.010679866187274456
70.24003410339355,9.96151515338512,10.04668311483596,-1.0515513899736106,-0.00012726985563726997,3.3384903151683076e-06,0.0012910076238033133,-0.007286447685914259,0.005741611654860331,0.006354022073293501,9.992010934863092,10.022817685503135,-1.006357186755435,0.010893128571195601,-0.001202183138605613,-0.011269855844927361,9.957945745438337,9.995969112962484,-0.9943086206912994,0.006731534842401743,-0.015854237601161003,-0.010679866187274456
70.24003410339355,9.96151515338512,10.04668311483596,-1.0515513899736106,-0.00012726985563726997,3.3384903151683076e-06,0.0012910076238033133,-0.007286447685914259,0.005741611654860331,0.006354022073293501,9.992010934863092,10.022817685503135,-1.006357186755435,0.010893128571195601,-0.001202183138605613,-0.011269855844927361,9.957945745438337,9.995969112962484,-0.9943086206912994,0.006731534842401743,-0.015854237601161003,-0.010679866187274456
70.24003410339355,9.96151515338512,10.04668311483596,-1.0515513899736106,-0.00012726985563726997,3.3384903151683076e-06,0.0012910076238033133,-0.007286447685914259,0.005741611654860331,0.006354022073293501,9.992010934863092,10.022817685503135,-1.006357186755435,0.010893128571195601,-0.001202183138605613,-0.011269855844927361,9.957945745438337,9.995969112962484,-0.9943086206912994,0.006731534842401743,-0.015854237601161003,-0.010679866187274456
70.24003410339355,9.96151515338512,10.04668311483596,-1.0515513899736106,-0.00012726985563726997,3.3384903151683076e-06,0.0012910076238033133,-0.007286447685914259,0.005741611654860331,0.006354022073293501,9.992010934863092,10.022817685503135,-1.006357186755435,0.010893128571195601,-0.001202183138605613,-0.011269855844927361,9.957945745438337,9.995969112962484,-0.9943086206912994,0.006731534842401743,-0.015854237601161003,-0.010679866187274456
70.24003410339355,9.96151515338512,10.04668311483596,-1.0515513899736106,-0.00012726985563726997,3.3384903151683076e-06,0.0012910076238033133,-0.007286447685914259,0.005741611654860331,0.006354022073293501,9.992010934863092,10.022817685503135,-1.006357186755435,0.010893128571195601,-0.001202183138605613,-0.011269855844927361,9.957945745438337,9.995969112962484,-0.9943086206912994,0.006731534842401743,-0.015854237601161003,-0.010679866187274456
70.24003410339355,9.96151515338512,10.04668311483596,-1.0515513899736106,-0.00012726985563726997,3.3384903151683076e-06,0.0012910076238033133,-0.007286447685914259,0.005741611654860331,0.006354022073293501,9.992010934863092,10.022817685503135,-1.006357186755435,0.010893128571195601,-0.001202183138605613,-0.011269855844927361,9.957945745438337,9.995969112962484,-0.9943086206912994,0.006731534842401743,-0.015854237601161003,-0.010679866187274456
70.24003410339355,9.96151515338512,10.04668311483596,-1.0515513899736106,-0.00012726985563726997,3.3384903151683076e-06,0.0012910076238033133,-0.007286447685914259,0.005741611654860331,0.006354022073293501,9.992010934863092,10.022817685503135,-1.006357186755435,0.010893128571195601,-0.001202183138605613,-0.011269855844927361,9.957945745438337,9.995969112962484,-0.9943086206912994,0.006731534842401743,-0.015854237601161003,-0.010679866187274456
70.24003410339355,9.96151515338512,10.04668311483596,-1.0515513899736106,-0.00012726985563726997,3.3384903151683076e-06,0.0012910076238033133,-0.007286447685914259,0.005741611654860331,0.006354022073293501,9.992010934863092,10.022817685503135,-1.006357186755435,0.010893128571195601,-0.001202183138605613,-0.011269855844927361,9.957945745438337,9.995969112962484,-0.9943086206912994,0.006731534842401743,-0.015854237601161003,-0.010679866187274456
70.24003410339355,9.96151515338512,10.04668311483596,-1.0515513899736106,-0.00012726985563726997,3.3384903151683076e-06,0.0012910076238033133,-0.007286447685914259,0.005741611654860331,0.006354022073293501,9.992010934863092,10.022817685503135,-1.006357186755435,0.010893128571195601,-0.001202183138605613,-0.011269855844927361,9.957945745438337,9.995969112962484,-0.9943086206912994,0.006731534842401743,-0.015854237601161003,-0.010679866187274456
70.24003410339355,9.96151515338512,10.04668311483596,-1.0515513899736106,-0.00012726985563726997,3.3384903151683076e-06,0.0012910076238033133,-0.007286447685914259,0.005741611654860331,0.006354022073293501,9.992010934863092,10.022817685503135,-1.006357186755435,0.010893128571195601,-0.001202183138605613,-0.011269855844927361,9.957945745438337,9.995969112962484,-0.9943086206912994,0.006731534842401743,-0.015854237601161003,-0.010679866187274456
70.24003410339355,9.96151515338512,10.04668311483596,-1.0515513899736106,-0.00012726985563726997,3.3384903151683076e-06,0.0012910076238033133,-0.007286447685914259,0.005741611654860331,0.006354022073293501,9.992010934863092,10.022817685503135,-1.006357186755435,0.010893128571195601,-0.001202183138605613,-0.011269855844927361,9.957945745438337,9.995969112962484,-0.9943086206912994,0.006731534842401743,-0.015854237601161003,-0.010679866187274456
