time,gps_N,gps_E,gps_D,bg_x,bg_y,bg_z,ba_x,ba_y,ba_z,eskf_N,eskf_E,eskf_D,eskf_vN,eskf_vE,eskf_vD,px4_N,px4_E,px4_D,px4_vN,px4_vE,px4_vD
0.0,-0.00794799456240919,-0.001844245117189494,-0.006451657973229885,-1.4621623111593516e-06,7.446680738220937e-07,-2.8189222304310877e-10,-1.9008785716112396e-05,-3.734691114090622e-05,-5.257398953917328e-05,-0.00023818787869074715,-6.725821594524338e-05,0.0003722437286745675,-0.004588081129585422,-0.001298227268633296,0.01091677875235854,0.0,0.0,0.0,-0.01277665514498949,0.0015054750256240368,0.004570455756038427
0.0559999942779541,0.013337662342864485,0.0042799310316906,0.013532165437936783,0.00013139730288585366,0.00021350194630558454,9.331466458852927e-09,-0.0006496874945323851,0.00032862973859025925,-0.0006001084663106671,-4.849105488265177e-05,0.0003689843397221132,0.0014224818334147174,-0.0010404226400317293,0.007794517835511166,0.01739645144331846,-0.0009048003703355789,8.939004328567535e-05,0.0005862265825271606,-0.01316793356090784,0.0021719716023653746,0.004971385933458805
0.09599995613098145,0.015280286157285019,0.008418871584442916,0.011153804138302803,0.000552190124453534,-2.4591767384131414e-06,1.0718065374374296e-06,-0.0003540375146827817,0.0009045824644437828,-0.0007256272665665441,0.0006608876520658035,0.0007131768715012138,0.0024483891964928164,0.008577690516045275,0.00816521385883214,0.018417643245781407,-0.0015069004148244858,0.00011324149090796709,0.001088455319404602,-0.013492060825228691,0.0025611394084990025,0.0052493903785943985
0.15999984741210938,0.01560174277159766,0.00773827799489261,0.011404987424612045,0.0018187462704053372,0.0002113962994664873,7.884852824603018e-07,-0.00047077518851978495,0.001760315875573683,-0.00044665517093587956,0.0026166503943329455,0.0015098980031167486,0.003202973214822732,0.02647669973521828,0.013605354745086548,0.017832493204674595,-0.0022433381527662277,0.0001746504131006077,0.002133399248123169,-0.01360238529741764,0.0032301272731274366,0.005760129075497389
0.20000004768371582,0.026981881604637204,0.004965587812582907,0.009443391114473343,0.0016406453723745683,0.0006806163687359328,-2.3221856844551207e-06,-0.0006411397032131499,0.0016962180147000521,-0.0002640780295343301,0.004019559588011005,0.0024830575069931587,0.0039150079307365224,0.03225732551845572,0.019715207995102863,0.017789987725447598,-0.0024566929787397385,0.00020372328435769305,0.0027306824922561646,-0.013436169363558292,0.0036020309198647738,0.006019917782396078
0.2560000419616699,0.038274347173029445,0.007794871067011382,0.0046958159655332565,-0.002484428347324737,-0.002231876407448268,1.1585974922587259e-05,-1.4832545669238035e-05,0.0008336538306026437,0.00024250786791510064,0.004655409367530117,0.00197705667717503,0.004651701538203098,0.021710085363775562,0.006799166892561637,0.016844496232513308,-0.002304546535015106,0.00032949717933661304,0.003488481044769287,-0.012709734961390495,0.004029522649943829,0.006373235024511814
0.29600000381469727,0.027798688026974393,0.007922905365600788,0.0035545770078897476,-0.00354338620512363,-0.0018656166269120484,1.2877225983831922e-05,-5.8006511202802115e-05,0.0007089979857681478,-6.846326303407507e-05,0.0056270963914459,0.0024977950403802223,0.005678920722799528,0.021313447555163505,0.007942173367333109,0.017758692167632307,-0.002006571739912033,0.0004159705567872152,0.003961443901062012,-0.012261423282325268,0.004588840529322624,0.006621365435421467
0.3599998950958252,0.023970848214478375,0.013974771492587683,0.016983695328235626,-0.006231695503183707,-0.0034795367259972,1.422372559638135e-05,4.022389843562674e-05,0.0005293894522586597,-0.0009133096481894498,0.00625194301421518,0.0024411915865465996,0.00698733736437953,0.01728535592121648,0.00375674999782875,0.019196759686278243,-0.0013301242142915726,0.0004135352064622566,0.00472433865070343,-0.011363789439201355,0.0049331518821418285,0.006963116582483053
0.39999985694885254,0.029532871693970755,0.01537738605955432,0.006438875570893288,-0.00832779856648863,-0.00469928914581839,1.4550397637403759e-05,8.901373314769548e-05,0.00044561528657937493,-0.0010935893621107856,0.006834797904751209,0.0023320561196556824,0.00806649602755752,0.014456492643535337,0.0001853933479309037,0.019807099319555016,-0.0008208900690078735,0.0004116828931728378,0.005221173167228699,-0.01067215297371149,0.0052656857296824455,0.0071759577840566635
0.45599985122680664,0.03812587639011602,0.024565851323315943,-0.015278413949999958,-0.01564333726991777,-0.005354270554560968,3.699678717214264e-05,0.00011166135378877805,0.0003091149375638424,-0.003044375104731114,0.006372109665275685,0.0023083095838348096,0.009687790146432637,0.0028099107188945894,-0.003737267096275618,0.022188474408699716,4.060566425323486e-06,0.00031631625461159274,0.006047844886779785,-0.009534098207950592,0.005634719505906105,0.007426619995385408
0.495999813079834,0.04163832540790655,0.029733682513282043,-0.031105092726647854,-0.01981635850210791,-0.0018590545046695698,8.153917156847567e-05,8.379249401972385e-05,0.00027593911881400307,-0.004410239411724175,0.0058154120195188005,0.002942394357008408,0.011311690546131776,-0.006474377156836145,-0.0011315906001835236,0.024113272905641008,0.000600745901465416,0.00020361711358418688,0.006646022200584412,-0.008609354496002197,0.005680282134562731,0.007721100468188524
0.559999942779541,0.04640154897468257,0.03292109963960018,-0.02406101394444704,-0.024000764038920888,-6.983048502711748e-05,0.00011130208955591165,8.096571942142504e-05,0.00028732780993015206,-0.003716960851711027,0.0053167264632406775,0.003695611265463426,0.01206168108768543,-0.016413176432211265,-1.3094044786847923e-05,0.023947970568322288,0.0014481153339147568,6.070798553992063e-05,0.007617756724357605,-0.007932874374091625,0.0058021279983222485,0.008071715012192726
0.5999999046325684,0.05739425753736733,0.03380731538878711,-0.01241445867344737,-0.02429985802184404,-0.0008377991998983561,0.00010084773214113287,7.452020885981662e-05,0.00029010383811297106,-0.0038619485496534265,0.004720019002522601,0.0037846881223274707,0.013320744057963664,-0.022638390317044923,-0.00212987822634929,0.024752370309926934,0.0019223783165216446,6.151976413093507e-05,0.008264541625976562,-0.007547677960246801,0.00585648650303483,0.008457121439278126
0.6559998989105225,0.06449840868506651,0.03877489601662697,-0.042185962200164795,-0.014941575573948932,0.0002449340834504857,0.00010365550028712727,8.539032812629276e-05,0.00016957765828463432,-0.0009818833791229648,0.006095063436306057,0.004644653156542711,0.013094509946808068,-0.016430166501676807,-0.00040436312497219875,0.02244936992996814,0.0024864766746759415,6.950201350264251e-05,0.0091991126537323,-0.007061659824103117,0.005753395613282919,0.008725939318537712
0.6959998607635498,0.05353938356137554,0.042998258706315844,-0.03288613632321358,-0.012755931176936096,0.00047651451423794003,0.00010620325250379675,8.90200248648111e-05,0.00013177578046471997,0.002341367516017453,0.005900208505886032,0.005007578224531595,0.012792336387236711,-0.018205243692011125,-0.00047929476869998643,0.019785004962573176,0.0029345713555812836,0.00011377569171600044,0.009791374206542969,-0.007065066136419773,0.005790440831333399,0.009061083197593689
0.7599999904632568,0.04933600678484788,0.037701381323796426,-0.023417466785758734,-0.0077848099167759695,0.004638607170293576,0.0001662667420602927,0.00017687624420627805,2.319774301278158e-05,0.007668723320875152,0.006379165978045448,0.006363611447824792,0.011322744070166585,-0.016096399233884066,0.00557673600637984,0.014979975674396427,0.0038262400776147842,0.0002515165469958447,0.0103980153799057,-0.0067422231659293175,0.005830538459122181,0.00922468863427639
0.7999999523162842,0.04142621125641811,0.03778878392003325,-0.03564593195915222,-0.0052321383155695235,0.006284146251633622,0.0001895991962097762,0.0002173902793140023,-4.0259676976985004e-05,0.010847902624831398,0.006193757488258141,0.00729412947032821,0.010643181059556889,-0.01595704425705197,0.009317987685739219,0.01190574793313169,0.0043610697612166405,0.0004172749031567946,0.010516569018363953,-0.006604020483791828,0.0058089448139071465,0.009247172623872757
0.8559999465942383,0.030259325905097525,0.03089908195598998,-0.013941168319433928,-0.004482992161777956,0.007333335828945314,0.00019492167890432878,0.00024645409528335896,-5.68858534185788e-05,0.01663457272565973,0.006005168174150007,0.008391425182256019,0.008556486663765094,-0.017218148635297668,0.012420507327795092,0.006188670871077279,0.005116035230457783,0.0007835783471819013,0.010425209999084473,-0.00621025450527668,0.006048745941370726,0.00903911329805851
0.8959999084472656,0.0337880034832851,0.03851171559001218,0.004651891067624092,-0.004993246622426457,0.005530027339153639,0.00019050886513822908,0.00019108377936616144,-4.097934286963768e-05,0.018621753826609726,0.0051930913460884265,0.008902560955589415,0.007977855019435279,-0.02041046054433059,0.01115563119118822,0.0037279065050340975,0.005635078065097332,0.0011086213344242424,0.010080218315124512,-0.005888864863663912,0.0063406433910131454,0.008725603111088276
0.9600000381469727,0.029102332873522194,0.037508273083580575,-0.018547078128904104,-0.004434031874607315,0.0008754580303136591,0.00020840085786943385,3.769645196745337e-05,-6.143783592623167e-05,0.02017571635238712,0.004737247078102473,0.008735691790137121,0.007340426343403995,-0.021381026054525982,0.0037338911818490706,0.0016509792396994503,0.006204383447766304,0.0016677570820320398,0.009282603859901428,-0.005866541061550379,0.006454340647906065,0.008270337246358395
1.0002000331878662,0.036022534876828084,0.030378318992846657,-0.022703532595187426,-0.0019334629652547246,0.0014548363514014253,0.00022330532118239392,5.860078942809945e-05,-0.00015189862447193784,0.02212792786431161,0.004461062090778577,0.00932586620628572,0.006413028583683605,-0.01940342783480425,0.005325940443663201,-0.0009175466996432138,0.006409740075469017,0.001926592696690932,0.008609682321548462,-0.006118378136307001,0.006472799461334944,0.00797304231673479
1.0562000274658203,0.03849011976975839,0.029185595291836324,-0.026244869455695152,0.002682063246776644,0.002200656111908177,0.00023986086472823812,8.766991155657778e-05,-0.00032999792162246916,0.023825871388501483,0.005364579662475033,0.010290492566293299,0.005338081322089779,-0.011553862628910597,0.00810857649310316,-0.003379494947929713,0.006653805263340473,0.0022797499841544777,0.007705703377723694,-0.006295863538980484,0.006427372340112925,0.007629716768860817
1.1041998863220215,0.04406068575071222,0.029061757430001257,-0.025246775709092617,0.004805833815697613,0.0018116602016604135,0.0002611683431425594,7.190530844581656e-05,-0.00041679492735774155,0.02603729596196307,0.005779252214548034,0.010818686930596464,0.003944619117071649,-0.007076143144359681,0.008458841736361643,-0.006615128268128983,0.006938503123819828,0.0026197667757514864,0.006911829113960266,-0.006401404272764921,0.0065532466396689415,0.007237010169774294
1.1601998805999756,0.0492991274220107,0.03417031617172088,-0.018156287958845496,0.007917982106904291,-0.0032311334454326567,0.00048780046322640595,-0.00014852012021829842,-0.000551448485014889,0.030101568512588876,0.0074354588274611584,0.009872502710321336,0.0013590682986167671,0.0024179631921737617,-0.002099555322424028,-0.011946752610834136,0.007356182672083378,0.0030315971525851637,0.005955606698989868,-0.006363116204738617,0.006877681706100702,0.006605907343327999
1.200199842453003,0.0563138697889945,0.0224784632968221,-0.042912257835268974,0.008739711400652894,-0.0034074282424535716,0.00048673407978149424,-0.00015577212571767622,-0.0005898105282106402,0.031758798864275746,0.00861850184836844,0.009893340281756778,-0.0003725157151040318,0.00670936424428386,-0.0034350856222150157,-0.014887798870353854,0.007800063118338585,0.003223050764063373,0.005082070827484131,-0.006198087707161903,0.006980577949434519,0.006167085375636816
1.256199836730957,0.049711129318392194,0.029563273999481332,-0.03146679978817701,0.008791088810869027,-0.002327570380695291,0.00038872301945056957,-0.00010284984868069434,-0.0005926755942062651,0.031254645232638927,0.009276454093300638,0.010292394007707645,-0.0009190847200639191,0.008942490557678385,-0.0015279249948040247,-0.015501551678198028,0.008571597747504711,0.0032819937041494995,0.00369967520236969,-0.005845260340720415,0.006777692120522261,0.0056173731572926044
1.2962000370025635,0.04145958776225235,0.03785183683486145,-0.022535810247063637,0.00728422562534494,-0.0006557716614208285,0.00023266520493097167,-1.7004409732396512e-05,-0.0005151631901793259,0.027642573248545903,0.00956352556118907,0.011258707624385536,0.00011158973589070714,0.007016150053143306,0.002228135250113516,-0.012963306987997473,0.00924876518547535,0.003286871040472761,0.0026072412729263306,-0.005388797726482153,0.006582967471331358,0.0050338623113930225
1.3601999282836914,0.02489950489914158,0.038392134189487385,-0.021730474196374416,0.005809140096817951,-0.0002662378261451747,0.0002157588529465556,3.6712405414874167e-06,-0.0004371532693172972,0.024765737501615603,0.009253256980479544,0.011675206841248766,0.0011630762342827118,0.0041379263712841095,0.0029402828981190993,-0.010683009244346344,0.0103914188221097,0.0033837267255876213,0.0009526759386062622,-0.0046846820041537285,0.006516618188470602,0.0042408970184624195
1.4001998901367188,0.02169925640996723,0.033178287694747136,-0.03458672761917114,0.00386028969850448,0.0010609052857171715,7.057238556414624e-05,7.512782946816734e-05,-0.00033053167585778625,0.018222000311443887,0.008546533976773548,0.012745265876110103,0.0043963436030614875,-0.0010581793244171835,0.006678943032603052,-0.004113494157352416,0.011021525133401155,0.003512090683216229,0.00020860135555267334,-0.004413910210132599,0.0065381950698792934,0.003904226003214717
1.4561998844146729,0.011835406282190902,0.03631734711802041,-0.06722289696335793,0.003592218214981743,0.0015566744623602086,1.3088363032073716e-06,0.00010227844212167824,-0.0003153935769741439,0.016396104736968273,0.008348238796018113,0.01353239884892358,0.005160037069486771,-0.0012711759110040585,0.009085967340925413,-0.0025204509869967734,0.011697547044605017,0.0037423988396767527,-0.0005718767642974854,-0.004061409737914801,0.006656582001596689,0.0036005149595439434
1.4961998462677002,0.01242100858350998,0.02951515927583889,-0.06804538890719414,0.0036996867097899813,0.0018889424910011818,-4.849112972704893e-05,0.00012064455302938625,-0.00032097522630196977,0.014267300409419271,0.008394894756667446,0.014528363404604665,0.006050832611749278,-1.0971461055513606e-05,0.011319735852336643,-0.0004971313657082665,0.012030872516334057,0.003987801639596,-0.0009554773569107056,-0.003964833449572325,0.0068207369185984135,0.003525347216054797
1.5601999759674072,0.003793770939004626,0.03157760181718194,-0.06264111772179604,0.0036254999886621213,0.0012420132111289107,4.959199633821427e-05,8.39694584368015e-05,-0.0003174259912520744,0.013610513331618246,0.00837786489058123,0.01473402139267992,0.006289412025591042,0.0008991501765302033,0.009587523197053006,-0.00018324301865962992,0.012415114091709256,0.0044940806983504444,-0.0012478232383728027,-0.003818303346633911,0.007090932689607143,0.0034910484682768583
1.6001999378204346,0.023654680893023604,0.019444014069382086,-0.09334424883127213,0.0037695675622656955,-0.00020910755155569027,0.00028186199974389455,1.4114159165914953e-06,-0.0003272646252691437,0.010248421094805043,0.00881717251614241,0.014264968953027923,0.008176123803838791,0.0033800898825509015,0.004189486067406635,0.0036896944461958557,0.012592850718647242,0.004818627057829872,-0.0013736635446548462,-0.003811151022091508,0.0073457942344248295,0.0035106735303997993
1.6561999320983887,0.02804171897570505,0.010615072366029075,-0.07447858527302742,0.003774696384822099,-0.0011923020813687899,0.0004431287941652997,-5.463331242648483e-05,-0.00032867655881468276,0.00877457443190429,0.009232235478313219,0.013600455198106567,0.009231677426423387,0.0051180606096235485,-0.00020529875331008664,0.005370628600066071,0.012800120050087571,0.0051587339548859745,-0.0015277266502380371,-0.0036287822294980288,0.007411862723529339,0.003611064748838544
1.696199893951416,0.02394919669678301,0.023477556784078188,-0.07801595702767372,0.004919914674306563,-0.0037714798163689003,0.0008803220292577847,-0.00019951778932869374,-0.0003951012406599463,0.007539771456400747,0.011073492468691083,0.011388872778116283,0.010038235042783606,0.013502257556695672,-0.012505629803914729,0.006994297601320277,0.012972730677574873,0.005254564253846183,-0.001536056399345398,-0.0035933605395257473,0.007413908839225769,0.00381449400447309
1.760200023651123,0.024245719588806974,0.025557574515398217,-0.09099064022302628,0.005196289470293545,-0.00382954187186077,0.0008785516543952499,-0.00020297764000473754,-0.0004105861850212985,0.0069982833948626436,0.0121534190693699,0.010813745975278429,0.010544889707177832,0.01713685731062847,-0.01451946986590331,0.007570397147490949,0.013437909306958318,0.004981427831808105,-0.0014910846948623657,-0.003189684124663472,0.00689483480527997,0.003915491513907909
1.8001999855041504,0.025496501917204338,0.01658163675623678,-0.0628707967698574,0.00525782801472263,-0.0036407096457942885,0.0008287869010622587,-0.00019265775251299074,-0.0004141921376820668,0.00529768335027235,0.013237464821096044,0.01041314792454814,0.011889488635549648,0.019891699212490576,-0.01500757558307704,0.009967365003160533,0.013899707584641874,0.004551313730189577,-0.0014094114303588867,-0.00276197399944067,0.006560581270605326,0.0040858229622244835
1.8561999797821045,0.023991105095789774,0.015140950654277181,-0.04195693880319595,0.005450599544867407,-0.003258734079931075,0.0007107145193245768,-0.0001718562502014672,-0.00042611237248987003,0.0051470330806298835,0.014595201507997984,0.01010441673546333,0.012394472201846234,0.023470352526960402,-0.01451751853347827,0.010088428424373852,0.014669124037027359,0.003867073595756665,-0.001284971833229065,-0.002010676311329007,0.00599227100610733,0.004253415856510401
1.8961999416351318,0.02116337091552278,0.012242202782004922,-0.02766435407102108,0.0059543968137710885,-0.0026833766455131645,0.0004829753905326368,-0.00014144234476771292,-0.00045650731198927354,0.005658122487732081,0.016575002774366597,0.010199535019178058,0.012249632840755803,0.02910376898888078,-0.012623385935662241,0.00937269249441155,0.015312455972889438,0.0033339149376843125,-0.0011062175035476685,-0.0016692860517650843,0.005502728279680014,0.00437497440725565
1.9601998329162598,0.018436547022823355,0.015788241539754232,-0.017557803890667856,0.005560229114694267,-0.0023401564469568083,0.00045664433089098256,-0.00012080760988911034,-0.00043563201643343635,0.0054010739712998445,0.017455720135206042,0.010025616204759431,0.012861814041594127,0.02978178922015144,-0.012052450279338872,0.00985464680925412,0.01657049055211246,0.002482218813383952,-0.0009171664714813232,-0.00039497000398114324,0.004542311187833548,0.004503923933953047
2.000408887863159,0.02040210666511841,0.039059508330986495,-0.015659768250770867,0.004960235265764705,-0.001962956757604487,0.00045443307098453343,-9.776685483980121e-05,-0.0004035016543898277,0.004903598600087702,0.018117085568364596,0.010151346616529524,0.013707825077688127,0.02910754591089118,-0.01114429201445186,0.010763918958626635,0.017422472941689193,0.0019501594651956111,-0.0009121447801589966,0.0004162892873864621,0.0042173475958406925,0.00468608969822526
2.0564088821411133,0.0266448421211134,0.045385580315070936,-0.030264907516539097,0.004494604926559899,-0.002068224536942929,0.0005995121941180142,-0.00010209018789742877,-0.00037766297378593954,0.00529622847254267,0.018900443863353558,0.009579467725006124,0.01371149546505045,0.028935646475484,-0.013001278171606505,0.010425563533677188,0.018590940861031413,0.001248800108442083,-0.0007249116897583008,0.0015904249157756567,0.0037939962930977345,0.00500376895070076
2.0964088439941406,0.028268867194257613,0.045406360456187365,-0.037693269550800323,0.003788984985010878,-0.002129623135358425,0.0007928866524246188,-0.00010319159086913135,-0.0003384300999384424,0.00526961680084667,0.019394593395199188,0.009136326462011516,0.01403751568827601,0.026904710033367113,-0.015179290865369045,0.01035784314388929,0.01941401744261384,0.0007769869698677212,-0.00042241811752319336,0.0022416147403419018,0.003457750426605344,0.005163209512829781
2.1604089736938477,0.01256677213108982,0.046510665945474504,-0.04184935614466667,0.0032474783282574007,-0.00230349573049219,0.0009916608924037925,-0.00011083329279264413,-0.0003074324224458734,0.005399486552380777,0.019720033767733305,0.008197118071477445,0.014238326778549401,0.02523286975405617,-0.01805191358552585,0.010103463099576349,0.020735539961606264,4.975138290319592e-05,-4.4733285903930664e-05,0.003347807563841343,0.0029253335669636726,0.005092817824333906
2.200408935546875,0.00909671171418471,0.04833140184508755,-0.030573997646570206,0.0024739303990686684,-0.0022984969934946855,0.0012036392921854202,-0.00010651837500055601,-0.0002635719884428335,0.005845167291214306,0.019436958076448133,0.007606686915176881,0.013975279670622731,0.021640938344036083,-0.020323432234087224,0.009398450415596917,0.021467433776706457,-0.0004523931711446494,0.00021773576736450195,0.003939108457416296,0.0023093794006854296,0.005244130734354258
2.256408929824829,-0.004871947212746283,0.04085915880459164,-0.025510362349450588,0.0021501455559261146,-0.0020907596741997886,0.0012361608759466466,-9.199560673290386e-05,-0.0002464011543664186,0.005426050016591068,0.019629867191698704,0.007177017071348866,0.014806045263808491,0.02055213320148012,-0.020452924126980736,0.010087742175876926,0.02234753267839551,-0.0011806516849901527,0.00042094290256500244,0.004726741462945938,0.0014721817569807172,0.005298662465065718
2.2964088916778564,-0.00356048900779579,0.029492663152717466,-0.03277797996997833,0.0015767788625677972,-0.0011760013744125009,0.0011925129687619484,-3.394886990075886e-05,-0.000222429309157713,0.006474592094095765,0.01880611199524753,0.008388283033511423,0.013765769465472252,0.0164170566824882,-0.014567498306256732,0.008431130164430197,0.02284865127876401,-0.001702860783552751,0.0005183815956115723,0.0050621940754354,0.0009719883091747761,0.005324325058609247
2.3604090213775635,-0.001166222242939843,0.0273967836923941,-0.0324733704328537,0.00160811610928281,-0.0008173804302434697,0.0011212857978189275,-1.3370136858143114e-05,-0.00022842834925652412,0.0065990747251331505,0.019550862505427688,0.008593321562328393,0.013920336777276688,0.01758937901265415,-0.012512886296799633,0.008191683496356997,0.023323783185333014,-0.002398398326477036,0.0007925927639007568,0.005372293759137392,0.00017812539590522647,0.005469738505780697
2.400408983230591,0.013764545546949586,0.014556608601048349,-0.025874110870063305,0.0018546186641716282,-0.00014864565378312492,0.0009906469284154762,2.3649078832286575e-05,-0.0002517952158665092,0.007714635194437324,0.020826583733841924,0.009857154293669668,0.012626089741259812,0.020531332028838396,-0.006681741136541543,0.006072252682684774,0.02353908820077777,-0.002697489777347073,0.0010060220956802368,0.00548368226736784,-0.00011304680083412677,0.005403938703238964
2.456408977508545,0.007158469123090087,0.02269698269269367,-0.0222531883046031,0.0018828082251561332,-1.4733279977642425e-05,0.0009846438377933892,3.170014027024006e-05,-0.00025517107477497706,0.007896780317539069,0.021795788905535234,0.009984890427773965,0.012576374043574486,0.02199697995392548,-0.005490086401756437,0.00567060721126396,0.023902353830635548,-0.002944229025160894,0.0010667145252227783,0.0057943458668887615,-0.00012073844845872372,0.005362975411117077
2.4964089393615723,0.0013004057823294507,0.03257198541763224,-0.013996436726301908,0.0017460634658123305,0.00026555296767974683,0.0010112308570142086,5.097114530122128e-05,-0.00024962027867224434,0.008583714982574576,0.022268280801973385,0.010705548019655255,0.011742626155657356,0.021863181406305998,-0.0029959737092733222,0.0044185727293589985,0.02424038667231798,-0.0030786875577177852,0.0009396672248840332,0.006035930477082729,-0.00018312512838747352,0.0053246961906552315
2.5604088306427,0.0159072466410253,0.04170674959237991,-0.0210679704323411,0.001695003063482016,0.00032958937201250536,0.0010190709912259277,5.5607150243719583e-05,-0.00024696317664495653,0.008755416479382813,0.02313111597096152,0.010933793119074853,0.011617297871976748,0.02265596855780453,-0.0022836327450528127,0.003966410565617596,0.024788418784737587,-0.0032001280633267015,0.0006741136312484741,0.006614872254431248,-0.0001732845848891884,0.005194488447159529
2.6004090309143066,0.01251047182010851,0.048548116782758687,-0.043855320662260056,0.0012242842384205916,0.00041596851446423636,0.0009764842339008525,6.596274180566944e-05,-0.0002146123273682243,0.0077315147217252595,0.02270728180846522,0.011365395466611123,0.013060357489090452,0.019065702402449813,-0.0017018609034992257,0.005566453191971376,0.025138357654213905,-0.0032100687676575035,0.0005465000867843628,0.0070465486496686935,-8.094013901427388e-05,0.0049803894944489
2.6564090251922607,0.011495190676963035,0.03995993321310283,-0.056256238371133804,0.0008889420426932012,0.00045901685778398807,0.0009105231496393825,7.190099418198644e-05,-0.00019052609331778015,0.007130275788285961,0.022398419756594116,0.011493337933319211,0.014053993183292677,0.016117582469009746,-0.001312543629551745,0.00663607576138126,0.02557493280619383,-0.003135375998681411,0.0004857182502746582,0.0073832133784890175,0.00015869851631578058,0.004800573457032442
2.696408987045288,0.015662621620078882,0.03475440155994854,-0.04574844054877758,0.00015539605263288842,0.0003501550834545303,0.0005454106812830755,6.862787787631443e-05,-0.00013499514330145922,0.005767302376843714,0.0204993103704139,0.01109507425591742,0.016213281890815424,0.008428198013849218,-0.0031520321866799553,0.009259441164006258,0.02575958427041769,-0.0030310182773973793,0.0005781352519989014,0.007412421517074108,0.00041453202720731497,0.004867417737841606
2.760408878326416,0.02986869688202231,0.02808232918775971,-0.032433267682790756,-0.0001653556125321475,0.00014155814041296797,0.00023627505192866903,5.404112028766273e-05,-0.00010967117691269528,0.0049734561804864585,0.019810817023593233,0.010125858823114502,0.017815173098876032,0.0049451077356680445,-0.005908234579571741,0.01090352775174799,0.025730607099831104,-0.0028768960328307003,0.0008399486541748047,0.007190961390733719,0.0005252670380286872,0.005029669497162104
2.8004088401794434,0.03982683701785792,0.035248089966942155,-0.019255866995081306,-0.0006164163835242579,0.0001230190313607261,-4.376733730855806e-05,5.129679915017198e-05,-7.544558113558762e-05,0.004045493575823106,0.018432219066955347,0.00981966235935159,0.01973872711009028,-0.0006167305685854232,-0.006825234698523962,0.012900344241513012,0.025522255338728428,-0.002912649739300832,0.0011043399572372437,0.006943396758288145,0.0004701073921751231,0.005324674770236015
2.8564088344573975,0.032928806338404705,0.03068125572369031,-0.02571109961718321,-0.0007316898346846544,0.00017752291767105812,-5.864123432326968e-05,5.406304491728794e-05,-6.580533719855303e-05,0.003519336695273408,0.017964061089940263,0.009795751360163382,0.021140598932308657,-0.002552130616618935,-0.0064385105215830464,0.01390731201366931,0.02507330384105444,-0.003093984763836488,0.0016110241413116455,0.0064848135225474834,0.00033654063008725643,0.005382218398153782
2.896409034729004,0.038896255989583774,0.027153231415618293,-0.017804511357098818,-0.0009267728890377393,0.00016386403829597848,-0.00021685738541770826,4.921708484100247e-05,-5.044116652710018e-05,0.002639784178393204,0.01711540291278367,0.00947359347671074,0.023212542917421208,-0.0056717847678597645,-0.007118077522769592,0.015925169371676894,0.02470717392861843,-0.003215147036826238,0.0020723342895507812,0.0060259439051151276,9.569606481818482e-05,0.005530311726033688
2.960408926010132,0.028749173034148374,0.025881456935083563,-0.0029316432774066925,-0.0009555106454436242,0.00011804577397330046,-0.000327195611782237,4.501195134558309e-05,-4.941169856448499e-05,0.0018892124330905239,0.01677707724932927,0.008996417575633147,0.025285926955704186,-0.006807066077925345,-0.007913735252183479,0.017618833589281634,0.024016184732317924,-0.0034997259208466858,0.003024369478225708,0.0050658416002988815,-0.000272620702162385,0.005953734274953604
3.000607967376709,0.05100545867282556,0.034097176370366473,0.026864513754844666,-0.0008326906890152705,8.808199440939189e-05,-0.0002602576003558749,4.919271508247368e-05,-5.8778059732365706e-05,0.0006507934280695693,0.017334791097526083,0.008724288883497687,0.02844753479832458,-0.005711596996019444,-0.008452454953918663,0.020510392945971366,0.023587063886225224,-0.003722717141499743,0.0038875937461853027,0.004565899260342121,-0.00042426821892149746,0.006290794350206852
3.056607961654663,0.04279416637930466,0.0472960996249073,0.012259600684046745,-0.0006374113548196556,0.000247233939019634,0.00037608223171030515,7.288728072874924e-05,-6.330850981362339e-05,-0.0008651876934863147,0.01826181852307075,0.00954627465926243,0.03223511169242233,-0.0039028462616507724,-0.006058178596141045,0.02419504108771732,0.02308358671143651,-0.004118960438063368,0.005109682679176331,0.0037858402356505394,-0.0008016970823518932,0.006810376886278391
3.0966079235076904,0.035013832287254465,0.04571676736306591,0.021431971341371536,-0.0005998452864975941,0.0003564997891197476,0.0007505919603170323,8.311566254389519e-05,-5.8979899134729384e-05,-0.0015312064837502029,0.018289793834501637,0.010041053924009257,0.03468433156461719,-0.004117122324912045,-0.004596906050216276,0.026075306159011814,0.02287550363689661,-0.004364897118648514,0.006149783730506897,0.003406544215977192,-0.0010629663011059165,0.007283997721970081
3.1606078147888184,0.04663557490055466,0.045933849050773794,0.013697681948542595,-0.0006366244837374544,0.00044316126644149584,0.0010089961523960717,8.700912369810789e-05,-5.133572177148347e-05,-0.0019996000517903795,0.018102030311892118,0.010655754921114377,0.03692920215107257,-0.005493705645414486,-0.003464100816282275,0.02760811289180241,0.022718247026205063,-0.004515390464803204,0.008188381791114807,0.002879921579733491,-0.0015178651083260775,0.008192571811378002
3.200608015060425,0.045354066016896455,0.03851054475102417,0.004665713757276535,-0.000713167061867179,0.0005327587428059004,0.0012526404166654382,8.89736473192069e-05,-4.1589426639862495e-05,-0.0021006089359678014,0.017450966010618952,0.011104877226422602,0.03849734656200956,-0.0075415179837516385,-0.0020849274443425184,0.028367826174676807,0.022652785293757915,-0.0045089163759257644,0.009669870138168335,0.0026421211659908295,-0.0015817632665857673,0.00886651873588562
3.256608009338379,0.058678012549400534,0.03641070691133529,0.010205775499343872,-0.0006789891512846672,0.0004196804187761861,0.0008412538007581173,8.266208906770645e-05,-4.808902239062162e-05,-0.0021718656840744675,0.017744680299977864,0.01069117075516787,0.039823261331788366,-0.007447939152460472,-0.003748298557876904,0.028795443463331686,0.02251314138993621,-0.004367773974081501,0.01179550588130951,0.002228292403742671,-0.001525948173366487,0.009584113024175167
3.2966079711914062,0.054773829832048086,0.03732580023428303,0.008026814088225365,-0.0005740200927719103,0.0003741557036785166,0.0008022226859620757,8.344895850084792e-05,-5.681217860280824e-05,-0.0018893625366705157,0.018253652504706314,0.010431419707615918,0.04061664618995819,-0.006151366148837011,-0.004083102385847517,0.028494584060229425,0.022395033854991198,-0.004241501999786124,0.0132712721824646,0.0020361742936074734,-0.0014192861272022128,0.0100572369992733
3.360607862472534,0.05436538241967564,0.027676980960566585,-0.0002464689314365387,-0.0002823739179462252,0.00031007351910523575,0.0009999098753190208,8.835157040337767e-05,-7.818775917013825e-05,-0.0014508251001470755,0.020405004119911706,0.01022674115008016,0.040762867834528656,-0.001377726077913235,-0.004527004885777248,0.02786202314592219,0.022411851212382317,-0.00414238273515366,0.015578076243400574,0.0018140010070055723,-0.0012567875673994422,0.010785610415041447
3.4006078243255615,0.054127381921553086,0.02784731720480195,0.0032951943576335907,-0.00026991762582961306,0.00027347119694434783,0.0008525780315058573,8.636331084326625e-05,-7.993319951708677e-05,-0.0012076200800305282,0.020622919903320405,0.009844411444332353,0.04155299237031279,-0.0014167814979612892,-0.0050786378441565186,0.02773399441445489,0.022667445242404938,-0.004120332276215777,0.01689361035823822,0.0017204387113451958,-0.001351300859823823,0.011297068558633327
3.4566078186035156,0.04974749736170321,0.034463416078338346,0.001587744802236557,-6.126987571218877e-05,0.0002470860728218236,0.0011212081837822024,8.83135589864146e-05,-9.475880594840108e-05,-0.0003642689583086236,0.022394622993474392,0.009805223713183315,0.04066445756104105,0.0022242759210639824,-0.005104761779761504,0.026008110894181216,0.02325858036056161,-0.004179861949523911,0.01857742667198181,0.0019544491078704596,-0.0013335782568901777,0.011737074702978134
3.496608018875122,0.040836734100764466,0.0329087697554679,0.0005874093621969223,-7.313614968127829e-06,0.0002297099768502489,0.001145409154986519,8.756297765097561e-05,-9.873751176803676e-05,-5.58073634223584e-05,0.02303030897507989,0.009579713534125591,0.041160314387843636,0.0031655722876196696,-0.00518030465438608,0.025749873992154067,0.023757719434797764,-0.004256853455444798,0.019635185599327087,0.0021421522833406925,-0.0013965829275548458,0.012025387957692146
3.56060791015625,0.0291082042078324,0.028367225178170575,-0.008568993303924799,4.471706260618357e-05,0.00019890019176528064,0.0011050113600390304,8.555449008987716e-05,-0.00010299372047683506,0.0006099308493312024,0.02366999297449687,0.009319476118228268,0.040442630723404274,0.0040530326109296565,-0.005721776550706657,0.024295931847216574,0.024773082695901394,-0.004395868716528639,0.021150171756744385,0.0025065476074814796,-0.0015883621526882052,0.012414931319653988
3.6006078720092773,0.030290940727750994,0.01708568204020917,-0.021281770896166563,0.00017615442501467513,0.00020511870823261818,0.0014220487649506197,8.478181404067657e-05,-0.00011298793058880565,0.001000808951413162,0.025004214262909805,0.009226783408638764,0.040532714263304966,0.006701041028938567,-0.00515782025633458,0.02349183250959199,0.025398055091500282,-0.004536279564490542,0.02209503948688507,0.0028377578128129244,-0.0016228409949690104,0.012574649415910244
3.6566078662872314,0.034607993806738235,0.0330234741608232,-0.0364228505641222,0.0005110159371218568,0.0002550721631586868,0.002439170936163115,7.769207071082351e-05,-0.00014254062705130525,0.0015772947482541014,0.028270415078753584,0.009877208894035039,0.039770908421838995,0.013756442797888646,-0.0034288427000505072,0.02231093769976352,0.026315621100366116,-0.004742715595057234,0.023157522082328796,0.003425218863412738,-0.0017682237084954977,0.012642765417695045
3.696607828140259,0.04009197493348845,0.03443374437970255,-0.03294588811695576,0.0006597073631760794,0.0002627733832736232,0.00283702324693072,6.78612315091589e-05,-0.00015580935158927267,0.0018889704586902431,0.030381741666254635,0.010034878258797186,0.039895724309739186,0.017389324956209356,-0.002718319393381144,0.021916743233925028,0.02714504487812519,-0.004887125542154536,0.023721322417259216,0.0038297188002616167,-0.0018136384896934032,0.01279302779585123
3.760607957839966,0.0427586972116752,0.043276985372867983,-0.0647699348628521,0.0007525474950628503,0.00015630613917241864,0.0025919080579928223,4.7824363928139856e-05,-0.0001520022043819099,0.0024814780152505912,0.032248195034749336,0.00937532589215886,0.038742127519358564,0.02027893626350816,-0.00447801599858419,0.020568638886127817,0.028922815807163715,-0.004970049107214436,0.024223387241363525,0.005222934763878584,-0.0015935958363115788,0.012872411869466305
3.800607919692993,0.030998458435927866,0.03756475871174422,-0.057021621614694595,0.0008074091310656104,0.00010774183960584192,0.0025376845295334437,3.411589185811008e-05,-0.00014920039597616724,0.002662427144981029,0.03398370067109982,0.008861416600966692,0.03912244908037615,0.022583757033069713,-0.005315296999009836,0.020379961706093547,0.030179936438798904,-0.00503734135418199,0.024293482303619385,0.006150492001324892,-0.0015458283014595509,0.012801432982087135
3.8566079139709473,0.02824922559370385,0.03955124017755494,-0.05854314938187599,0.0007878522736762011,0.00010261111499841262,0.0024692536650509052,3.7361906153619225e-05,-0.00014653530058611483,0.003343784426673537,0.03485342648597661,0.00888257123210449,0.03759837206160486,0.02333352665309911,-0.005502050128044957,0.018513354262572505,0.03202784061431885,-0.005180874926736578,0.02421298623085022,0.00785384327173233,-0.0017142030410468578,0.012530672363936901
3.8966078758239746,0.025837009603987264,0.039936809953421026,-0.04126511141657829,0.0007947326354029135,0.00013833100323609957,0.002601995706734457,3.97281166647446e-05,-0.00015652967564803522,0.0035849646715297957,0.036074582266037936,0.00914191405412766,0.03762469198626851,0.024377783553450653,-0.004630714618388626,0.017870766927070444,0.033347368240356445,-0.00527809196501039,0.023912489414215088,0.008815096691250801,-0.0018827356398105621,0.012222525663673878
3.9606080055236816,0.044137592309320184,0.03669831565152696,-0.01895489962771535,0.0007866440421021492,0.00015740411020755035,0.0026384094882904337,4.490372492308121e-05,-0.00016135260756119718,0.004382206822766273,0.03722178638609466,0.009401275053952714,0.035696125693705186,0.025146887515679995,-0.0040816159628891385,0.015760011321927107,0.03537725284695625,-0.005387217359384522,0.02343010902404785,0.010358685627579689,-0.0020340296905487776,0.011727883480489254
4.000813007354736,0.03431505085861674,0.038103746690707055,-0.009638671297580004,0.0007277857886504193,0.00011622359709765289,0.002385956650951263,5.940185868093249e-05,-0.0001395513731582995,0.004834924433580587,0.037918500467120746,0.008811667671619632,0.03498117173125037,0.024818756881274443,-0.00513595059278308,0.01464036488421447,0.03665447607636452,-0.005392048129579052,0.023103222250938416,0.011254994198679924,-0.0020221658051013947,0.011461623013019562
4.05681300163269,0.017832679369633682,0.040079458430643276,-0.019846433075144887,0.0005471591104691862,-1.292872677829115e-05,0.0016501644499664551,0.00010782988240758159,-6.531602632432839e-05,0.005717976474419688,0.03702381763957239,0.007148889917072101,0.03255521239897599,0.02158402353453513,-0.008762678051904192,0.012141210924047234,0.038359442725777626,-0.005451468838145956,0.02252170443534851,0.012416732497513294,-0.002090811962261796,0.011164710856974125
4.096812963485718,0.03501941012557109,0.038778734466929726,-0.023288500495254993,0.00044140268634393755,-4.934921194270262e-05,0.0013216433443162697,0.00014260386679431443,-3.468853857255262e-05,0.00605127788338429,0.03690453533152213,0.006283202937246406,0.03194617402440028,0.019547189040412374,-0.010181857040946964,0.011262328851010228,0.039440425112843513,-0.0056022774369921535,0.022053420543670654,0.013109246268868446,-0.002347119152545929,0.010864290408790112
4.160812854766846,0.035116314016021416,0.023076245568418845,-0.03229024447500706,0.00016640953840307284,-0.0001288272592783488,0.0005473881901259588,0.0002300514287810475,4.2147662662281616e-05,0.0061652123470293425,0.034452014424485554,0.004690859363440074,0.03176123612062646,0.01316566514559426,-0.01324113628033452,0.010790838640027226,0.04070967249572277,-0.006088899535825476,0.021056443452835083,0.013721325434744358,-0.0029384938534349203,0.010199539363384247
4.200812816619873,0.04207903050524131,0.031090307586033573,-0.0075182924047112465,3.2526665662334315e-05,-0.0001753532767555061,0.00020602626305966432,0.00026487679244993547,8.333749297248559e-05,0.006096141169524712,0.03349453484242898,0.0033497382285661596,0.032444843278644636,0.010045718882152967,-0.015293567489031516,0.010932974235306907,0.041172685101628304,-0.006518051581224427,0.020191684365272522,0.0138807762414217,-0.003438255051150918,0.00975874811410904
4.256812810897827,0.04862637166220164,0.03936421542608282,-0.029146055690944195,-0.00014598855755740479,-0.0002961845771844933,-0.00029352516407814,0.00028746192361914615,0.00015363008030246724,0.005842492305431185,0.03182223485788187,0.0010811914928869908,0.03351898636234835,0.005530540417661562,-0.01957937266898253,0.011701747835640526,0.04146256484091282,-0.007337614049902186,0.019104570150375366,0.013567489571869373,-0.004333500284701586,0.009253818541765213
4.296813011169434,0.05520435097201511,0.044505005433552305,-0.032897379249334335,-0.0002775408401105309,-0.000376461764050532,-0.0006193583606452049,0.0002935661584550559,0.00019752391604221635,0.005608902509806795,0.030494993055510868,-0.0010373538587752328,0.034769437313199786,0.0018875932245573863,-0.022825274660093698,0.012479920135903145,0.04145084507763386,-0.008109984075417742,0.018430843949317932,0.013112419284880161,-0.005165082402527332,0.008972452953457832
4.3608129024505615,0.04164771303638567,0.05605652377786003,-0.04438614845275879,-0.00045817435174954566,-0.0004413020063394627,-0.0009429850460474265,0.000295258441847217,0.0002461094352842107,0.005463787324209774,0.028193851456037276,-0.0028063759782444297,0.03547095496454729,-0.0034878366115931644,-0.025897514325331838,0.013007035890622189,0.041160037741065025,-0.009553223935654387,0.017757654190063477,0.01212235912680626,-0.0064188637770712376,0.008807570673525333
4.400812864303589,0.034124721889264124,0.05694135500063982,-0.0501801073551178,-0.0004992593063977811,-0.0004297468282637486,-0.0009033784162580691,0.00029676268652951304,0.00025616315451181356,0.005405454979396051,0.027393013774750268,-0.0037620707471669964,0.03612324963770135,-0.00523049868936948,-0.026538503776343703,0.013075282247788159,0.040723828598856926,-0.010592566890409216,0.017420843243598938,0.01128377579152584,-0.0073609487153589725,0.00871804729104042
4.456812858581543,0.02319230023253858,0.050127499585276174,-0.06626079604029655,-0.0005214790630032067,-0.00038120478536484066,-0.0006647164213748094,0.0003060972032791117,0.00026841841194809985,0.005401330012250339,0.02670943545323213,-0.003780879924636609,0.03622692448476662,-0.0064809828032192365,-0.025953113179392483,0.0130909314071858,0.039913082495331764,-0.011984151875367388,0.01696529984474182,0.010097050108015537,-0.008752415888011456,0.008547831326723099
4.49681282043457,0.026275228118398067,0.05353042191436519,-0.039601968601346016,-0.00041355324183995213,-0.00029756856797076423,-0.0002974507596275246,0.00035939048508179896,0.00026057373304963304,0.005731844767121243,0.027921246674658607,-0.0031175563998354864,0.03516720268989713,-0.004068724217283276,-0.023790007352190213,0.012162897067398806,0.039251748472452164,-0.01285795689909719,0.01659296452999115,0.009188465774059296,-0.009487830102443695,0.008283128961920738
4.560812950134277,0.009893908360834912,0.048959728452314236,-0.03757829964160919,-0.00034516891501790083,-0.00026571444082347653,-0.00017370745789977191,0.0003922305651386475,0.0002523257970812971,0.0060638631491173114,0.02867877950448102,-0.003385483846402974,0.03425720973207837,-0.0025431834520794365,-0.023176036180243817,0.011314211370296494,0.038206664845347404,-0.014055483130505309,0.015964403748512268,0.0076402961276471615,-0.010598573833703995,0.00844536256045103
4.596812963485718,0.016299824053166358,0.053051002184660474,-0.02017295453697443,-0.0002209021481555199,-0.00017203919049267716,0.0003338125978271066,0.0004692369564750884,0.0002525196676755815,0.006900387052916317,0.03036265725680233,-0.0022161681618749107,0.03112556378085406,0.0009021939423246699,-0.020085459743108346,0.008612547866203421,0.03779955767095089,-0.014542337594320998,0.015605270862579346,0.007159549277275801,-0.010906999930739403,0.008301528170704842
4.660812854766846,0.021879505383183572,0.05411009405714249,-0.017946476466022432,-0.0001754892348591274,-9.724427298812575e-05,0.000833144352639501,0.0005112365852132949,0.00027026420884243405,0.007057375562701289,0.031003929236766332,-0.0014735574488404775,0.030729530211835412,0.0019873290211562065,-0.017736885792333023,0.00799061338226931,0.03720726817846298,-0.015269529161741957,0.014776185154914856,0.006581533700227737,-0.011243953369557858,0.00788048841059208
4.696812868118286,0.021364666026746516,0.05217445098922421,-0.03409452922642231,-9.878752808852315e-05,2.2805480639422145e-05,0.0016721328725228769,0.0005808053431976576,0.0002942678754110303,0.0069779380507602766,0.032159821646704785,0.0003934653647562579,0.031140803253139664,0.004092007979039241,-0.01359192212725048,0.008071240307017072,0.037018146365880966,-0.015484920790186152,0.014252737164497375,0.00646376283839345,-0.01122281700372696,0.007570779416710138
4.760812997817993,0.02388245075730715,0.050969576997552946,-0.015185188851319253,-3.863928271656181e-05,3.960633137464984e-05,0.0017673691527942468,0.0006073081988018569,0.0002792206402171571,0.00683425735744962,0.03338321159091107,0.0004057329689644712,0.03199850447341234,0.0060493046008854,-0.012922793924677923,0.008528584596172464,0.03677360527217388,-0.015451199462404475,0.013145402073860168,0.006267264951020479,-0.010995456948876381,0.006997258402407169
4.8008129596710205,0.01299027411988498,0.0495660051589683,-0.019013938726857305,7.853477535371953e-05,5.174968260285292e-05,0.0018216995636382918,0.0006437670642862571,0.00024135216458685292,0.006837523655200679,0.035735099215960096,0.000663070577491684,0.03216570939759344,0.010092662960449564,-0.012097992472962043,0.008626074704516741,0.036745522171258926,-0.015200969850411639,0.012455582618713379,0.006198402028530836,-0.010658943094313145,0.006967564113438129
4.856812953948975,0.010236329782939861,0.045986551091078805,-0.019524192437529564,0.00012740572108082274,7.578604389744985e-05,0.0020017129729846387,0.0006620883461550444,0.0002283705347048037,0.006783235739720048,0.03700477007753652,0.0008631518355996077,0.03267059735896148,0.011852346095314062,-0.01121388716370972,0.008777361641915116,0.036984777078032494,-0.014770931651582941,0.011731818318367004,0.006481742020696402,-0.010224577970802784,0.00669906847178936
4.896812915802002,0.016183708551473344,0.0395110147213969,-0.02661902830004692,0.00018705178679070765,9.580314447733063e-05,0.0021282841280399574,0.0006773400504776488,0.00020853209227149943,0.006785891197298709,0.038596984302501636,0.0010773371828383532,0.03287851253207133,0.014131994638638594,-0.01048455537532749,0.008854325168007734,0.03730945847928524,-0.01445037973462604,0.011240154504776001,0.0068178013898432255,-0.010080874897539616,0.006592631805688143
4.960813045501709,0.03351271202071509,0.04643476465439987,-0.021406289655715227,0.00032267170837187663,8.197346197607458e-05,0.0019943506945307413,0.0006754033598223994,0.00015688696801240555,0.006778082708079431,0.04223173994358858,0.0009214350580214706,0.0330898948757888,0.019778052929977034,-0.010301594132988198,0.008937699412425977,0.038083022460341454,-0.013866783207049593,0.010802403092384338,0.007810558658093214,-0.009423297829926014,0.006608257535845041
5.001022815704346,0.029709907062862168,0.05289541877578215,-0.01861489820294082,0.00043198521345820285,0.00011748095027274297,0.0022762563345309363,0.0006774686762835035,0.00011032804746209921,0.006743334376768079,0.04544976537221216,0.001877529778803256,0.033436546550984686,0.024374295046818775,-0.00843682058783417,0.009227349222352601,0.03884689323604107,-0.013507556257536635,0.01066182553768158,0.00860492791980505,-0.008992827497422695,0.006629772949963808
5.057023048400879,0.0320315629189054,0.041333639233637795,-0.013218084815889597,0.0004661787826130485,0.00014664597251907058,0.002447955055415633,0.0006815453037855609,9.043643560837347e-05,0.006731949075070825,0.04725649580599647,0.002373535864847641,0.03380215589674546,0.02624298962126529,-0.0073080398332139584,0.009374800767239145,0.04025676101446152,-0.012954452162375674,0.010655611753463745,0.009958755224943161,-0.00862846989184618,0.006730886176228523
5.097023010253906,0.02046932856315736,0.052683870751885666,-0.011667474638670683,0.00046785055636106146,0.00026881128193282717,0.002977396286206287,0.0007305187303071015,4.4516275445113596e-05,0.00658706098097177,0.048149642339963716,0.00519940955571139,0.03472719254283073,0.026626599440164624,-0.0024031022292740575,0.009984240174882657,0.04145783185958862,-0.012466631917050108,0.010721936821937561,0.01097165048122406,-0.008271296508610249,0.0068748509511351585
5.161022901535034,0.02150997624677964,0.04205256402441003,0.0013638325035572052,0.0004624618131612215,0.00033179681907286696,0.003192543369716719,0.0007589833934459879,1.3830258664480719e-05,0.006411491451620189,0.04903963878581412,0.006721426406016063,0.035970298511374524,0.02686275827703944,0.0003424276740970938,0.010717384629286463,0.0434136800467968,-0.011484069837024435,0.010914355516433716,0.012727705761790276,-0.007530731614679098,0.007004849147051573
5.2010228633880615,0.01722674380732295,0.053629838545520975,-0.003927505575120449,0.0004381409295489025,0.0004389521537516694,0.0034007816031000828,0.0008237517054219393,-5.5837519325972384e-05,0.006271716401797665,0.04929060127107774,0.009697475329518914,0.03702112089696153,0.02625484544855819,0.004963587839313859,0.011191081673867282,0.044543029740452766,-0.010602831927826628,0.011266186833381653,0.013713885098695755,-0.006819350179284811,0.007039697840809822
5.257022857666016,0.030568846072712062,0.04699404237385716,0.002282502129673958,0.0004084156965502741,0.00047913810219203364,0.003364528316946851,0.000870282989717578,-8.243659712731653e-05,0.006108127592486676,0.04964393700769914,0.011041554748195515,0.03828969859788994,0.02556679343314342,0.0069991348364374035,0.011906116291474745,0.04598628729581833,-0.00908503876416944,0.011978551745414734,0.014952088706195354,-0.005571762099862099,0.007369460072368383
5.297022819519043,0.030264117315595192,0.05006270607837504,-0.005601954646408558,0.00031872077130253897,0.0004670616439723159,0.0030525194373671963,0.0009702753624114663,-2.6617536853752357e-05,0.005682532129886522,0.04847078678431163,0.011240260198037158,0.04081136990320459,0.022477430268257395,0.0068185905023196046,0.013380758240965188,0.0468737855553627,-0.007809611124685034,0.012565314769744873,0.015606332570314407,-0.004550284706056118,0.007470029406249523
5.36102294921875,0.027668327007693994,0.04522263093278682,0.0027614738792181015,0.0002850856950450768,0.00045506817481673865,0.0028961230652796055,0.001010836156274241,5.453061804448424e-06,0.005524833354860696,0.04870443226729452,0.011368272926712547,0.04223071323528803,0.021646267071375055,0.006759073642361195,0.01414011007549852,0.048016415908932686,-0.005769834475358948,0.013643935322761536,0.016387110576033592,-0.0028800135478377342,0.007973754778504372
5.401022911071777,0.03811693572421026,0.04372311116208461,0.002520618960261345,0.00022651282831151224,0.0004099134896916766,0.0026471300402091174,0.001079129188295846,0.00010439622344514675,0.005217616483920175,0.048208560148100904,0.010684090011026121,0.04440734825592532,0.019896442869308587,0.004925363872470774,0.015180219289421086,0.048556068912148476,-0.00461633744998835,0.014406636357307434,0.01669677160680294,-0.0022308402694761753,0.008141620084643364
5.4570229053497314,0.03119109930504681,0.049215279757870024,0.014231028035283089,0.0002005622218956832,0.0003863545356507046,0.002530681638697629,0.0011114883514040472,0.00015707537151211055,0.005275946701213769,0.04844123131004179,0.010391509693695141,0.04473331654121685,0.019271394198603065,0.004296428311758018,0.014992176215287091,0.04913518391549587,-0.003180852479999885,0.015540659427642822,0.01703231781721115,-0.001240963814780116,0.008444586768746376
5.497022867202759,0.03160433600625914,0.030956892326103057,0.034907516092061996,0.00012469996576278407,0.0003514853913338865,0.0020328988636432433,0.001230954354666561,0.00025739864389897645,0.005488181127117126,0.047189591994398566,0.009663471304188051,0.04424296232046511,0.016165735612513294,0.0029327881872764127,0.01434846220999702,0.0494400430470705,-0.002341633982723579,0.016455724835395813,0.01690458320081234,-0.0007330592488870025,0.008723818697035313
5.561022996902466,0.034869917410824576,0.03554083140691159,0.030215896666049957,8.7594372953282e-05,0.00035670612438651496,0.001692973354276343,0.0013024495810904184,0.0002665670234609477,0.005505272178215977,0.0468132797602895,0.009990307633315487,0.0447941749341015,0.014704301188973208,0.0035941641434179407,0.014268496305588881,0.049671417102217674,-0.0012662965746130794,0.017764538526535034,0.016694771125912666,9.197219696943648e-06,0.009123330935835838
5.601022958755493,0.03413005785859326,0.04925946647457226,-0.006736778654158115,2.20830155509548e-05,0.0003418353567951628,0.0010839552975017229,0.0014144821595960823,0.00032783796350797494,0.005365226000847752,0.04550321504705561,0.009884782493659613,0.0460822335025329,0.01167944289056808,0.003068827750436689,0.014842213446800246,0.049643972888588905,-0.0007146284624468535,0.01854144036769867,0.01632978394627571,0.00021110964007675648,0.009295076131820679
5.657022953033447,0.03925833457106624,0.04341155346441973,0.01938610151410103,-9.572552294388252e-07,0.0003194840284290486,0.0008457751558648104,0.0014426187969057557,0.000379452888996935,0.005280473300944401,0.04539376853094368,0.009439960439947414,0.04720889427180301,0.010741295834609022,0.0022395938260707728,0.015206060219911426,0.049398014321923256,-2.5490327971056104e-05,0.019645914435386658,0.015665732324123383,0.0005003043333999813,0.009545677341520786
5.697022914886475,0.04040562455437175,0.05085852544657347,-0.006419086828827858,-3.8829783134381864e-05,0.0003001198312301824,0.0004307060084084607,0.001496553500631943,0.0004314400907586229,0.005414596178036546,0.044784309950708014,0.009202995770466,0.046944076112639954,0.008991955948447476,0.0014333914792369264,0.014790530661982618,0.049133600667119026,0.0003896231937687844,0.020434170961380005,0.015195243991911411,0.0006178939365781844,0.009874751791357994
5.761023044586182,0.03357540135050613,0.04159716852297166,0.014696281403303146,-4.331347055029626e-05,0.00027725100013908943,0.0003460282635945072,0.0014908501548082087,0.000467210018535145,0.0054707384712692755,0.04509245094123604,0.008670472522582243,0.047227248093685524,0.008908433804739931,0.0005687060022717788,0.014607253835572376,0.048617227002978325,0.0008989468624349684,0.021677538752555847,0.014291435480117798,0.0005501967389136553,0.01009439118206501
5.801023006439209,0.01727176043498466,0.03630538842574202,0.01718921586871147,-5.6039831748647295e-05,0.00023891724447412896,0.00012721383732720658,0.0014863370280924126,0.000523668752493621,0.005730663597166484,0.04505362286921173,0.007662017877058891,0.046225759544471265,0.00836075079631168,-0.0011070928497171923,0.013683885116300436,0.0483089592307806,0.0011214025726076216,0.022318720817565918,0.013765987940132618,0.0005178076680749655,0.0101773077622056
5.857023000717163,0.004704090842651807,0.03405323407365599,0.046935342252254486,-7.389630249581615e-05,0.0002152168714291053,-0.00013580825809572314,0.0014928622856885685,0.000559342192511838,0.005880491505358658,0.04474177499699543,0.006864626994596358,0.04595963820065109,0.007563804205598374,-0.002242206212202305,0.013187995286806272,0.04787651263177395,0.0012501513410825282,0.023149535059928894,0.01315893605351448,0.0002568694471847266,0.010449416935443878
5.89702296257019,0.007818943313201364,0.03497687657405606,0.040132585912942886,-0.00012774363847199054,0.00018942084541689094,-0.0008027870531181989,0.001519763389027622,0.0006116199384710967,0.0058388309845897775,0.04293420695856503,0.0059056605915331455,0.046872943659264484,0.004709242532756049,-0.0038763129664788993,0.013367486867884835,0.04747564531862736,0.0011857083009090275,0.023731902241706848,0.012617101892828941,-0.00017760945775080472,0.010506206192076206
5.961022853851318,0.01739265320279011,0.02951414017892827,0.03587725758552551,-0.00015242695297551162,0.00018310986697776628,-0.0010852830711702692,0.0015266471808522758,0.0006290626496689969,0.005754701610967143,0.04216677865065131,0.005515707756291107,0.04802089478172667,0.003218495559059892,-0.004284813682447188,0.013775415334815366,0.04654678702354431,0.0008708553796168417,0.024608716368675232,0.011568895541131496,-0.0008545576711185277,0.010511435568332672
6.001022815704346,0.018783923930294676,0.031594944712127454,0.03518670052289963,-0.00016598680667860178,0.00015567779588736318,-0.0013994788384698788,0.0015093940826810296,0.0006376754808179323,0.005625021578316111,0.04167396882852012,0.0044936311691442235,0.04952015221060008,0.002315102844390304,-0.005605248300780655,0.014540627609141875,0.04578012973070145,0.0005888785526622087,0.025254592299461365,0.01083446480333805,-0.0011356219183653593,0.010822243057191372
6.057220935821533,0.024774303044374908,0.02980092550226166,0.04932846128940582,-0.00017634458877989717,0.00015409726019311004,-0.0015250385087028013,0.001503461674220808,0.0006433049075802691,0.005607206042991146,0.04131402387509413,0.004245743107221079,0.05033637374151774,0.0014745164685206083,-0.005590064139877135,0.014794852435281315,0.04461541399359703,7.271301001310349e-05,0.02619926631450653,0.009707361459732056,-0.0016699944389984012,0.011015822179615498
6.0972208976745605,0.015501942111051617,0.021644863272628757,0.04941655695438385,-0.00019625343435723206,0.00017632692671229737,-0.0014950710602563814,0.0014971905062585882,0.000678066067887792,0.005458841346265666,0.04028728112763398,0.0049395893200632245,0.052029288410137604,-2.6497977726437455e-05,-0.004500563255768293,0.015539280425424996,0.04377841204404831,-0.00034592163865454495,0.026887670159339905,0.008970910683274269,-0.0022361413575708866,0.01122814416885376
6.161221027374268,0.007710963661894355,0.02606926788818928,0.05970311164855957,-0.00020583109648648605,0.0001922961232495728,-0.001406695351308144,0.0014929716777128993,0.0007060198845267338,0.005371280320527079,0.03968577292421974,0.005399802255421213,0.05345638537310376,-0.0010622465288508685,-0.0034793427476811135,0.016008479105828945,0.04235241003334522,-0.0009571576665621251,0.028204604983329773,0.007752764970064163,-0.00282351765781641,0.01155171450227499
6.201220989227295,0.03178875191536512,0.02417443311486714,0.05854403227567673,-0.00020100590740322385,0.00023189987422699465,-0.0008240325393769794,0.0015268327560535961,0.0007741006409322509,0.005263073584689052,0.03959106384178539,0.007019049761895699,0.055068048291133445,-0.0013627165234113745,-0.000981628138708004,0.016505534344257486,0.04141935892403126,-0.001249934866791591,0.029201418161392212,0.006965332198888063,-0.0029693497344851494,0.011707424186170101
6.257220983505249,0.02059967048751769,0.02658253918650669,0.039208147674798965,-0.00019905250558822826,0.00026088555944278315,-0.0003706487419318032,0.0015499750527330962,0.0008355948532461637,0.005222467663439911,0.03939784272012105,0.008275280050264636,0.056099287530028095,-0.0018305386835038996,0.0008919354804028802,0.01672557078948204,0.040161916986107826,-0.0014766027161385864,0.03062942624092102,0.005954303778707981,-0.0030816057696938515,0.01204901933670044
6.297220945358276,0.01645383519177554,0.029684007151185358,0.05768847465515137,-0.00018504581538540343,0.0002960259097025711,0.00037786227282772197,0.0016080178423584029,0.0009097029959642324,0.005337555988078808,0.03955167646160612,0.010033316138759931,0.05617604219516938,-0.0015042217425887633,0.0034392748320759576,0.016328247751770168,0.03932784125208855,-0.0014773850271012634,0.03158855438232422,0.005288903601467609,-0.0031034371349960566,0.012245584279298782
6.361220836639404,0.02412566133973027,0.02805616784520395,0.06630975008010864,-0.00016528427114374022,0.0002949870530783164,0.0005997735103840668,0.001657069179565653,0.0008936586139035992,0.005368362364888043,0.04028257366781365,0.010309093975254535,0.0567020362423626,-0.0006269630466766391,0.003773338624867175,0.01627881588677461,0.03808513656258583,-0.0012060114822816104,0.033038973808288574,0.004406464286148548,-0.002593470271676779,0.012537719681859016
6.401221036911011,0.022841210423943607,0.030047639392447534,0.04979948699474335,-0.00011217671161880806,0.0002843599914506595,0.0010417078370610264,0.00178281422381413,0.0008293116929990789,0.005295345114458939,0.0425362677799922,0.010457473495273048,0.058121373890853596,0.00249961408644869,0.0037529236175551637,0.016550056373084716,0.03744760900735855,-0.000986258703051135,0.03385971486568451,0.004083794075995684,-0.0023133568465709686,0.012523110955953598
6.457221031188965,0.008518561382225622,0.028801777032512334,0.010179925709962845,-7.546208541991367e-05,0.00028799007674277393,0.00156894953018507,0.001872980394502314,0.0008111068499642315,0.005119619412029827,0.044019275158293236,0.011157260228413903,0.05995043616017158,0.004569410461452882,0.004569223891153439,0.01736112675481143,0.03686828538775444,-0.0007043510267976671,0.035081952810287476,0.0037885685451328754,-0.001958293141797185,0.012809413485229015
6.497220993041992,0.01139551448700704,0.023620302020884595,0.028869859874248505,-5.862197800400169e-05,0.00028605802188260657,0.0017448645660423858,0.0019091923255542256,0.0007941316181467366,0.00509617221641898,0.044890358140105,0.011423657307272229,0.06086765792665242,0.005560346009097517,0.004780342833780408,0.01743771859487266,0.03666049800813198,-0.0004820212197955698,0.03596079349517822,0.003846794832497835,-0.001720669213682413,0.012875048443675041
6.56122088432312,0.03190542824193262,0.022382890878326442,0.014237869530916214,-3.031650716638558e-05,0.00029281883140610653,0.0022396082574817283,0.0019675689346368526,0.0007844769838738891,0.004838951427356476,0.04637960085168033,0.012234654067484828,0.06346700014490392,0.007304511188623788,0.005738283006374604,0.018671445517448516,0.036504197865724564,-0.00011494549107737839,0.03733876347541809,0.004108827095478773,-0.0014215668197721243,0.01319076493382454
6.6012208461761475,0.0273758487026274,0.019775567867413805,0.025975823402404785,-1.5364791395646272e-05,0.0002930972247276499,0.0024267890849321793,0.0019904819178680087,0.0007729338110225982,0.004675090963397144,0.047405507571110575,0.012654891846009132,0.06560121485843898,0.008171246841293498,0.006215121609472072,0.019587079321619547,0.03654981218278408,0.00010407567606307566,0.038193002343177795,0.0043478612788021564,-0.0012226784601807594,0.013495959341526031
6.657220840454102,0.0432915650015302,0.019652193395150536,0.024430520832538605,1.729723222386415e-05,0.0003081313615697387,0.003170851863664527,0.0020405855181003063,0.0007642370932345724,0.004524138411638399,0.04928314653543793,0.013892649094477837,0.06747288351024468,0.010205814656592555,0.007712661102572762,0.020357710513832596,0.03682347573339939,0.00045064873120281845,0.03965061902999878,0.004708039574325085,-0.0008673646370880306,0.013921469449996948
6.697221040725708,0.04544216644197779,0.017432765631449923,0.01782834529876709,3.5513540741008337e-05,0.00031501039031498184,0.003550235636623674,0.002058169740269865,0.000754760798945356,0.004526668728952566,0.050701039222396854,0.014757254789154985,0.06836888376363479,0.011523717845069526,0.008809982205234334,0.02041549260502941,0.03717353008687496,0.0006926938658580184,0.040749311447143555,0.005212339572608471,-0.0005933070206083357,0.014105302281677723
6.761220932006836,0.01361196652734524,0.0266473769915301,0.016186095774173737,5.5376827006065646e-05,0.0003320824319045466,0.004188885673476312,0.002072534587733606,0.0007383847610412757,0.004363645299839585,0.051991892341891686,0.016263163985001418,0.07031478609096994,0.01283764411488814,0.010543047446535867,0.021157212768591106,0.03800932131707668,0.0011985878518316895,0.04238364100456238,0.006037469487637281,0.00013562332605943084,0.014468440786004066
6.801220893859863,0.01592975389402726,0.027312344988680105,0.012612519785761833,5.285240322364184e-05,0.00035224663561031104,0.004547023038777141,0.0020897686652077917,0.0007218037928393036,0.00428480001066589,0.052275720040570614,0.017925229664395227,0.07189613515351168,0.012699658413088764,0.012486621352359107,0.02164977660382223,0.038696836680173874,0.0015933577960822731,0.04339645802974701,0.006705832201987505,0.0004780214512720704,0.014715094119310379
6.857220888137817,0.013377321784619207,0.01616591160386319,0.017518598586320877,4.920409924991646e-05,0.0003732060417344681,0.004879312492023484,0.0021107058242003903,0.0006875190738261121,0.004103599557872038,0.05229325317275944,0.019673247683905052,0.07414089950955874,0.012371026549126946,0.014629007682862802,0.022512170390387037,0.0395863801240921,0.002319277642527595,0.044832468032836914,0.007517440710216761,0.001422078930772841,0.015097199007868767
6.897220849990845,0.015307485102868758,0.006466240606802897,0.0023005884140729904,4.705250574064307e-05,0.0003744411320555697,0.004859346438699438,0.0021176809761126406,0.0006859688450641211,0.004103360102332385,0.05265658065980302,0.020445350024661933,0.0751097411401705,0.012365543941838262,0.015173934323281252,0.022595126512148733,0.04014088958501816,0.0029675573168788105,0.04591508209705353,0.008070827461779118,0.0019914263393729925,0.01528953481465578
6.961220979690552,0.007776904078631196,0.007555079568762956,-0.028770223259925842,5.963830291531886e-05,0.00039602796625309286,0.005479954171723691,0.0020838308714651714,0.0005869025089135921,0.003996177161962314,0.053490079081151,0.022361353453524784,0.07653283175070849,0.013371936855926511,0.017541197247250374,0.02304339620073742,0.04087095893919468,0.004030958894873038,0.047481194138526917,0.008740861900150776,0.003112061880528927,0.01562534086406231
7.001220941543579,0.0003842018144253545,0.009532968399342843,-0.0635218545794487,6.87985847516446e-05,0.0004110797716224163,0.005908507895805923,0.0020505755372084485,0.0005024635116832517,0.003980574675016093,0.0543685401353012,0.024079688892411,0.07737265511205271,0.014095547076219017,0.01923743649337953,0.02314906375799796,0.041294630616903305,0.004680827172705904,0.04827064275741577,0.00915229506790638,0.0037361173890531063,0.01573592610657215
7.057425022125244,-0.0007555902302681623,0.0075949023801998,-0.06078409031033516,9.231264363955782e-05,0.00045013001869041963,0.007046193261394908,0.00193918817901534,0.00022575791987591116,0.004156023670982339,0.055800294529496135,0.027373671365235382,0.07625728971198233,0.015616906962913528,0.02305360855887397,0.02236693124458746,0.041868289932608604,0.005731058219680563,0.04926218092441559,0.009545943699777126,0.00465021375566721,0.01594751887023449
7.0974249839782715,-0.0005762026501125085,0.003021259911715893,-0.04844928905367851,0.00010083468937827112,0.0004648773269631241,0.007492425982552459,0.001886053224245637,0.00010086389929516787,0.004235610179223525,0.056826874511595925,0.029439206520298262,0.07636285302902728,0.016343489711577997,0.025167857020324702,0.022139588659751852,0.04227047599852085,0.0065787689818535,0.04981222748756409,0.009932463988661766,0.005621301010251045,0.016188746318221092
7.161424875259399,-0.005268446155693181,0.0010744586389971325,-0.04387928359210491,0.00010495085880159469,0.00048248683980907473,0.007844808698115763,0.001870535432194605,-7.183300397120188e-05,0.004432431104006821,0.05721238034263068,0.031547085966490626,0.07493024750168784,0.016743753480495897,0.02741290275150151,0.0213099910777276,0.04291526973247528,0.008243109012255445,0.05016908049583435,0.01052306778728962,0.007249015383422375,0.016249151900410652
7.201424837112427,-0.0012060917288152745,-0.009666336600021508,-0.030231722630560398,9.983188214637491e-05,0.0004806548850018783,0.007639547490607997,0.0019320419585998586,-4.396248344546043e-05,0.004508353751923924,0.057525132513888466,0.03267830639462571,0.07505109246524506,0.016556504930056382,0.028194500289002493,0.021125615833055857,0.04324382171034813,0.00934475744725205,0.050087541341781616,0.011007902212440968,0.00839884765446186,0.016225328668951988
7.257424831390381,0.008068280536088143,-0.0017117520745363235,-0.030033955350518227,7.493180871609399e-05,0.0004743092660756249,0.006589391896476182,0.0022763476547420993,7.51396406896784e-05,0.004532069477208095,0.056306388329406945,0.033207371137763196,0.07526057953559173,0.014692425521885873,0.028322727712207157,0.0211025299145127,0.04359150305390358,0.010831653053173795,0.049847230315208435,0.011363846249878407,0.00978726614266634,0.016030142083764076
7.297425031661987,0.00899648460042389,-0.0072903364628590294,-0.026920330710709095,5.961966447104243e-05,0.0004624859413137859,0.005836341624733232,0.0024972803206931935,0.0002703959467458215,0.004482855126271407,0.055907285610635966,0.033662605446810434,0.07652141771458967,0.013684129695210172,0.028317269986168726,0.021380418776058865,0.043724410235881805,0.011801874177763239,0.04972854256629944,0.011558867059648037,0.010701043531298637,0.015801718458533287
7.361424922943115,-0.0119042887310562,-0.011394552810004503,-0.014441315899603069,2.9613196609005676e-05,0.00044994570165875864,0.00427304529162959,0.0029836134329377546,0.0005053998968595117,0.004387403845189088,0.05402777330474025,0.0336232939726295,0.07791802930723418,0.011294667716034962,0.028026427155485614,0.02198224122706743,0.04359586723148823,0.013053667644271627,0.04950161278247833,0.01147143542766571,0.01213674433529377,0.015717240050435066
7.401424884796143,-0.02282036867230283,-0.011048661786641016,-0.025064880028367043,1.5085010623475146e-05,0.00043944840979033036,0.0034565785588012684,0.003224409655217792,0.0006994350335493076,0.004387197475518889,0.05332965455794968,0.03410643853649929,0.0787719874351506,0.01020292101608334,0.02803289969927403,0.022116271983700635,0.04328877292573452,0.01361082392395474,0.049385324120521545,0.011338343843817711,0.01266450248658657,0.015743136405944824
7.457424879074097,-0.03441057142819129,-0.0069091951786805095,-0.01051664212718606,-1.2059650893787362e-06,0.0004124366684874136,0.002340553072944448,0.003481154728506063,0.0011803713200680627,0.004403711953915944,0.05207926619806625,0.03312933052322732,0.0791810413182359,0.008712404602714491,0.026411318102021564,0.022280613954923086,0.04252815060317516,0.01421777150244452,0.049376651644706726,0.010669460520148277,0.013331180438399315,0.0157786775380373
7.497424840927124,-0.020699347384692948,-0.009858414578759338,-0.014907306176610291,-1.1878564059821382e-05,0.00040586875416563856,0.0016625948320578977,0.00366064829064336,0.0013029565670786931,0.004376246245624036,0.05147674025362118,0.03380622096939236,0.08034112609133487,0.007761317753124258,0.02654888128811028,0.022460378749179912,0.04181596264243126,0.014476245181867853,0.049414098262786865,0.010135057382285595,0.01360185444355011,0.015810826793313026
7.561424970626831,-0.019159612239248305,-0.0015995801051958128,-0.039868127554655075,-3.7514552916540895e-05,0.00040152409127067786,0.0001440363257172116,0.004093659904125828,0.0014009407172946738,0.0044998126694879076,0.04934465107233871,0.03430717302148529,0.07957383061541987,0.005242091622005895,0.026680394354698767,0.02186295299508635,0.040370065718889236,0.014625465410063043,0.049428001046180725,0.009176875464618206,0.013786879368126392,0.015659566968679428
7.601424932479858,-0.022169465987678702,0.0015273319085952236,-0.04685879126191139,-4.774149907056435e-05,0.00039335043292374405,-0.000578397328359552,0.004249289026683562,0.0015379571001697457,0.004621121212760485,0.04857363164367622,0.03490669783586209,0.07912904113715219,0.0040801645035374165,0.026772881814714305,0.021320189524722595,0.0392469447106123,0.014669367956230417,0.04936610162258148,0.008331327699124813,0.014016084372997284,0.015584618784487247
7.6574249267578125,-0.020851257374875774,0.015290790673545678,-0.04344647563993931,-7.554538165855023e-05,0.00038022725959597543,-0.0025118845398768397,0.004639191445174599,0.0017506546911693372,0.004831517342751676,0.04614724867642455,0.0348723446844228,0.07732205925150676,0.0015074823096183517,0.026239471619153503,0.020346777019241105,0.03749668970704079,0.01468007723451592,0.04907490313053131,0.007187008857727051,0.014184936881065369,0.015440274029970169
7.69742488861084,-0.021632395193751725,0.016729507850021585,-0.03265008144080639,-9.03127243864261e-05,0.00037226742045755123,-0.0035630829335186066,0.004810149031213783,0.0018610979927391501,0.004894126539005209,0.04479444945525858,0.0354564599463768,0.07741987279744345,-6.537051655202719e-05,0.026033709384391486,0.02007089794506997,0.036088727414608,0.014659364620456472,0.0487084835767746,0.006398889701813459,0.014171229675412178,0.015265367925167084
7.761425018310547,-0.009553912700797418,0.01842980567864757,-0.03670134022831917,-0.00011311961950257501,0.00035412469322061897,-0.005259069697598129,0.004999206172098933,0.002043635221640974,0.0050695239592276455,0.04257441029879847,0.03501628801921654,0.07590043506833212,-0.0023723245970119476,0.024891092284324703,0.01902209942860511,0.033621056005358696,0.014592491934308782,0.04799671471118927,0.0048169950023293495,0.014090684242546558,0.014765894040465355
7.801424980163574,-0.016771240146938197,0.03192123411650569,-0.03607054054737091,-0.00012591958367300446,0.0003319835350521567,-0.006452894504654744,0.005025456053442103,0.002160419804152064,0.0051021299630494964,0.04105718454453624,0.03440093281725433,0.07588200005841084,-0.0037681423839623475,0.023378183164997127,0.01882419656240707,0.03195398114621639,0.014541707845637575,0.04741755127906799,0.0037339681293815374,0.014049805700778961,0.014382069930434227
7.865424871444702,-0.010079883688412821,0.04174818646412577,-0.0385223925113678,-0.00012569836018447593,0.0003287521414049562,-0.006505001782604969,0.005019700911734321,0.00216053746558751,0.005101595428410992,0.04070266034798696,0.03530539642312441,0.07646400268492355,-0.004000619986839266,0.023792445058965633,0.018936360490091418,0.029229541309177876,0.014330207282910123,0.04641266167163849,0.002062984276562929,0.01386457122862339,0.013961219228804111
7.897424936294556,-0.01085710704867555,0.04649752092787266,-0.03657829202711582,-0.00011957315657058361,0.0003076918778092936,-0.006613318760107012,0.00500508297655807,0.0020760104457224504,0.005074505346456459,0.040719527338804094,0.03492446720651626,0.07705296396063341,-0.003780931436275302,0.022591974994372127,0.01922816860660101,0.027870019897818565,0.014224487269530073,0.045923203229904175,0.001178185222670436,0.013764671050012112,0.013891021721065044
7.961424827575684,0.008047382914125694,0.04444847298623502,-0.04916568100452423,-0.00011530484717316298,0.0002955165078182345,-0.006665774277135819,0.005016389437105591,0.001975196550127844,0.005157070995549712,0.04085828361548988,0.03506760398992383,0.07671100371649901,-0.0035302545172202883,0.021972255804020336,0.018740449281685254,0.025304526090621948,0.01410111496807076,0.045011118054389954,-0.00029980827821418643,0.013508082367479801,0.013499737717211246
8.00142502784729,0.010448712677747723,0.04449306955060516,-0.04476952739059925,-0.00010883297954503848,0.00028801163497890346,-0.006511114326270228,0.005077326736369852,0.0018755938323624152,0.005232123383347099,0.0410428482934282,0.035737913315930014,0.07613692132572243,-0.0033399273017009202,0.021967471583632533,0.018336069360265356,0.023862960748374462,0.014028972858795896,0.0445413738489151,-0.0012314383639022708,0.013304220512509346,0.013181966729462147
8.057622909545898,-0.005251144743676213,0.04217545613934182,-0.05149797722697258,-0.00010469298522090163,0.0002853977897659395,-0.006355883906239944,0.005143234894009264,0.0018259978140364411,0.0053405220950766665,0.04108574134309666,0.0366381505246988,0.07543841849922382,-0.003186073020932568,0.02236227263549703,0.017687621200204208,0.022106405347585678,0.013997856440255418,0.0439937561750412,-0.002076097996905446,0.013109971769154072,0.012861689552664757
8.097622871398926,0.019667377281411092,0.05437878029617472,-0.05852827429771423,-0.00011248762396094118,0.00028529291767071695,-0.0068413388115430625,0.00498105512939522,0.001842463314401118,0.005448857157113819,0.03996790714623455,0.03786883488986088,0.07432526500348594,-0.004297886578496676,0.02308131413257842,0.017050949715655225,0.0209984234534204,0.01408351949066855,0.043609797954559326,-0.0026097227819263935,0.01325598917901516,0.01267213374376297
8.161623001098633,-0.0018213003500847419,0.04896344493271934,-0.04936378076672554,-0.00011737860147192462,0.0002827335984008772,-0.007255979562562309,0.004849039050696852,0.0017953662290791817,0.005436157734778602,0.039137180217406406,0.03876154095955622,0.07493098674624668,-0.005150119378771066,0.023553714814199007,0.01706220278383164,0.01936733303591609,0.014436741272220388,0.04275497794151306,-0.00323290191590786,0.01353908609598875,0.012115859426558018
8.20162296295166,0.007625880234183214,0.047625556765200305,-0.032007863745093346,-0.00011918037149153574,0.00027717066572729515,-0.00757011741918485,0.004793593616214157,0.0016428458775221782,0.005541279055855771,0.03847132934966905,0.03947479784505548,0.07392391871766597,-0.005478356744912196,0.023624294532865703,0.01643605861406222,0.018357114866375923,0.014791009860346094,0.04214397072792053,-0.0035639102570712566,0.013654913753271103,0.011900343932211399
8.257622957229614,0.004228044584373952,0.05037941928514894,-0.051670778542757034,-0.00012305280792179613,0.00027575774883407993,-0.007878173981457405,0.004657936176392055,0.001610582956502891,0.005624068955487594,0.03766963510544862,0.04059095437154749,0.07344977612713843,-0.006227946418394023,0.024098472502804714,0.015952175597174278,0.01692914159502834,0.015401639888295904,0.04133415222167969,-0.004200583323836327,0.01392414141446352,0.011447584256529808
8.297622919082642,-0.005391841065246341,0.041008942400777564,-0.07567176967859268,-0.00013490110702081592,0.0002713348386386702,-0.008821574582713033,0.00417206590933233,0.0014910566360462059,0.005791152668483284,0.03585094892957179,0.04134831716263864,0.07148831020685054,-0.00777813970066173,0.024160608106109926,0.014963598471734129,0.015995773239410482,0.015890408220002428,0.04075218737125397,-0.004492010921239853,0.014174741692841053,0.011180806905031204
8.36162281036377,-0.007888134816884003,0.03812685290341497,-0.08255881816148758,-0.00014248004977483164,0.00027610613312917785,-0.009127004517251187,0.0038644641520766193,0.0017187672693734079,0.005901511997275014,0.034488818635699914,0.042888564404228814,0.07044661066533278,-0.008981937688714876,0.02508731610393282,0.014339078192162156,0.014466479886323214,0.016766675660619512,0.03949280083179474,-0.005078228656202555,0.014456483535468578,0.01065604668110609
8.401623010635376,0.007320264624112236,0.035831347016297956,-0.102023646235466,-0.00016233124383864306,0.0002744785078459467,-0.010486392902743589,0.0028663523432150575,0.0017132104659051367,0.006088186133350888,0.031707973159149125,0.043754922791641504,0.06800352273882135,-0.011738478779041014,0.025311105650018727,0.013059501072629775,0.013384797843173146,0.017362129787215963,0.03847986459732056,-0.005673998035490513,0.014714522287249565,0.010115796700119972
8.45762300491333,0.014092299241567945,0.036599934684059234,-0.11130747944116592,-0.00017132042741688471,0.0002689571948831507,-0.011351613318216831,0.0023303477767356745,0.0014613472169452263,0.006158678265804166,0.030139037572238483,0.044296039790533426,0.06725134017661048,-0.01336366884424546,0.025150555418241852,0.012545940905019164,0.011704371310770512,0.018277403811225668,0.03690536320209503,-0.006800674367696047,0.01511972676962614,0.0093955397605896
8.497622966766357,0.01651821831169823,0.028652201961633723,-0.13840582221746445,-0.00019463114744184973,0.0002549791240214406,-0.013699802628769651,0.0007486928208838082,0.0007326213785056144,0.006398882061917951,0.026885601424975206,0.043798648533419256,0.06380675375636151,-0.016424696991374554,0.02406515745842013,0.01115415828666914,0.010382677894085646,0.01888982849777676,0.0355638712644577,-0.007528564427047968,0.015537705272436142,0.008952661417424679
8.561622858047485,0.0013889630710538087,0.02636253142174622,-0.1301615610718727,-0.00020574504526301853,0.0002453570886049843,-0.015029629484427516,-0.00011442949918055679,0.00015262731030240705,0.0065145609015677085,0.02481442651330926,0.04375692331218895,0.06234512193926982,-0.01821695657297078,0.02346170268749948,0.010607964487897399,0.008171261753886938,0.019741156051168218,0.03319038450717926,-0.008777494542300701,0.016048762947320938,0.008320928551256657
8.601622819900513,-0.00146942199201303,0.029956712514433704,-0.1252153515815735,-0.00022122765401771358,0.000225122469300035,-0.01754414801629477,-0.0015587867141295788,-0.001293286917874502,0.0066827429350331605,0.022010504304554618,0.042493429641072056,0.05967287960875364,-0.020676778546847508,0.02155880671316657,0.009568820635951998,0.00665283203125,0.020115393126616254,0.031488269567489624,-0.009739209897816181,0.016228286549448967,0.007728913798928261
8.657622814178467,-0.004179088745424862,0.02584733909754075,-0.11973979324102402,-0.0002215524852038351,0.00021476777309824085,-0.01832373613880419,-0.0017123400971453993,-0.002185781355163331,0.006727955760194567,0.020916024994103888,0.0423501173669649,0.05904156580918323,-0.021381140098188197,0.020921504540811146,0.009332494816080655,0.004363578744232655,0.020416838029632345,0.028899624943733215,-0.011302944272756577,0.016270196065306664,0.00691824359819293
8.697623014450073,-0.00012835958876993285,0.03717979338315637,-0.12451502680778503,-0.00021722398888144069,0.000201758695373724,-0.01903402447905973,-0.0014313762089023475,-0.003471504948346759,0.006803788188711068,0.020157447814113202,0.04200555079350951,0.05751541273531311,-0.02156252524425623,0.020085126252514938,0.00904057300162157,0.002683226950466633,0.020453185687074438,0.026981845498085022,-0.012383459135890007,0.016238991171121597,0.006437617354094982
8.761622905731201,0.0177263588547145,0.03756359531580115,-0.12062017619609833,-0.00021557893260836623,0.0001982563517551487,-0.019212632621937006,-0.0012986043594306641,-0.0038638693831318897,0.006836015531064416,0.01931215029795391,0.04259080056090491,0.057015150464734925,-0.021905630543242842,0.020137847418192387,0.008776466971387084,0.00011476874351501465,0.020374479616293684,0.02395819127559662,-0.013887285254895687,0.015952344983816147,0.005566733423620462
8.801622867584229,0.018046790001097754,0.031081921915471603,-0.10792568325996399,-0.00021612017337966862,0.0001977611567269367,-0.01930172997152022,-0.0013839515733912733,-0.0039053820992609937,0.006948370579417482,0.018088572269901994,0.04347453660875503,0.05502834309770219,-0.02263117923975492,0.020317261859863257,0.008015028118848012,-0.0013498496264219284,0.02032423103810288,0.02200007438659668,-0.014673356898128986,0.015574687160551548,0.004994785878807306
8.857622861862183,0.026060464016336233,0.03244915884951552,-0.09231196343898773,-0.00021623174177341079,0.0001958695541818437,-0.019523803222994563,-0.001444048989852824,-0.004149788521781434,0.0069975839580103715,0.017011175667653103,0.04418916208350661,0.054338958684030964,-0.023202582292641074,0.020411857165291987,0.00788437190464101,-0.003238588571548462,0.02031096155405976,0.019321277737617493,-0.015648433938622475,0.015269500203430653,0.0043845041655004025
8.89762282371521,0.04033612682474882,0.02984866459223308,-0.09516935050487518,-0.00020876715647806274,0.00017796402927147193,-0.021081013194413935,-0.0007943885389763506,-0.00678709841107587,0.0070173760752552565,0.01691661433673618,0.0430968259691293,0.05361958063226716,-0.022794605119452825,0.01839917402896555,0.007594604422009796,-0.0045052170753479,0.02035801942110993,0.017382517457008362,-0.016311395913362503,0.015034283511340618,0.003853541798889637
8.961622953414917,0.03216895228320806,0.03259520171537574,-0.09036280959844589,-0.0002027248539342883,0.0001695668889427728,-0.021750094096659005,-5.5008746535246435e-05,-0.008164608550627431,0.007037752277852956,0.016644059936584903,0.04300800633913488,0.053295112153260805,-0.022559413066376103,0.01741586926241556,0.0074997165205060645,-0.006221886724233627,0.020301698619732633,0.01441405713558197,-0.01720350980758667,0.014341194182634354,0.0030922461301088333
9.001622915267944,0.03699602077604866,0.028465674693681175,-0.07385675236582756,-0.00019421419485234417,0.00016238921078084144,-0.022265841400372438,0.0011819550246010917,-0.009480783512045086,0.007041781436583287,0.016773552694940606,0.04298421346482835,0.05282045417197564,-0.02224089638841356,0.016889493452735042,0.0073940435285771156,-0.007067378610372543,0.02013156088651158,0.012665018439292908,-0.017752263695001602,0.014085741713643074,0.0026014649774879217
9.057832956314087,0.030882299793859893,0.03209772047674188,-0.06494252011179924,-0.00019293266482279037,0.00016051764854628476,-0.02249536313764077,0.0013489913809675803,-0.009839313372168793,0.0070806114591797755,0.015909919774069085,0.0435395123237985,0.05229998930841694,-0.022630955093472016,0.016943092773819828,0.0071861952124711685,-0.007976232096552849,0.01985784890712239,0.010353028774261475,-0.018172238022089005,0.01371229812502861,0.002073038602247834
9.097832918167114,0.02518487140731304,0.03541604035512832,-0.0468881968408823,-0.0001842368326314081,0.00015965979807147773,-0.02219039084184953,0.0030911152022350067,-0.010156772105019425,0.007139294306675242,0.015987790999305654,0.04440623029893551,0.051271739173000604,-0.022035094586262474,0.017267713813900683,0.006818851850886222,-0.008531332015991211,0.019686297426233068,0.00879262387752533,-0.018367836251854897,0.013380060903728008,0.0017367522232234478
9.161833047866821,0.024351805306931287,0.036226481104906304,-0.030778550542891026,-0.00018186329717359906,0.00015528768249874523,-0.022892397266458576,0.0033725713488446346,-0.01110018230044102,0.007247943339530086,0.0152444786500175,0.04465677987550324,0.04981958808357038,-0.022347405385358572,0.016905878842706668,0.006103569522559687,-0.00922434963285923,0.019532699981937185,0.006468445062637329,-0.018595263361930847,0.01316811703145504,0.0012217903276905417
9.201833009719849,0.01818412137342096,0.0291093055218357,-0.023536053486168385,-0.00017125996253958156,0.0001513533666005785,-0.023277150101233594,0.005583400980748153,-0.012167949570235067,0.007449430257455724,0.015536021186153293,0.04510965632485281,0.0467808644166279,-0.021281897883691007,0.01681162284632611,0.0046988521341157045,-0.00955904833972454,0.019479519600281492,0.00507749617099762,-0.018564516678452492,0.012974955141544342,0.0008304696530103683
9.257833003997803,0.015032774267312555,0.03527012990343849,-0.031372079625725746,-0.00016773317115046003,0.00015089617304954125,-0.023273101165472876,0.006417069983141172,-0.012350572610454462,0.0075539104830269046,0.01499062516441081,0.04588924335083045,0.04527006742901787,-0.021197477952052873,0.017041727433426905,0.00403654814381659,-0.009878996759653091,0.019424633035669103,0.0030411481857299805,-0.018396152183413506,0.012819119729101658,0.0002828339347615838
9.29783296585083,0.01715461663648521,0.03289454645674329,-0.026018976233899593,-0.00015942365931314364,0.00015352431967025914,-0.022544424877838126,0.00875652031356922,-0.011882275144297948,0.007707912458390849,0.015097233497107647,0.047268158681883346,0.042822158316930384,-0.02055217115764518,0.018001840072199307,0.0030162486034876943,-0.010045161470770836,0.0194401414191816,0.0015859007835388184,-0.018291715532541275,0.012776392512023449,-0.0001812843547668308
9.361832857131958,0.020940932070033537,0.02767333975095462,-0.03445606119930744,-0.0001488521761319882,0.00014847503282281583,-0.023629825774471473,0.011176169673828255,-0.01345873287166153,0.007747613612560713,0.015582469330414225,0.04750400316380911,0.042152637949659365,-0.019310842469626166,0.017516170690517936,0.002783940680840257,-0.0102354995906353,0.019644326443085447,-0.0006871968507766724,-0.018095288425683975,0.012743491679430008,-0.0007874726434238255
9.401832818984985,0.03304676909680915,0.027090201070023117,-0.011963533237576485,-0.00013573233746378641,0.00014073013108100054,-0.025588724953858652,0.014129274089407005,-0.015923358800800574,0.007743008961604652,0.01643606662732865,0.047307366100688565,0.04199586708717656,-0.017672430818130535,0.01646507460175816,0.0026609763376147576,-0.010218573734164238,0.019794928753981367,-0.001993894577026367,-0.017730437219142914,0.01260428223758936,-0.0011773629812523723
9.45783281326294,0.013724219197431128,0.03527761520566147,-0.013227677438408136,-0.00012978581636738303,0.00013623932585948812,-0.02688468143405879,0.015412823518586308,-0.017414345369250822,0.0077689919642981355,0.016371791660793538,0.047433110826206784,0.04157109110225201,-0.017098290183039055,0.0158740262470586,0.002557148697054306,-0.009976653382182121,0.019903176376828924,-0.003570958971977234,-0.01722259819507599,0.012458785437047482,-0.0016398332081735134
9.497833013534546,0.015215648438428136,0.038678881697350544,-0.03535783477127552,-0.00011732720440884857,0.0001316176505321935,-0.0287061039437295,0.018672004150620775,-0.01921877278839221,0.007889186767434607,0.017230946657658217,0.04764612361172044,0.03946996080416574,-0.015515962591061071,0.015544176775621782,0.0018841319455831199,-0.009713606908917427,0.019938192242989317,-0.0045185089111328125,-0.01677730679512024,0.012513830326497555,-0.0017250606324523687
9.561832904815674,0.021882746569059707,0.034113176996192235,-0.054207250475883484,-0.00010848495717766601,0.00012790711694656408,-0.030310682958969343,0.021006610625887868,-0.020743089002823414,0.007960623140477328,0.017750597489560475,0.0478508142163432,0.03818661628844801,-0.014215257076308316,0.014973921500614683,0.0013081348211344014,-0.009151222184300423,0.019982200959930196,-0.005969017744064331,-0.015939444303512573,0.01232199277728796,-0.002144832396879792
9.601832866668701,0.009542625481381508,0.03619488453881087,-0.03588591329753399,-0.00010151432457395718,0.00011469049577458492,-0.03437352278849068,0.021619141922284778,-0.025757970318931338,0.008130685762548634,0.017837106749880437,0.04622494403472118,0.03512930114706405,-0.013346741334178536,0.01232615684097159,0.0001419747150684192,-0.008677048608660698,0.020007786253700033,-0.006905868649482727,-0.01535332202911377,0.012340856716036797,-0.002437099814414978
9.657832860946655,0.015489830273976626,0.0355232257244602,-0.03017983864992857,-9.920069787785735e-05,0.00010864994635279995,-0.036286890380395384,0.021562351367434902,-0.028196591113672773,0.008184163169354875,0.01749072684520945,0.04560358637079211,0.03411035737149551,-0.013067635033793202,0.010882867797357134,-0.00014985341090301363,-0.007981766015291214,0.019865880633005872,-0.008188709616661072,-0.014582726173102856,0.011832727119326591,-0.0027180153410881758
9.697832822799683,-1.8737067118114157e-05,0.043341072030598456,-0.039947861805558205,-9.264054611218699e-05,0.00010360653057351017,-0.038739056827668296,0.02306033560694202,-0.030647174638638953,0.008207887610459683,0.01755581301623418,0.045249305523717594,0.03333314338260668,-0.01194832630091792,0.009697421208003864,-0.00036842422769616423,-0.0075360257178545,0.019623582164058462,-0.009064853191375732,-0.013939534313976765,0.011371905915439129,-0.0029338228050619364
9.76183295249939,0.01701677677351288,0.046279182446012666,-0.03685309737920761,-9.144436867879481e-05,0.00010080337836307846,-0.03974943387327287,0.02300375628044667,-0.031987595894393706,0.008185982664000722,0.017117969372577212,0.04513968503386278,0.033463487009772315,-0.011718734234600658,0.0089022096547692,-0.00033558593251405654,-0.006867425516247749,0.019168502563843504,-0.01047465205192566,-0.013141589239239693,0.010769329965114594,-0.0034623187966644764
9.801832914352417,0.0053627870835392995,0.041096191694298526,-0.04602096229791641,-8.58010160978969e-05,9.401953940079894e-05,-0.04295703569373397,0.0237741959490724,-0.03570936951723242,0.008114267993359708,0.01715433362682174,0.0441225049574193,0.0341462570576036,-0.010521077781768792,0.006877772427418768,1.8318667497224953e-05,-0.006492793560028076,0.018873353401431814,-0.011273220181465149,-0.012684272602200508,0.010222992859780788,-0.0037063516210764647
9.857832908630371,0.01483345795558291,0.0328815465785177,-0.03200204111635685,-8.09951412566402e-05,9.036638439740732e-05,-0.045291158915984175,0.024828623869913937,-0.038055287609216885,0.008101822952812133,0.017323416673033408,0.04357288151267945,0.034160070418682506,-0.009412052614545531,0.005597824666707374,0.00017064059501392765,-0.006004750728607178,0.018368021497735754,-0.012146905064582825,-0.012021427042782307,0.009548362344503403,-0.00374541524797678
9.897832870483398,0.017060963832980672,0.0401229054047182,-0.016662818554323167,-7.250971178701584e-05,8.321812265996042e-05,-0.05000338860630716,0.02644716768767098,-0.04313424182859028,0.008192355141404834,0.018037651318027644,0.04202529222098007,0.03238310376658051,-0.007292857709113339,0.0030903887820206144,-0.0004853553601673909,-0.005660371854901314,0.01795740137458779,-0.012737646698951721,-0.011534320190548897,0.009096279740333557,-0.0038331965915858746
9.953832864761353,0.015066019937583388,0.03709161478946046,-0.015443702868651599,-7.149700546221924e-05,7.876591442366589e-05,-0.05166658714468962,0.025635138641936773,-0.04611065502249237,0.008251791938006093,0.01778232973065583,0.04099079051406029,0.03123315637572512,-0.006676841998963776,0.0013447793860185216,-0.0009566237289177096,-0.005106227472424507,0.01722672107280232,-0.013488873839378357,-0.0107992272824049,0.008321879431605339,-0.003977465908974409
9.99383282661438,0.009541147393124663,0.047607697779122875,-0.04265669919550419,-7.376485143817095e-05,7.210412577694988e-05,-0.05279201584076819,0.0225041266044619,-0.05054385611961737,0.00833111928178169,0.01696678699610739,0.039259542593756205,0.029495047105462458,-0.006625320572955309,-0.0014768237336837949,-0.001516063543270823,-0.0046853553503751755,0.016590946266660467,-0.014092937111854553,-0.01038004644215107,0.007448805030435324,-0.004141984507441521
10.058043003082275,0.03836548581205882,0.047915184851502646,-0.05505821853876114,-7.799319846653826e-05,6.666230121949479e-05,-0.05268771635315107,0.018508772281111828,-0.0541901981640406,0.008322030563722393,0.01595234723561323,0.03772262009515816,0.029125243789970848,-0.007327370182149483,-0.0038299044298753457,-0.0014490941028251765,-0.004103606566786766,0.0153902665770147,-0.015192002058029175,-0.009562383405864239,0.006312027107924223,-0.004253683146089315
10.098042964935303,0.04489694636049884,0.03852841826304413,-0.06379370391368866,-7.948705220105308e-05,6.376048765902305e-05,-0.05296602728179939,0.01650132580976281,-0.056449931901321915,0.008313494802526238,0.015372689075341355,0.03662517158254597,0.02893097276918605,-0.007362789186238276,-0.005596113169182306,-0.0014883361638278049,-0.003853689879179001,0.014597298490116373,-0.015847086906433105,-0.0093035027384758,0.005564432125538588,-0.004427177365869284
10.154042959213257,0.04547423317773945,0.04286024412481157,-0.07467452064156532,-8.237405923702172e-05,5.985881361683517e-05,-0.05289782183966011,0.013113298604199991,-0.05948881630638237,0.008225749958499713,0.014670363343344412,0.03516277853330276,0.02986908119434782,-0.007967686820852634,-0.007935280457016433,-0.001055408026592577,-0.003532746806740761,0.013392310502240434,-0.01675879955291748,-0.009114865213632584,0.004406603518873453,-0.004604795947670937
10.194042921066284,0.05772283231354847,0.04046635150786945,-0.07059255242347717,-8.292969988773063e-05,5.800187770325429e-05,-0.053329665468648424,0.011680324184135768,-0.06128891978245828,0.008167081307121774,0.014323258898745386,0.0341364563799169,0.030553365923199974,-0.007782035816065606,-0.009559254307334007,-0.0006976602926092126,-0.00330376997590065,0.012463200750062242,-0.01725764572620392,-0.008873852901160717,0.0034541923087090254,-0.004766529425978661
10.234042882919312,0.05396730072002117,0.04352154906341125,-0.06430619955062866,-8.45673896230171e-05,5.718152986628358e-05,-0.05264943116686214,0.0104102602432995,-0.06162933724055231,0.008096692460875202,0.013797053045948594,0.03353276935713839,0.03148531641809372,-0.008005249571371824,-0.010351470946594178,-0.0003810638507504235,-0.0030533354729413986,0.01151791206211783,-0.017728134989738464,-0.008640523999929428,0.0025448487140238285,-0.004755565430969
10.298043012619019,0.033173213535818535,0.03633143704218174,-0.06115990877151489,-9.08390347778784e-05,5.695020365348368e-05,-0.048417238823844175,0.007875542944681613,-0.05921054520458234,0.007962966827795124,0.012388433533692527,0.03364385434298054,0.033285243775065,-0.01001142589525551,-0.010046364857782304,0.0005758013336981786,-0.0025612860918045044,0.009945166209945455,-0.01839323341846466,-0.008408447727560997,0.001077794237062335,-0.004689151421189308
10.338042974472046,0.043473154155247364,0.03376753351409741,-0.05468734726309776,-9.318959561775141e-05,5.8037601509844e-05,-0.04603129991394515,0.008222152076970215,-0.05646932431952026,0.007923042907851632,0.011637199079944038,0.03406298583345595,0.03378157865801054,-0.010939996063866038,-0.00934572594697552,0.0008331441223545739,-0.0023122671991586685,0.009047049941727892,-0.018604859709739685,-0.008482207544147968,0.0003005112521350384,-0.0044827233068645
10.39404296875,0.05265672653914774,0.05179627635869809,-0.035835765302181244,-8.953930715260912e-05,5.899738359908979e-05,-0.0484319977548781,0.010326330172381139,-0.057004411848875704,0.007913674780234184,0.012185114885050414,0.03359053430247644,0.033625812188914125,-0.009317087625917082,-0.010261824428748696,0.0008137818288627555,-0.0020867083221673965,0.00796261234791018,-0.018755778670310974,-0.008701258338987827,-0.0006404569139704108,-0.004263019654899836
10.434042930603027,0.048714644648782814,0.047696095102300606,-0.03503179922699928,-8.847882192177645e-05,5.962997680541508e-05,-0.04894352757042649,0.011419275299495286,-0.05661989118540931,0.007952628006555234,0.012243296850616764,0.033426260789914064,0.03275594825119924,-0.008697527333244467,-0.010520552794917796,0.0004126783122990059,-0.001894468441605568,0.007262283383170143,-0.018804803490638733,-0.008654152043163776,-0.0012106798822060227,-0.004251839127391577
10.434042930603027,0.048714644648782814,0.047696095102300606,-0.03503179922699928,-8.847882192177645e-05,5.962997680541508e-05,-0.04894352757042649,0.011419275299495286,-0.05661989118540931,0.007952628006555234,0.012243296850616764,0.033426260789914064,0.03275594825119924,-0.008697527333244467,-0.010520552794917796,0.0004126783122990059,-0.001894468441605568,0.007262283383170143,-0.018804803490638733,-0.008654152043163776,-0.0012106798822060227,-0.004251839127391577
10.434042930603027,0.048714644648782814,0.047696095102300606,-0.03503179922699928,-8.847882192177645e-05,5.962997680541508e-05,-0.04894352757042649,0.011419275299495286,-0.05661989118540931,0.007952628006555234,0.012243296850616764,0.033426260789914064,0.03275594825119924,-0.008697527333244467,-0.010520552794917796,0.0004126783122990059,-0.001894468441605568,0.007262283383170143,-0.018804803490638733,-0.008654152043163776,-0.0012106798822060227,-0.004251839127391577
10.434042930603027,0.048714644648782814,0.047696095102300606,-0.03503179922699928,-8.847882192177645e-05,5.962997680541508e-05,-0.04894352757042649,0.011419275299495286,-0.05661989118540931,0.007952628006555234,0.012243296850616764,0.033426260789914064,0.03275594825119924,-0.008697527333244467,-0.010520552794917796,0.0004126783122990059,-0.001894468441605568,0.007262283383170143,-0.018804803490638733,-0.008654152043163776,-0.0012106798822060227,-0.004251839127391577
10.738042831420898,0.04378302793249273,0.047132922509457977,-0.03736661933362484,-8.90837342831741e-05,6.127609388359334e-05,-0.0470829741036415,0.013869844129525539,-0.052967800779580444,0.007858050299117285,0.012668915110132054,0.03459210813790223,0.033444692488974775,-0.008552113215298906,-0.008960579695669348,0.001089594661058204,0.0011038612574338913,0.004886661103228107,-0.019046619534492493,-0.007399887777864933,-0.0028348208870738745,-0.003605582984164357
10.794042825698853,0.027644372784082702,0.0448151164193701,-0.028209656476974487,-9.014070194004912e-05,6.079336834663784e-05,-0.0463697868152302,0.012955460957458517,-0.05310479627186985,0.00788311800272396,0.012084287417708667,0.03408203490052421,0.032676793816190985,-0.009022735399050897,-0.009738249521291951,0.0009426403705588818,0.0017685219645500183,0.0047801690234337,-0.018907278776168823,-0.0073158410377800465,-0.0028558745980262756,-0.003273583482950926
10.834043025970459,0.03184065120088119,0.050861261966078423,-0.01317986287176609,-9.060690462960708e-05,6.0283336509846266e-05,-0.04630689401467633,0.011882302644084665,-0.053896226714263695,0.00789066943789921,0.011521889385683345,0.033324996053945705,0.032456632706444034,-0.009226462401737722,-0.01068593163848644,0.0008728150846064383,0.0022017769515514374,0.004677709570387378,-0.018871024250984192,-0.007167366798967123,-0.0028392968233674765,-0.0031632299069315195
10.898042917251587,0.03834829472624667,0.05722205935626082,0.02345731109380722,-9.119991518422363e-05,5.973837887845727e-05,-0.046126390964695785,0.010660784985800876,-0.05471932326748032,0.007920619516457221,0.010924586037851583,0.03252056185130065,0.03181124857618597,-0.009333811881063995,-0.011805456974374705,0.00047823688390714495,0.0027300864458084106,0.004422104364493862,-0.019063591957092285,-0.006911017466336489,-0.003071225481107831,-0.0031639912631362677
10.938042879104614,0.037883815038993074,0.057739181229841285,0.022999804466962814,-9.021986362825219e-05,6.0303288717360304e-05,-0.046888306654296,0.01171221644068503,-0.054507427345180215,0.007936837845027266,0.010935615648839438,0.03216096061689113,0.03150457057714612,-0.008569688783514757,-0.012183173084057706,0.00037580474115305693,0.00296864565461874,0.0042036961822304875,-0.019119054079055786,-0.006903418805450201,-0.0032295994460582733,-0.003068232676014304
10.994042873382568,0.024762071687244695,0.0584322810556692,0.04846037179231644,-9.009446510288975e-05,6.101023797645427e-05,-0.04610497188160436,0.01458221520309498,-0.05181932478563268,0.00799049911661345,0.0109658750866167,0.0329136818006664,0.030599955602294313,-0.007957497435800105,-0.010958156390448585,-7.695802292400609e-06,0.003330303356051445,0.003946042532334104,-0.019084200263023376,-0.006704842206090689,-0.0034707607701420784,-0.0029182392172515392
11.034287929534912,0.02450011342941454,0.06114424067321972,0.04917581379413605,-8.916749005975946e-05,6.179231388407312e-05,-0.04663860902692116,0.016750312889428368,-0.05058101840405885,0.008023371883018755,0.011171520307887001,0.033060912006288426,0.03002320083851421,-0.006800965909296691,-0.010774102169185852,-0.00024229234301060586,0.003620842471718788,0.003908809419954196,-0.018907994031906128,-0.0065784757025539875,-0.003634704276919365,-0.00280877947807312
11.09828782081604,0.023736996971763912,0.051443532691931144,0.0566859170794487,-8.919833691865051e-05,6.215102871302676e-05,-0.0459385245305999,0.019352313172040895,-0.04807710745767843,0.008065646890627751,0.011206845510787322,0.033776674496787736,0.02932688533350254,-0.006152931163567321,-0.009894389706350693,-0.0005967789429877686,0.004092548042535782,0.004015371814602986,-0.018601179122924805,-0.006383600644767284,-0.0040274146012961864,-0.0027588249649852514
11.138288021087646,0.016737400412487582,0.047095965270321345,0.046965040266513824,-8.920902147323669e-05,6.22592190512924e-05,-0.04575950615427894,0.02017667260358282,-0.04733243174549158,0.008119824157778845,0.011046028878083893,0.03368802775977703,0.028297411943983317,-0.005872941007829968,-0.010019425490481224,-0.0010292701413291865,0.004377215169370174,0.004184981720754877,-0.018321871757507324,-0.006341706495732069,-0.00407111831009388,-0.0026454774197191
11.1942880153656,0.007698805855567356,0.046572955708098586,0.034596964716911316,-8.917381526417005e-05,6.240159117863877e-05,-0.04549572911531682,0.02183512239887525,-0.04579100997615434,0.00814816100920984,0.010953239794776422,0.03397491513439786,0.027722787260921727,-0.005334754109955846,-0.009380633328998791,-0.0014259894051077463,0.0047299303114414215,0.004456968425074592,-0.01804320514202118,-0.0061080558225512505,-0.003929197788238525,-0.0027155436109751463
11.234287977218628,-0.008632625240840592,0.05864602045605366,0.002618391066789627,-8.905592343201938e-05,6.25392919845141e-05,-0.04531379290681489,0.0241216146723811,-0.04365178476947368,0.008096861555490342,0.010948589929211728,0.03462405664065966,0.028581036926200398,-0.004847019689730908,-0.008575515117512526,-0.0012284008464483484,0.004927739500999451,0.004647948691854253,-0.017861127853393555,-0.006212548818439245,-0.0038325844798237085,-0.002867070259526372
11.298287868499756,-0.009040996980752045,0.05643927107905707,0.01078626699745655,-8.937103159671516e-05,6.22719326272842e-05,-0.044808541328503725,0.024417773312597722,-0.043057900623878306,0.008094844164256456,0.01054554050769897,0.03452920027348477,0.028504434030484183,-0.004802980946094664,-0.008545555227404751,-0.0013111324579969678,0.005104191601276398,0.00502919071004726,-0.01739141345024109,-0.006092743948101997,-0.0036731974687427282,-0.0028903824277222157
11.338287830352783,-0.012469489171115244,0.049319251172379064,0.005332570523023605,-9.055641594726715e-05,6.111668268219452e-05,-0.04288319656493342,0.02525974565121078,-0.040997174090010254,0.008071364388083747,0.0097741171762744,0.03522715435931278,0.02876792193483195,-0.00548319845863675,-0.007592849633002909,-0.0012868106923128164,0.0051397886127233505,0.0053383576741907746,-0.017040029168128967,-0.006073905620723963,-0.0035906205885112286,-0.0028644544072449207
11.394287824630737,-0.022621790697482342,0.05273103408631658,-0.004710816778242588,-9.142174655722295e-05,6.021969805575306e-05,-0.04149959596686946,0.024970351570767487,-0.04033639726807123,0.008040094392458725,0.00889968768380078,0.035230991619398466,0.029239131269302325,-0.006165190663783059,-0.007431935339857614,-0.0012193874831783324,0.00502847321331501,0.005797553254524246,-0.016501635313034058,-0.006086850073188543,-0.003387239295989275,-0.00285680522210896
11.434288024902344,-0.025247836552616122,0.042377410078316316,-0.0005337819457054138,-9.272947404051313e-05,5.878888797125113e-05,-0.03933055656223219,0.023866901537041497,-0.039966315558944525,0.00797240018665844,0.007510470884489017,0.035169006139695355,0.030383182406254688,-0.007672115089180444,-0.007378335856777473,-0.0007667962735395327,0.004791652783751488,0.006173777306685224,-0.016056865453720093,-0.0061467718333005905,-0.003330895444378257,-0.00278459838591516
11.498287916183472,-0.011159716269665259,0.03450668129805791,-0.008911538869142532,-9.331708438749312e-05,5.815725333375992e-05,-0.03834804934525224,0.023297151610285245,-0.039927124650094785,0.0079765529531643,0.006612384627913062,0.034841717181861076,0.030150643631523335,-0.008334736065674385,-0.007658796539763669,-0.0007718184774112146,0.004168271087110043,0.0067464559397194535,-0.015382632613182068,-0.006496319081634283,-0.0029446780681610107,-0.0024453606456518173
11.538287878036499,-0.008403773331086722,0.04044815422339479,0.006554409861564636,-9.505818507562499e-05,5.616629356152223e-05,-0.035310680013774555,0.021756277765549427,-0.039635901156046593,0.007941166694376325,0.004725740193886492,0.03482136834727482,0.0306793260483734,-0.010585722690234126,-0.007433987910872327,-0.0005519084901236774,0.0035858536139130592,0.007017794909188524,-0.014964491128921509,-0.006823227275162935,-0.002859769854694605,-0.0022008686792105436
11.578287839889526,-0.0035315071624534363,0.046071095558060354,0.002592742443084717,-9.492436911747668e-05,5.631890204322032e-05,-0.03553711545378403,0.02160134700450222,-0.03989285696159199,0.007911720959459976,0.004240861850973295,0.0343390468524078,0.031181858111485286,-0.01039879787479343,-0.008026539920691068,-0.0004946066259556018,0.0028688404709100723,0.007246157532790676,-0.014526233077049255,-0.007150890305638313,-0.0027844735886901617,-0.002190791070461273
11.63428783416748,-0.009286988349311964,0.05946242020364638,0.010663304477930069,-9.298635767682351e-05,5.879023361035473e-05,-0.039125784100869386,0.021802422628608736,-0.041601850496926086,0.007890092331810062,0.004972545764352208,0.03285263508493582,0.03149318921038065,-0.008094982523820004,-0.010241093183750946,-0.0004868545317221113,0.001719481311738491,0.007480281783500686,-0.013842657208442688,-0.007737062405794859,-0.0027822921983897686,-0.0019953851588070393
11.698287963867188,-0.011146508242734712,0.058177843805871515,0.027482833713293076,-9.2641957358808e-05,5.932104085205285e-05,-0.039791589546153625,0.02131345483577073,-0.04244870664172889,0.007866597158550233,0.004646675736894958,0.031869498293350076,0.031947911041866166,-0.0076706502095555155,-0.011406228125991328,-0.0005586701820621148,0.0005519241094589233,0.007525884924689308,-0.01320590078830719,-0.008276374079287052,-0.003017102601006627,-0.0019169269362464547
11.738287925720215,0.0022121549761044234,0.04987074454727571,0.027414482086896896,-9.261764054885381e-05,5.943963340565046e-05,-0.03987607813480836,0.021127875350791,-0.04274261532619835,0.007893792508615027,0.004261095066310435,0.03130751314954083,0.031330038652509856,-0.007628132782471006,-0.012007304793781325,-0.0007209693929718004,-8.022226393222809e-05,0.007439684501150623,-0.012794286012649536,-0.008447933942079544,-0.0031550875864923,-0.001696673221886158
11.794287919998169,0.017034687808533386,0.0586681778005814,0.04230424761772156,-9.244537812615857e-05,5.9670287014369224e-05,-0.040243962048493294,0.021423360426143796,-0.042621935852299196,0.007913815835395143,0.004128935302778565,0.030809932544396176,0.030884863592864995,-0.007211156662003162,-0.012296048940076933,-0.0010637679787122937,-0.0009329523891210556,0.007243741682032123,-0.01210831105709076,-0.008702297694981098,-0.0033777381759136915,-0.0015548303490504622
11.834287881851196,0.020020284643508503,0.06383874442961045,0.01399553194642067,-9.205796047228102e-05,6.0005740225554896e-05,-0.04113283707342433,0.023018321693523996,-0.041312617683262685,0.007971803463638618,0.0046130397573209345,0.03111202483568779,0.029495907820523772,-0.006103727942841046,-0.011816057636800019,-0.0015433802651733768,-0.001478327438235283,0.007086739788064733,-0.011652648448944092,-0.00888086948543787,-0.0035790239926427603,-0.0014544548466801643
11.898288011550903,0.03358873101914968,0.06414115330450924,0.014304053038358688,-9.184277039423395e-05,6.025694332896704e-05,-0.04162934083692305,0.023550147818896153,-0.04095181644052485,0.00798123873850007,0.004741534301422079,0.03075856634821713,0.0291610227680215,-0.005345421928567344,-0.012064178475781118,-0.001875817977739683,-0.0021228790283203125,0.0069006010016892105,-0.010847300291061401,-0.008819586597383022,-0.003940071910619736,-0.001430911710485816
11.93828797340393,0.03414603818502947,0.05684925380221373,0.020352572202682495,-9.188337392692983e-05,6.002924679301146e-05,-0.04143769365163295,0.02366161858985039,-0.04065111393711462,0.007935770865993855,0.004651371536323439,0.03051649451936461,0.030018598051616434,-0.005210915918883516,-0.012261604561399554,-0.001381881159394646,-0.002351878210902214,0.006868050346383825,-0.010476484894752502,-0.008733775466680527,-0.0041582887060940266,-0.0012991046532988548
11.994287967681885,0.02432058581984508,0.0610635050044103,0.018109716475009918,-9.187446497747633e-05,6.01433049331544e-05,-0.04142954422674639,0.023316314610734697,-0.04107661456092681,0.007927933918530566,0.004398035077234884,0.02977233448259188,0.030089721502932116,-0.005063742436200741,-0.012993015232604105,-0.001419748861221246,-0.00247400626540184,0.006848892575362697,-0.00997169315814972,-0.008542180061340332,-0.004448633641004562,-0.0011327157262712717
12.034531831741333,0.023889360289493455,0.051965974541903895,-0.009463910013437271,-9.203459894077556e-05,5.9449035976911655e-05,-0.04096633891030929,0.023955757205458405,-0.039894070921065554,0.007896728841388366,0.004157600755127212,0.03009134600880636,0.03055283518876731,-0.004955555244598295,-0.012388812528709908,-0.0012765499355388411,-0.002505246549844742,0.0068016381992492825,-0.009507536888122559,-0.008241066709160805,-0.004605857189744711,-0.0009733480983413756
12.07453203201294,0.016577781025133524,0.042123648104772864,-0.016056977561675012,-9.185488847817377e-05,5.958347014447479e-05,-0.04148039011805043,0.024606069548877722,-0.03925078292100084,0.007879462437152932,0.00435827633696092,0.029842416205256236,0.030755037617103256,-0.004300666153643195,-0.012276049641489406,-0.0011178309396062795,-0.0025349967181682587,0.006753943773219362,-0.009089827537536621,-0.008075724355876446,-0.004709598142653704,-0.0009547012159600854
12.138531923294067,0.02202032971144006,0.032179887611161175,-0.021608001552522182,-9.161678117772559e-05,6.0140951748780424e-05,-0.04213446777390566,0.024608615417908892,-0.03956726959119649,0.007840356914693772,0.004594659428086693,0.028920227560220273,0.031334485899372155,-0.003759634106146703,-0.013098696659917659,-0.0008435066418978933,-0.0024814605712890625,0.00673136897967197,-0.008351653814315796,-0.007940448820590973,-0.004809386562556028,-0.0007328717038035393
12.194531917572021,0.017943027498247954,0.026884631131750155,-0.03271802142262459,-9.155101404711315e-05,6.063078888376118e-05,-0.04231945771064004,0.02403422348088193,-0.04052662412651044,0.00784344994616967,0.004445346022665689,0.027587880648776927,0.031032849190687706,-0.003546462482077031,-0.014219941630911219,-0.0009364378015162694,-0.002321843057870865,0.0066116721427533776,-0.007699564099311829,-0.007690849713981152,-0.0050384425558149815,-0.0004784286138601601
12.234531879425049,0.018258567516217645,0.022208195170642826,0.001432906836271286,-9.163475991462554e-05,6.106319137379433e-05,-0.041848703917900305,0.022569865117044344,-0.042439767696421014,0.00784516050841546,0.003827806671292299,0.02573887737656102,0.0307119977353708,-0.004131047882105497,-0.015896650772478326,-0.001035337610209325,-0.0021763406693935394,0.0063413869647774845,-0.007348254323005676,-0.007526244968175888,-0.0052682217210531235,-0.0003050786617677659
12.298532009124756,0.0077015180414357785,0.03095142841082565,-0.0070406533777713776,-9.173585499970012e-05,6.124506273946648e-05,-0.041181341156131715,0.02121838369602569,-0.04405282365849218,0.007815751917217147,0.002972634934364616,0.023973713810650298,0.031231110523390174,-0.004678761994188822,-0.017541972822890203,-0.0008302070764640365,-0.0019898582249879837,0.005630814848700538,-0.006882399320602417,-0.007275473792105913,-0.006017800886183977,-9.996868902817369e-05
12.338531970977783,0.027262577636804737,0.02343705185358773,-0.021142813842743635,-9.172030868255488e-05,6.135739933298555e-05,-0.04084172809456779,0.020394506972955532,-0.044976924091664594,0.007729552185610665,0.0024965487111619144,0.022562118865140188,0.03295342753291909,-0.004849936056924627,-0.018670033683277916,-0.00039360997320623826,-0.0019604451954364777,0.004950057162204757,-0.006626248359680176,-0.007197939325124025,-0.00662519596517086,-0.00016262292047031224
12.394531965255737,0.02638297721622578,0.01562469647377705,-0.026479331776499748,-9.156755651173211e-05,6.17101157279276e-05,-0.04137316752467009,0.020539168181819684,-0.044935309014076184,0.007683997078319029,0.002676274223775333,0.02145494156717316,0.03385250900325977,-0.004200325390208745,-0.01939460326044246,3.913978070778536e-05,-0.0019878223538398743,0.0038152583001647145,-0.006121620535850525,-0.007053876295685768,-0.007587229833006859,7.795093551976606e-05
12.434531927108765,0.02235831545433595,0.023699090853246906,0.004261882975697517,-9.129890118168364e-05,6.170541584468407e-05,-0.042440143795764475,0.021715115582235375,-0.04335725476577514,0.007590285566409187,0.0034899973850730033,0.021322733339094412,0.03591200138344052,-0.002935665531705817,-0.019093569578382305,0.0007878564422433156,-0.001948438584804535,0.002904711669543758,-0.0056416988372802734,-0.0070096529088914394,-0.008281378075480461,0.00032691314117982984
12.498531818389893,0.007064703871722951,0.028970337750383223,-0.009447513148188591,-9.124975115829039e-05,6.174172976384261e-05,-0.042606326687756414,0.021828553374775763,-0.0431986939781173,0.007567135938458907,0.0034778483407231415,0.020408934357144436,0.03638516182191134,-0.0024737186248358642,-0.01950341677522921,0.0008114892583293165,-0.0016933120787143707,0.001435860904166475,-0.004653304815292358,-0.006608558818697929,-0.009287348948419094,0.0006881450535729527
12.538532018661499,0.007306985168036263,0.030591285156901595,-0.020300972741097212,-9.102648920390921e-05,6.272144554626371e-05,-0.04399552122661599,0.022312048310846544,-0.04303143208092675,0.007537373556850397,0.004399771331768134,0.019311478683955906,0.0368453074787011,-0.0011318526358507397,-0.020072812852711716,0.0011092718685636676,-0.0014929920434951782,0.0005444370326586068,-0.004020184278488159,-0.006352616008371115,-0.009831855073571205,0.0010040594497695565
12.602531909942627,0.019617337982553155,0.022338484231651273,-0.029610036872327328,-9.086353817052663e-05,6.347194715558766e-05,-0.04528398089557235,0.02296084204763034,-0.04256459604439167,0.007516561495271982,0.005399569495777999,0.018300862656672363,0.037227753567700854,0.00031756239313939915,-0.020584255483472307,0.0011195213414890062,-0.0011193491518497467,-0.0009444616443943232,-0.0031590014696121216,-0.005986666306853294,-0.010644465684890747,0.0013214064529165626
12.63453197479248,0.027426944587062237,0.02811897646008951,-0.004464901052415371,-9.059784378186481e-05,6.529646589921735e-05,-0.048496506028047996,0.024669928636527637,-0.04128066559382331,0.0074632457092737685,0.008095502440918907,0.01763358759959612,0.03838152630848617,0.0034406540824764636,-0.02082173159705291,0.0016221149620498602,-0.0008139163255691528,-0.0017043448460754007,-0.0027895867824554443,-0.005758846178650856,-0.011012468487024307,0.0016031136037781835
12.698531866073608,0.024128324727469636,0.04817418456779675,0.0034712720662355423,-9.05245661561947e-05,6.769598429747482e-05,-0.050627540641766874,0.024928272694175673,-0.04226111111724316,0.007464653748743181,0.01004521542477506,0.015500159781775356,0.03820610976622625,0.005755199574445327,-0.02255911011680182,0.0016518547145548874,0.00016330182552337646,-0.003217804100131616,-0.0021748393774032593,-0.004854851868003607,-0.01180382538586855,0.002023453591391444
12.738531827926636,0.022581183581917012,0.04817015583965168,-0.008250042796134949,-9.054803172413398e-05,6.878575614497422e-05,-0.05162626272499586,0.025137043577151137,-0.04261508683886074,0.007454813518011807,0.011174734581558113,0.014067865353009464,0.038394516135580446,0.007060067915906706,-0.023470854108181182,0.0016523358219612666,0.0009857304394245148,-0.004183336714049801,-0.0017093420028686523,-0.0041761635802686214,-0.012360339984297752,0.0021519858855754137
12.79453182220459,0.01783047708885291,0.039065247999073856,-0.017879881896078587,-9.059114070587702e-05,6.960308313527886e-05,-0.05204112407854403,0.02502266626986275,-0.04325280365798268,0.007460622333384104,0.011945767659822821,0.012460564986761395,0.038020351307399586,0.007913705367497829,-0.024655646417699347,0.0015366351453742655,0.002276439219713211,-0.005616474052658305,-0.0011198967695236206,-0.00310124596580863,-0.01322261057794094,0.0024248550180345774
12.834532022476196,0.03127981430366652,0.03760734565398175,-0.018043707008473575,-9.065363203590093e-05,6.986742889347029e-05,-0.05242506941279521,0.025242892842387607,-0.04314383019201664,0.007448270365141559,0.012744070006994752,0.011360822175875985,0.038254406263116866,0.008710423643145386,-0.025234754526457025,0.001637087769450443,0.0032149702310562134,-0.006674055563053116,-0.0007499605417251587,-0.0023159373085945845,-0.013873815536499023,0.00262810499407351
12.89053201675415,0.04020844050871598,0.042377308996964125,-0.02593088336288929,-9.075798111099804e-05,6.955529486873858e-05,-0.05240216182785515,0.0255018026224166,-0.04272760680575734,0.007523512017025299,0.013370229079814387,0.010678497055812764,0.03605916530457453,0.00922600094417879,-0.02537496043018964,0.0009152128929491841,0.004578772932291031,-0.008168079046299681,-0.0003362298011779785,-0.0012819175608456135,-0.01489260420203209,0.002711559645831585
12.930531978607178,0.03961676673003565,0.030175645839642988,-0.0047196438536047935,-9.082078014443174e-05,6.812383890316694e-05,-0.052147931053023185,0.026026930107056177,-0.04121033053086249,0.007571119478227629,0.013660243763233092,0.010640312877966572,0.034787600250454735,0.009352129428719477,-0.02480706588678668,0.00048520228479503197,0.005609930492937565,-0.009217899380018935,-0.00014175474643707275,-0.0005697302403859794,-0.015584923326969147,0.0027116206474602222
12.994531869888306,0.06429426701631463,0.04012086444976739,0.001687224954366684,-9.095197013499723e-05,6.494929838560628e-05,-0.051865880516022214,0.02722498268963506,-0.03764701522376843,0.0076555790212534105,0.01406498091270782,0.012082744182751355,0.032523780620886504,0.009494384537388049,-0.02257398712792594,-0.0003111859584532343,0.007257482036948204,-0.010715060954680666,-2.3052096366882324e-05,0.0006850693025626242,-0.016356896609067917,0.0026594670489430428
13.034775972366333,0.05156151406061223,0.03890450848084095,-0.01932529709301889,-9.086665383559852e-05,6.337895892165117e-05,-0.05165572901694194,0.027577158440554778,-0.036024660882713964,0.007678510161639361,0.014294450773151576,0.0122277883188162,0.03179410757538073,0.009620868849975898,-0.02175543909795191,-0.0006044267789339114,0.008287376258522272,-0.011448859324445948,-7.618963718414307e-05,0.0014249400701373816,-0.016719769686460495,0.0025362158194184303
13.090775966644287,0.06713586623020625,0.0389908560854827,-0.04409004747867584,-9.007985080643888e-05,6.01001754268498e-05,-0.05054733464488237,0.02734848264293925,-0.033498575128321294,0.007721472629361404,0.013583068721956575,0.013069340377022776,0.030309527171660192,0.008315899528861291,-0.02036481763280899,-0.0012528838229594781,0.009772586170583963,-0.012194128794362769,-0.0002978593111038208,0.0022900106851011515,-0.016850970685482025,0.002090791240334511
13.130775928497314,0.05896418175143396,0.0344264233046646,-0.043636348098516464,-8.952117744040909e-05,5.9093586311212056e-05,-0.04980436878320238,0.026813357881903616,-0.03319806239287492,0.007744990318254045,0.013217238811717047,0.012412634022007566,0.029432635158582375,0.007537719626511988,-0.020564322503247343,-0.0016504038692877225,0.010793082881718874,-0.01254410864203237,-0.0005406737327575684,0.0026859419886022806,-0.016827434301376343,0.0017841026419773698
13.194775819778442,0.05302584195228361,0.03835356901254644,-0.06462777405977249,-8.829257405740255e-05,5.809458617021738e-05,-0.04835035877764797,0.025413916289568614,-0.03371274196682191,0.007743602545225057,0.012165262510056766,0.011197451111696588,0.028865657139172593,0.006132561862787033,-0.021327813827957745,-0.0018446838842330554,0.012306765653192997,-0.012944746849825606,-0.0010599195957183838,0.003212783019989729,-0.01663454994559288,0.0013402707409113646
13.234776020050049,0.044646875044018465,0.03243443830736957,-0.056907784193754196,-8.76206155978677e-05,5.743065877320819e-05,-0.047649834898879355,0.02474022706615598,-0.03376074859891293,0.007743171834936539,0.011672496212565428,0.010216631718327051,0.028565285834014558,0.005643315344549956,-0.021688451109868376,-0.0017293414292894982,0.013136123307049274,-0.013237167237093672,-0.0014672279357910156,0.0035787196829915047,-0.016720613464713097,0.0012188740074634552
13.290776014328003,0.05052900081293743,0.027861268472239072,-0.06676142290234566,-8.74816362683213e-05,5.693971686224036e-05,-0.047555770575306286,0.024702541488892674,-0.033322573453142906,0.007780014480726962,0.01197878811566232,0.009500936552017126,0.026986199393459715,0.005679390000319766,-0.02187221512719435,-0.002039465321117612,0.01413584384135902,-0.013722032395889983,-0.002271801233291626,0.003692787606269121,-0.01667827181518078,0.0010932260192930698
13.33077597618103,0.0575143957022206,0.023403991048474886,-0.06789011880755424,-8.746520576224628e-05,5.6510723106035044e-05,-0.04764441271512977,0.024815078705097218,-0.032762869971758285,0.007801520414520825,0.012382556064624567,0.008868383564948651,0.02605396461213012,0.0059493428222823115,-0.021957447292691005,-0.002337584231635696,0.014749341877177358,-0.014126127673080191,-0.0028545111417770386,0.003733750432729721,-0.01681447960436344,0.0008927919552661479
13.394775867462158,0.04638989753734691,0.025525696194037238,-0.11027192324399948,-8.674242410102912e-05,5.504988673224891e-05,-0.0473700751441647,0.024448362655081917,-0.03150796886470684,0.007810966515572273,0.012094225989720223,0.008619620009354496,0.02499174336717634,0.0053164538550933334,-0.02171853814453993,-0.002589612864314655,0.015787425560120028,-0.014780191791942343,-0.0038832873106002808,0.003676602616906166,-0.016962742432951927,0.0003791344352066517
13.434775829315186,0.05042009894771323,0.032193135870999215,-0.09181828796863556,-8.718808454707586e-05,5.4866477961087314e-05,-0.04788841513052266,0.024995586221832945,-0.03077662401482129,0.007826738403997304,0.013029013405569107,0.008161840492882188,0.024119350664531067,0.006203243861677114,-0.021624879421184216,-0.0028819837301297503,0.016416777216363698,-0.015179501933744177,-0.004606232047080994,0.0038084748666733503,-0.01705777458846569,4.0801114664645866e-05
13.49077582359314,0.05823749557238937,0.032483231788690496,-0.08116792887449265,-8.852759547035354e-05,5.387176095693003e-05,-0.049678637839399103,0.026716039967207228,-0.027874380356363818,0.007895078240164978,0.01533138582702039,0.00919757554231564,0.021536895905909643,0.00849646375694082,-0.02002389106559314,-0.003431293580645404,0.01731003785971552,-0.015720556577434763,-0.005891323089599609,0.004128254484385252,-0.017286624759435654,-0.0002093341900035739
13.530776023864746,0.0761937268542523,0.03179173834002844,-0.07085390016436577,-8.877417483291066e-05,5.312919176724458e-05,-0.05031137020798976,0.02718502163575,-0.026454020888931725,0.007916307640042088,0.016329112739361246,0.009259030403941496,0.020557034974792058,0.009274885560549395,-0.019201992629027092,-0.003572591992285464,0.01810452016070485,-0.01602123779593967,-0.006900131702423096,0.004444393794983625,-0.017158985137939453,-0.0004237008688505739
13.594775915145874,0.07483689204703592,0.024261990214310927,-0.039872078225016594,-8.925583610048939e-05,5.358905959596845e-05,-0.05030806715322536,0.027509627986249927,-0.026936974956620303,0.00796015789702592,0.017628009860223427,0.008179462105078245,0.018770290158523002,0.010106206543997841,-0.01972274996405623,-0.003951219746227459,0.019653476774692535,-0.016275315632810816,-0.008560225367546082,0.0051737576723098755,-0.0169229693710804,-0.0008020112290978432
13.634775876998901,0.0710361118579291,0.021495001884618347,-0.049767982214689255,-8.936892036621147e-05,5.3677150635514006e-05,-0.050343208260573,0.027595620246393712,-0.02699942340074187,0.007957554629016109,0.018414107439909108,0.007244047597520397,0.01846551856460137,0.010464467649664059,-0.020097499606074605,-0.004003920047518175,0.02073598373681307,-0.016383146023144946,-0.009567856788635254,0.005520782899111509,-0.016722524538636208,-0.0010614227503538132
13.690775871276855,0.07454036561891565,0.024366036899613107,-0.026948952116072178,-8.89308424400731e-05,5.316341143240603e-05,-0.050464643545671005,0.027352382455034584,-0.02633363435930205,0.007955235542959063,0.0190131242103459,0.0067872855126825055,0.018124089738245083,0.010483689952511515,-0.019992696916650395,-0.004156256345840844,0.022415014915168285,-0.016720024024834856,-0.01093997061252594,0.006180752068758011,-0.016504811123013496,-0.0016420983010903
13.730775833129883,0.06871235626789803,0.02660512198508688,-0.011217620689421892,-8.870040135869713e-05,5.286844491827252e-05,-0.05058508961007889,0.027234967285541437,-0.02590863111701962,0.007937153079777748,0.01961386504590116,0.006036324835421106,0.0183639990965446,0.010663622509393083,-0.020028570497881502,-0.004135680989522394,0.023652258329093456,-0.01701296222745441,-0.01181359589099884,0.006689420435577631,-0.016543494537472725,-0.001897600945085287
13.79477596282959,0.06946703842863423,0.012844737797940391,0.01665441319346428,-8.771882891134621e-05,5.149771846367434e-05,-0.051250797702061326,0.02673761124811026,-0.02382812101898396,0.007890914817999603,0.020026969889511432,0.00620559003931841,0.01950729018749824,0.01066966122302435,-0.019113597555080297,-0.0036991747894329127,0.025625433772802353,-0.017459786584367976,-0.012989833950996399,0.007549390662461519,-0.016363760456442833,-0.0022604395635426044
13.834775924682617,0.07365735923037259,0.014089642045913798,-0.007559662684798241,-8.709502068901919e-05,5.0104138096985345e-05,-0.05220343070522561,0.026514291772453503,-0.021472971866139248,0.007860582480956727,0.020572653244244083,0.006682833627216018,0.020217902836690917,0.01074292952427066,-0.01804042805406385,-0.0034406649004226166,0.02683281246572733,-0.01773649369715713,-0.013523980975151062,0.007949569262564182,-0.016268661245703697,-0.0023873255122452974
13.890775918960571,0.07382694333712328,0.007942214785047766,-0.016449120914330706,-8.718394777075475e-05,4.81174003996017e-05,-0.05395830996801913,0.026919174060166258,-0.017870386314762066,0.007807687027668602,0.022055330763155623,0.00806219384089367,0.021523467084819264,0.011562399986139529,-0.015973871087197947,-0.0031796911915135916,0.028494312427937984,-0.018032155086984858,-0.014015138149261475,0.008401243016123772,-0.01605268567800522,-0.0025866443756967783
13.930775880813599,0.07037406551939918,0.012585834240984894,-0.03590366430580616,-8.703390120815962e-05,4.774125142153565e-05,-0.05425100360269899,0.02685913249762402,-0.01720625117227558,0.007814677574970343,0.0227570603295561,0.007699848434584746,0.021027921369015923,0.011900875531538187,-0.015833659711830282,-0.0032448270890828588,0.029700602404773235,-0.018131616612663493,-0.01422169804573059,0.008827511221170425,-0.015902908518910408,-0.0026402331423014402
13.994776010513306,0.07188058964831681,0.006949948490783416,-0.016297136498906184,-8.591984141906229e-05,4.692963866103359e-05,-0.05482580269850795,0.02613233868901947,-0.01572740352843569,0.0078430718091858,0.023135620715534804,0.007573659699477489,0.019866613494519746,0.011804865691044988,-0.01532528574243505,-0.00330422903966597,0.03172431327402592,-0.018199942162027583,-0.014428600668907166,0.009595184586942196,-0.01544203981757164,-0.00221362616866827
14.035019874572754,0.05984712095414716,0.007463087134832217,-0.022163241636008024,-8.537495534154365e-05,4.71768649409171e-05,-0.05452880937974315,0.025724953314933265,-0.016166893717368437,0.00786022830932342,0.02341486277400869,0.006426117685613613,0.019072232472030767,0.011792274351802813,-0.015889904389642738,-0.003477533697291736,0.032970303669571877,-0.018280617048731074,-0.014585033059120178,0.010002879425883293,-0.015241773799061775,-0.002119978191331029
14.091019868850708,0.054701820059607775,0.008049753458915862,-0.019070274429395795,-8.495585149741848e-05,4.756091616261541e-05,-0.05413508653602087,0.025414217885812503,-0.01682525865609086,0.007894876476832752,0.023849413484439065,0.005157215139085895,0.017627067821372674,0.011770033239019921,-0.01646506407637213,-0.0037780243107802098,0.03460702858865261,-0.018514947121730074,-0.014926433563232422,0.010600644163787365,-0.014882039278745651,-0.0020408709533512592
14.131019830703735,0.056999379540968134,0.009885786616608256,0.02369413524866104,-8.438344787236376e-05,4.767080208952295e-05,-0.054053804935279275,0.025008018935997443,-0.016902125729079252,0.007924375328692716,0.024211904140647587,0.004119635466862515,0.016546808486239652,0.011683798018024622,-0.016738590102876465,-0.004197342586517326,0.035705236718058586,-0.018782769417157397,-0.015201613306999207,0.010907878167927265,-0.014703446999192238,-0.0021989711094647646
14.195019960403442,0.04170770220303574,0.03044466041299617,-0.022477002814412117,-8.1033416559842e-05,4.7507876007876696e-05,-0.05467396397754524,0.022670992910472105,-0.015586769720720301,0.007968376269420577,0.023205425743756482,0.0033105367094902654,0.014900618378315566,0.010309656836560547,-0.01676518430694063,-0.004716179863790952,0.03732374310493469,-0.019436477770796046,-0.015708208084106445,0.01142801996320486,-0.014512521214783192,-0.0024536768905818462
14.23501992225647,0.03856472645132747,0.029041735399026252,-0.06101171299815178,-7.8356801401399e-05,4.781788104419779e-05,-0.05491261120425941,0.020814811244788196,-0.015162245035968459,0.007977401490081783,0.022346807084872012,0.002090863063168237,0.014248071680460337,0.009244608203249516,-0.017421731476332417,-0.00480127808956594,0.03817245922982693,-0.019864137371769175,-0.01605236530303955,0.01155463233590126,-0.014550792053341866,-0.002457834780216217
14.291019916534424,0.02875578270536774,0.03670254894335864,-0.06395471841096878,-7.308578232410935e-05,4.863623085640423e-05,-0.05541702913812332,0.01718278330491195,-0.014437069472330774,0.00800842870774717,0.020137811728177687,0.0003176263116567704,0.012744216730498456,0.00691971041123068,-0.01866787829672642,-0.005150241335371511,0.03901711851358414,-0.02052354914485477,-0.016696617007255554,0.011338328942656517,-0.014775912277400494,-0.002730755368247628
14.331019878387451,0.038591206862141375,0.04001960734567761,-0.04867662861943245,-7.120571817003739e-05,4.921901856075208e-05,-0.05542455191974603,0.01590276761436857,-0.014564336656000664,0.008034633905538657,0.019565672455220572,-0.0010918451731767322,0.011534303455957306,0.006225940043907091,-0.019300367573121265,-0.0054142837428126905,0.03928789310157299,-0.02106724222539924,-0.01722387969493866,0.01112858485430479,-0.014862524345517159,-0.0028652879409492016
14.395020008087158,0.036647399869896104,0.04529994088014007,-0.07206352427601814,-6.72757615125348e-05,4.987032317517784e-05,-0.05622437063044047,0.013196748223963387,-0.013579001848552513,0.008089060396775401,0.018202986061130817,-0.002341294472318694,0.009245801229558578,0.004757451551396493,-0.01998173264351664,-0.005838011930852805,0.03938375227153301,-0.02201188643812202,-0.018204644322395325,0.010548226535320282,-0.015322725288569927,-0.003111245110630989
14.435019969940186,0.03738538882718036,0.03891500341429838,-0.07913678139448166,-6.493213565877388e-05,5.02093771016083e-05,-0.05684654649214638,0.011577148825568378,-0.012800702603921769,0.008129680919447888,0.017436566556792727,-0.0033943690524453085,0.007502985488954838,0.003862726299286162,-0.020352993912643304,-0.006223720242364136,0.03929535672068596,-0.022601303731789812,-0.018919676542282104,0.01005179900676012,-0.01568719372153282,-0.003227967768907547
14.49101996421814,0.038102392467313714,0.029331728914825113,-0.09113224595785141,-6.209492839057879e-05,5.141475243698446e-05,-0.05705749209628344,0.009676996257778573,-0.012968506787053238,0.00818710058172124,0.01648143733290859,-0.0051711143419197565,0.004910638240988342,0.002718774269024798,-0.02151441616601414,-0.0067875038205756025,0.03896915540099144,-0.023415685718646273,-0.020097464323043823,0.009182649664580822,-0.01605215109884739,-0.003617112757638097
14.531019926071167,0.05152540132345468,0.027359838458168653,-0.09804359078407288,-6.042057473162077e-05,5.204156489677276e-05,-0.05735003456780953,0.008554262668204166,-0.012838031267395623,0.00820643692163594,0.016157163978107122,-0.006542682680154909,0.0034253688798296976,0.0020734374987562503,-0.022275185647626945,-0.006995835929916296,0.03861040621995926,-0.024047154089203104,-0.021103233098983765,0.008507879450917244,-0.016406431794166565,-0.003971837926656008
14.595019817352295,0.05306600917746819,0.02706355989116723,-0.09184812754392624,-6.100130284991369e-05,5.2254454775548943e-05,-0.05690236141915737,0.008981891206936352,-0.013516874472710036,0.008218026745668818,0.01660465857150256,-0.007849895552401532,0.002390337035632954,0.002176218489511681,-0.02282581709560556,-0.0072705779677953416,0.03799602389335632,-0.025189022620907053,-0.02282734215259552,0.007226272951811552,-0.01695943996310234,-0.004516579210758209
14.635020017623901,0.04185770270121211,0.026083885788344585,-0.084245964884758,-6.327464814014022e-05,5.2964653782760944e-05,-0.0551598732365316,0.010664714369897353,-0.016088367043271067,0.008207895175463751,0.017801454613815992,-0.00967493149927244,0.0017275904557126818,0.0033248064705990103,-0.0239945972991907,-0.007290248954829729,0.03765590861439705,-0.025917378341546282,-0.0239364355802536,0.006816555745899677,-0.017323004081845284,-0.004822090733796358
14.691020011901855,0.06458887546579732,0.03258913887507924,-0.08812035620212555,-6.251325566968866e-05,5.369225776564176e-05,-0.055070484343125885,0.01019498968363348,-0.016530562691508762,0.008210535760805668,0.01786689987854763,-0.011358654849406413,0.0010192753731570051,0.003281542971475401,-0.02496659820330847,-0.0073393967334768355,0.03734015114605427,-0.027015348052373156,-0.02559278905391693,0.006109628826379776,-0.018027879297733307,-0.005141298286616802
14.731019973754883,0.052684792535546254,0.026393967842326425,-0.05155761539936066,-6.190176698649758e-05,5.436559156553292e-05,-0.054935986511247696,0.009837343706322155,-0.017005527689405123,0.008193600180879489,0.01808906701203662,-0.012740194245882287,0.0008540765681616767,0.003271593831006588,-0.025722749034427273,-0.007588690484367375,0.03725230321288109,-0.02786704440950416,-0.02676697075366974,0.005829112138599157,-0.018586140125989914,-0.005748296622186899
14.79501986503601,0.052807035384922194,0.03153408005251032,-0.07057444378733635,-6.129054744271489e-05,5.437549367369111e-05,-0.05528642406060553,0.009407663358187487,-0.016571431794473727,0.008191055411777151,0.018166144155365552,-0.013950878157107034,0.0003462873741003807,0.0032486391058442862,-0.026100028273572672,-0.007778252192767895,0.03718487732112408,-0.029303369199624285,-0.028578609228134155,0.005427326541393995,-0.019531067460775375,-0.006291992496699095
14.835019826889038,0.02702565352639841,0.020056301274919877,-0.0689760185778141,-6.004045745743225e-05,5.3056660935354394e-05,-0.0567850182559871,0.008427984312194424,-0.014105846629370615,0.008176312869472204,0.01788171832378802,-0.013676326427017554,0.00022233730760739729,0.0028638313168190136,-0.02734912729060718,-0.00763251489453892,0.03720558434724808,-0.030212716286769137,-0.02961704134941101,0.00459153251722455,-0.0205848328769207,-0.006562001537531614
14.891019821166992,0.03417862048363287,0.028893632850553772,-0.05074637942016125,-5.941131438333264e-05,5.17468955254244e-05,-0.057707449365068345,0.007936305070867336,-0.012330366617524681,0.008190613108251926,0.017697000815345903,-0.013919917979002536,-0.0007166154981984942,0.0030946948190109487,-0.0338614464595932,-0.010784425541867476,0.0370640829205513,-0.03161407736479305,-0.031093373894691467,-0.0012815269874408841,-0.02725347690284252,-0.009224969893693924
14.931020021438599,0.04685204410825633,0.03159130818443085,-0.035521344281733036,-5.8063130383705395e-05,4.9389284316560466e-05,-0.05886823447139176,0.007073101591789625,-0.009680417958253206,0.008212733472956165,0.017117311862069842,-0.013799949061828829,-0.0023110668339596076,0.0019864450961133784,-0.03436827253588702,-0.02145512627947043,0.03670853190124035,-0.03263256428181194,-0.03226085007190704,-0.00332080852240324,-0.02908802218735218,-0.01559241022914648
14.995019912719727,0.035173813770870484,0.04258935090290682,-0.044991244561970234,-5.737871079628904e-05,4.794089107808034e-05,-0.059412905119012746,0.006658102305995376,-0.008255287183674003,0.00823299731623974,0.016684513839615656,-0.01445634563706569,-0.004845183419076286,-0.0006318423025388079,-0.033355384439715946,-0.05164744931387827,0.035959890112280846,-0.03398766843019985,-0.035183802247047424,-0.004799164831638336,-0.027148427441716194,-0.04744938388466835
15.035262823104858,0.0409993245162367,0.040522962227207665,-0.05244162119925022,-5.6429205668402385e-05,4.497727572645135e-05,-0.059732060572371876,0.006267152298938919,-0.0062331560856332124,0.008276248951495103,0.015622578689179229,-0.014121515683191989,-0.009927923531317603,-0.00567043113075817,-0.03165651256250279,-0.09797923804047694,0.035407209768891335,-0.034607690846314654,-0.03844909369945526,-0.006719618570059538,-0.02442265674471855,-0.08358047157526016
15.091262817382812,0.040984013219222015,0.04261245783590941,-0.05624514352530241,-5.838492987947675e-05,4.310159276310101e-05,-0.05892036210353407,0.0076741094482240535,-0.006231826634548521,0.008300126405042315,0.015643383661673303,-0.014612569226863706,-0.01768624282038544,-0.011963151490052969,-0.030117885253660867,-0.16552918267374625,0.03440223075449467,-0.03502467749058269,-0.04606930911540985,-0.010741018690168858,-0.01851547323167324,-0.15281784534454346
15.131263017654419,0.03192165750954893,0.044057845181138734,-0.04964951518923044,-6.452060540471995e-05,3.645407662531554e-05,-0.05444805450154847,0.012763566592227087,-0.007868621058589601,0.008313913223894562,0.015807806685248938,-0.013350805526742494,-0.028254318741744652,-0.018605928229247323,-0.026189768463796385,-0.2416005856522439,0.0335584320127964,-0.0349173481517937,-0.05443336069583893,-0.01433523464947939,-0.013124203309416771,-0.21382097899913788
15.195262908935547,0.025415449639284594,0.04495390771862814,-0.06543235667049885,-6.900418464746025e-05,3.1743238569281616e-05,-0.05060257465454315,0.01668192537808476,-0.009754292769652284,0.008304359996411149,0.015212539885624154,-0.013083669065453064,-0.04317973437177426,-0.027086505662980126,-0.021425217707635308,-0.33621361483456963,0.03203855641186237,-0.03405141187249683,-0.07381285727024078,-0.020348217338323593,-0.0024729869328439236,-0.32827502489089966
15.235262870788574,0.011070530970236558,0.03878428673835347,-0.10827219765633345,-7.592432364441197e-05,2.4713457086888056e-05,-0.04385247130990786,0.023041629127794665,-0.013633976585168382,0.008314177175525166,0.014697324031965857,-0.011887414626275137,-0.06260517107398485,-0.03404494357727639,-0.013612929826540197,-0.4332423778149853,0.030933796428143978,-0.03293940526782535,-0.09028474986553192,-0.024062125012278557,0.004931461997330189,-0.4085785746574402
15.291262865066528,0.024269971551727422,0.03920250531078048,-0.12778034806251526,-7.770716509346007e-05,2.3438112323136637e-05,-0.04203687899124589,0.024762240424459292,-0.01503553332920219,0.008320595998724424,0.013326687210134256,-0.012051166797765711,-0.0885181630214661,-0.04237263826440138,-0.00729279193110338,-0.5460062943531258,0.029163298197090626,-0.030717567628016695,-0.11967121064662933,-0.02860558219254017,0.015763618052005768,-0.529775083065033
15.331262826919556,0.026629276932383778,0.03245307749262501,-0.16391259152442217,-8.407042255483627e-05,1.7322659176492546e-05,-0.03415527625074368,0.031485963910982184,-0.020595800680339435,0.008319588633946655,0.012839592461175255,-0.010590099787992401,-0.11802850411140636,-0.046261656618990656,0.004491833503899144,-0.6553599219143872,0.027705535292625427,-0.028768242424121127,-0.14545707404613495,-0.031171370297670364,0.023287858814001083,-0.6211040019989014
15.395262956619263,0.029009928312014467,0.04137444476710436,-0.20148378890007734,-8.784327436673829e-05,1.3423349736431896e-05,-0.02859556811259286,0.035987056729339544,-0.02471109495150929,0.008331823439251982,0.011618675312644277,-0.009060176742799872,-0.15624388124879846,-0.04986746016048241,0.01599551465268301,-0.7783248155015559,0.025237110443413258,-0.02513290857314132,-0.19529007375240326,-0.034109193831682205,0.03430568054318428,-0.773488461971283
15.43526291847229,-0.0072655159521909825,0.03323273536918777,-0.2625890001654625,-9.063280110699125e-05,1.0363965039811093e-05,-0.0237843158824481,0.03965522965280652,-0.028293966668205377,0.00836884066058178,0.010034481698355828,-0.006892023127263792,-0.19840423516394545,-0.051723459023559966,0.027036214949069184,-0.8949797246864442,0.023676464334130287,-0.022530187939992175,-0.23188091814517975,-0.03515864163637161,0.040510572493076324,-0.8716684579849243
15.491262912750244,-0.010004146163244364,0.034214681761599794,-0.27691822685301304,-9.131652332630376e-05,9.067740237579474e-06,-0.02137633425145873,0.041339905656204864,-0.03025613610181052,0.008374064340267669,0.007962580409307998,-0.00476463755450184,-0.24875474177653387,-0.053515773743383135,0.03631800345278536,-1.0230358497481677,0.02146054059267044,-0.018519378354540095,-0.29057641327381134,-0.03533736243844032,0.0480019748210907,-1.0117642879486084
15.531262874603271,0.008076654012146061,0.043909387887540695,-0.3523885905742645,-9.163511676062973e-05,8.078455663915358e-06,-0.019229931810925624,0.042734475135562576,-0.03201463220196162,0.008424097371653009,0.006021447754018568,-0.002118803790558418,-0.3030454077821883,-0.0539637106599855,0.04423913827593109,-1.1455165378906182,0.019776515662670135,-0.015450735663762316,-0.33781643211841583,-0.03488239273428917,0.05221342667937279,-1.1131972074508667
15.595263004302979,0.001640716154938379,0.03437499474533824,-0.38451804872602224,-9.175336061163212e-05,8.058054639387468e-06,-0.019034019850582323,0.04287271365711957,-0.03217774499582936,0.008452219694491689,0.003193442362150704,0.0005346559087109981,-0.36830074207793173,-0.055191132779215744,0.05086778960830663,-1.3335823299719975,0.017044345731846988,-0.010276942601194605,-0.4236028343439102,-0.03334280848503113,0.05792422220110893,-1.3293209075927734
15.635262966156006,-0.016115137986302434,0.0529771594957561,-0.4563755188137293,-9.389892611255415e-05,8.521420443500553e-06,-0.015676778551465907,0.045201959810488565,-0.03512635760671892,0.00852911713794361,0.0009283848893026799,0.004827620423689114,-0.4414237438269816,-0.05296710816467898,0.06091481700949274,-1.5843219105010211,0.015326281689340249,-0.006953509611776099,-0.4863017350435257,-0.03176898881793022,0.06058669835329056,-1.5338988304138184
15.69126296043396,-0.010351853342110874,0.056985187092265605,-0.5179831432178617,-9.21443580455158e-05,8.798378367249581e-06,-0.014137200099690043,0.045697417988983434,-0.036696806666809266,0.008572062504977206,-0.0010284297407310934,0.008655900760026626,-0.5326742594082102,-0.050386324827809394,0.06804312561349428,-1.8491725545158517,0.012899640714749694,-0.0021247373369988054,-0.5892049223184586,-0.029169516637921333,0.06270746886730194,-1.8297815322875977
15.731262922286987,-0.01019882453105612,0.057187785094725246,-0.6527306698262691,-9.032656602634108e-05,9.898736052190913e-06,-0.012483886800497345,0.04620304718167758,-0.0385397875198883,0.008607650996429574,-0.002594180575554875,0.012823886265968074,-0.6282026410406253,-0.04711742347360853,0.0742518983369007,-2.0566126684930075,0.011224341578781605,0.0014085792063269764,-0.6730062514543533,-0.027022913098335266,0.06338512152433395,-2.012420654296875
15.795262813568115,-0.002592095794478346,0.06200971445690779,-0.7185457991436124,-8.981688724582826e-05,9.987122896198188e-06,-0.012360117443688808,0.046157931025488624,-0.03869056023201757,0.008640530679192772,-0.004870409022555867,0.016950827385561664,-0.7413955279506793,-0.044840105619915305,0.07774958660992003,-2.2351989061351567,0.008773701265454292,0.007095584092894569,-0.8225330263376236,-0.023290885612368584,0.06279060244560242,-2.25020170211792
15.835263013839722,-0.024505033553817827,0.07682461136321334,-0.9063407042995095,-8.423586720680816e-05,7.254730155868988e-06,-0.013282874910063223,0.04447424649297722,-0.037349962344690846,0.0086643383271428,-0.006791768859069725,0.02009636496182267,-0.8528684062981156,-0.04286407738885313,0.0780445271457129,-2.3551342849669985,0.007333084009587765,0.010627019131788984,-0.9235721975564957,-0.020866259932518005,0.06170997396111488,-2.359233856201172
15.891263008117676,-0.02238838075958715,0.0825801503033085,-0.9849026631563902,-8.191378040691478e-05,8.643916412039842e-06,-0.012706250942378221,0.044232904444590576,-0.03823876852805942,0.008666400735928923,-0.008471074673464248,0.02461518966190431,-0.9782896593041318,-0.03938398668782729,0.08058444093332763,-2.4496738703007073,0.005378746427595615,0.015402377495775,-1.0719131380319595,-0.01779351755976677,0.05926883965730667,-2.4734463691711426
15.931262969970703,-0.023212282005557198,0.08805492966519121,-1.1312461458146572,-7.36953088581131e-05,7.55449515476398e-06,-0.012789178135775413,0.042351213602444565,-0.0379950123047993,0.00865560791136775,-0.009586341893956586,0.02825946839589409,-1.0974203291811475,-0.035672607454304575,0.08054242065049909,-2.5152616576122493,0.004059663042426109,0.018726072186836973,-1.1812733560800552,-0.015713151544332504,0.05707153305411339,-2.5356757640838623
15.995262861251831,-0.02021776501403491,0.08924055738324833,-1.2543583437800407,-5.6021998736681144e-05,8.204618923564898e-06,-0.012611342897712065,0.03839666476406379,-0.038379303408525065,0.008598660954940204,-0.009519906765805814,0.0319317385955857,-1.2276180069631109,-0.029019344844968268,0.07974296979992615,-2.572616682604748,0.002116589806973934,0.023866749281296507,-1.3598948866128922,-0.012402534484863281,0.05293652415275574,-2.6156227588653564
16.03526282310486,-0.009480197822717275,0.09771096281008872,-1.3435055669397116,-4.762227234113992e-05,1.0030999525534379e-05,-0.012416268470259785,0.03653424360165194,-0.03898625672427404,0.008577812558525126,-0.009704032210185645,0.0354019853901256,-1.3410211220597275,-0.023904833216298927,0.07965568740008633,-2.6169591467595996,0.0010402901098132133,0.026946091005811468,-1.4732231050729752,-0.010130858980119228,0.049953557550907135,-2.6596310138702393
16.091506958007812,-0.011239367546227678,0.10722647234704397,-1.5098366271704435,-3.038446315813216e-05,1.5857409888128797e-05,-0.012000858631506092,0.03265945926057832,-0.04067355153439062,0.008546623061512378,-0.008637326069684599,0.04000192463122694,-1.4879471180984323,-0.014913721273825023,0.0792017262097606,-2.6701040026560032,-0.00012353993952274323,0.03106257031322457,-1.6336410194635391,-0.0068900310434401035,0.0454711839556694,-2.7181358337402344
16.13150691986084,0.0024679194076410635,0.10993984698347604,-1.577610719949007,-2.335043410153052e-05,1.3612724089020054e-05,-0.012261566469035663,0.030942387553091647,-0.03983817362651494,0.008529642348604434,-0.00874811315684035,0.04321197279588951,-1.61622499320837,-0.010132031666118405,0.07695238453105017,-2.7042660730213344,-0.0006579365581274033,0.033935542131075636,-1.7493328005075455,-0.004404363688081503,0.04213644564151764,-2.751850128173828
16.195506811141968,0.029860696817734542,0.10864284478232852,-1.7638356536626816,-6.278011675066194e-06,4.245416001048423e-06,-0.012994054011624746,0.02678568902149413,-0.03671388891266444,0.008520143225786182,-0.008129014652681352,0.04512296176713619,-1.7568797648009733,-0.0041456945636876245,0.07033588893000302,-2.7277538576067055,-0.0010138172656297684,0.038339274848112836,-1.9355396181344986,-0.0002816611959133297,0.03686220198869705,-2.7875816822052
16.235507011413574,0.028489916353897714,0.11910407577214153,-1.85920583026018,4.232868777085155e-07,-2.7660207646063026e-06,-0.013334653865837555,0.02518785897278527,-0.03461400874223481,0.008528080512470143,-0.008047882850806208,0.04729056105422627,-1.8883287547358065,-0.0001529043445435516,0.06593571237885025,-2.7390958123810347,-0.0009795185178518295,0.040841235691914335,-2.052061453461647,0.002399881137534976,0.03344669193029404,-2.7999391555786133
16.29150700569153,0.031945399567381724,0.11867044145316176,-2.031639814376831,1.368559063509854e-05,-1.5030124423437631e-05,-0.013789471009227203,0.022098606563758085,-0.03099571311480227,0.008534138100654133,-0.0073674832589491965,0.048494563730931826,-2.0307703543406785,0.004617877438022335,0.0581021230601937,-2.7358221382489596,-0.0005518179386854172,0.04394953968585469,-2.214841976761818,0.005874856375157833,0.028360959142446518,-2.8034396171569824
16.331506967544556,0.031796284507720936,0.10629207860833265,-2.1078682197257876,2.034882082556323e-05,-2.33509417632702e-05,-0.013944775048833088,0.020623481446276706,-0.028699829393019134,0.008535532594082539,-0.006927090443541335,0.0498096110043415,-2.161208638233456,0.007868194308076717,0.052541323069020485,-2.6996630911942163,-2.0191073417663574e-05,0.04589007320464589,-2.330133333802223,0.008179716765880585,0.024717144668102264,-2.781707763671875
16.395506858825684,0.01119642377822186,0.11764404951816232,-2.2888261172920465,3.9843784106991946e-05,-3.923032773576676e-05,-0.014305251958083255,0.016191480504830658,-0.024048444885274235,0.008524540749783368,-0.005468016812410662,0.04898467360218873,-2.298938563796955,0.013034923264477145,0.04138599732148474,-2.6254529969470966,0.0011943737044930458,0.0484774884826038,-2.5102819353342056,0.011573664844036102,0.018757520243525505,-2.699939250946045
16.43550682067871,0.010042954113008063,0.12036683264358944,-2.3850491126067936,4.75657200675693e-05,-4.613342642627504e-05,-0.014393050464031552,0.014481241055312278,-0.022082077379188568,0.00850017415810809,-0.004431706952515574,0.049463613665701005,-2.4217030601531615,0.01606669376549133,0.035461978890892615,-2.533581826936373,0.0021310728043317795,0.04966505887568928,-2.618854895234108,0.0132755097001791,0.015058638527989388,-2.6267154216766357
16.491506814956665,-0.0039984599954650145,0.11050027969543857,-2.5309204747900367,6.0311765480118636e-05,-6.315830149885993e-05,-0.01429743408511841,0.011905637396325545,-0.017658383492961574,0.0084654905823267,-0.00340642007745583,0.048071808404396996,-2.548744078392645,0.01851962990994581,0.02493400494369803,-2.4175797484642247,0.0036728819832205772,0.05080690878094174,-2.764069214463234,0.015607165172696114,0.009721832349896431,-2.5053226947784424
16.539506912231445,-0.01576039892631735,0.11231791352600104,-2.6205038456246257,6.564756351753169e-05,-7.051830102725284e-05,-0.014217020481372801,0.010858659359972158,-0.01576997080289113,0.00842703674209745,-0.00248944123652269,0.047816238176266755,-2.660323262574956,0.02043284984868134,0.018898864027501874,-2.301664567400041,0.005114763975143433,0.05137151005328633,-2.881568804383278,0.017529577016830444,0.005170147866010666,-2.390385866165161
16.5955069065094,-0.002359047245625854,0.12388939975913432,-2.7573831509798765,7.256865990363632e-05,-8.219171178226373e-05,-0.01398236379798566,0.00962397472133854,-0.012906807101980888,0.008346012152948279,-0.0015395953862732002,0.04673999065362094,-2.7730471130653966,0.021812393321970096,0.010809374833390674,-2.1715532735648955,0.006779739633202553,0.05140028792084195,-3.009639397263527,0.019324367865920067,-0.0004970337031409144,-2.2501330375671387
16.635506868362427,-0.003881321147500396,0.11139574582894023,-2.8241823641583323,7.454775775258539e-05,-8.293035093377578e-05,-0.014033187122628483,0.009161363962613014,-0.012597776872391196,0.008307128787972393,-0.00026987224602245354,0.047013666674878704,-2.872751274093302,0.023480908817103848,0.007333300479995868,-2.0516978578026204,0.007948897778987885,0.05110954391420819,-3.095213308930397,0.020403847098350525,-0.004608026705682278,-2.1488919258117676
16.69150686264038,-0.0032787830665226224,0.10670389136015057,-2.9798472966067493,7.384081691148827e-05,-8.49118183805837e-05,-0.013886925531670551,0.009440550923172855,-0.012284453140590177,0.008258943494046135,0.0006411328817097937,0.04759327952350262,-2.974132603793231,0.0239657538790476,0.004183151650253864,-1.9250188141250963,0.009561920538544655,0.05042725699604489,-3.2066430002450943,0.02168198488652706,-0.010024636052548885,-2.0093162059783936
16.731506824493408,0.007377981495274628,0.10460827156605616,-3.0300177414901555,7.219830974877078e-05,-8.510809362031629e-05,-0.01378880168461756,0.009867329787931197,-0.012403023785626828,0.008227870157432997,0.0015510228278972581,0.048188247103714325,-3.0625445459073597,0.02393672116963235,0.002206896702041066,-1.8125522099626385,0.010698601603507996,0.04982160302461125,-3.2807372957468033,0.022246701642870903,-0.013588571920990944,-1.9123973846435547
16.795506954193115,0.013892534552826415,0.10585095034359383,-3.156663573347032,6.949085692653388e-05,-9.187369344887564e-05,-0.013201560571382128,0.010931270383646857,-0.011456004523999433,0.008193020757444732,0.0017334806239114797,0.04816278114273299,-3.152358980785153,0.021682172503936545,-0.0010909939400944315,-1.6968302929102772,0.012398328632116318,0.04880837249220349,-3.3904291540384293,0.022630132734775543,-0.018416546285152435,-1.7647963762283325
16.835506916046143,0.01811606212777622,0.11241832392370484,-3.2243905952200294,6.77089557947863e-05,-9.635964404912633e-05,-0.01279588239765718,0.011643454393009487,-0.010847860542397407,0.008165544405711484,0.002022496254224342,0.047966390492183264,-3.2302881509623567,0.01991610270708978,-0.004032990125315042,-1.5964163277488717,0.01339249243028462,0.04812721806229092,-3.4537414461374283,0.02253487892448902,-0.02111942507326603,-1.6776401996612549
16.891506910324097,0.020691292864522034,0.09776292162634218,-3.302609797567129,6.596785015924987e-05,-0.00010070114192431221,-0.012384014998615463,0.012349311360470003,-0.010283523179936008,0.008128274029939837,0.0023365296536852816,0.04777554134249925,-3.309085610313894,0.01775462855873633,-0.00683633314016834,-1.4944865428772405,0.01455795974470675,0.047117005015024915,-3.5359956175088882,0.021810069680213928,-0.024486597627401352,-1.5626742839813232
16.931506872177124,0.008681527331125798,0.09168833500444377,-3.3562226572539657,6.694221580723032e-05,-0.00010285460010085306,-0.01230702084009001,0.012239801672024618,-0.009778954158221855,0.008119140083442737,0.0030919561672479983,0.04697140564036618,-3.378308133892886,0.016930251287226722,-0.009843230464634308,-1.4072716676439372,0.015274240751750767,0.046355347061762586,-3.5907031446695328,0.021006647497415543,-0.026638688519597054,-1.4857754707336426
16.99550700187683,0.027035674823335968,0.10442681313175388,-3.446726647205651,6.5611222592794e-05,-0.00010931886871698175,-0.011744948229515547,0.012998944071448694,-0.0088373441287628,0.008112883702517532,0.002976582791771364,0.04602180943941907,-3.4489301274839974,0.013992693325944142,-0.013265382270020868,-1.3201223662652666,0.01626388792647049,0.04500767114222981,-3.671648398041725,0.019668277353048325,-0.02986297197639942,-1.3717808723449707
17.03550696372986,0.00915653397708903,0.09281473589291694,-3.51156188454479,6.46567532711063e-05,-0.00011213075845072325,-0.01146445106467403,0.013429497562202783,-0.008488396061522024,0.008117803826516393,0.003058255692941209,0.04526872329826922,-3.5107810462474363,0.011734911797413945,-0.01540195521994182,-1.2456376133455758,0.016781615908257663,0.04402570697129704,-3.7188064008951187,0.018471835181117058,-0.031677111983299255,-1.3059054613113403
17.091749906539917,0.015383823057190353,0.11504129245517035,-3.5750736333429813,6.021673552815236e-05,-0.00011975131806627851,-0.010517228803302692,0.015076401370832894,-0.007856038277582916,0.008082384004488843,0.001660852938400738,0.044763936728313386,-3.572176664491307,0.00660940177167178,-0.0171862270481926,-1.1703839107535976,0.01727503351867199,0.042623556131729856,-3.7805599123239517,0.016672024503350258,-0.03376089781522751,-1.2199900150299072
17.131749868392944,0.015134781451954942,0.10562850089994714,-3.5845834966748953,5.875996207330994e-05,-0.0001222925336498994,-0.010195956548592854,0.015624805474840036,-0.0076539017738573335,0.00806667231693383,0.0012806709233178705,0.0440873886725219,-3.626085859259229,0.003743464005361188,-0.018536521787422475,-1.1061911031638796,0.01740289735607803,0.04159863563836552,-3.8219741731882095,0.015025588683784008,-0.03507814183831215,-1.1628495454788208
17.19574999809265,0.018748893238607442,0.09577522406302827,-3.670105565106496,5.4246723720218664e-05,-0.00012848985270405634,-0.009297691504918994,0.01720971912317308,-0.00735601095459531,0.008043998911215289,-0.0004386662285025036,0.043754557173142444,-3.680948403886919,-0.0015629527691213064,-0.01923242482508802,-1.0416677292839864,0.0171636602608487,0.04008140313089825,-3.883552923798561,0.012077451683580875,-0.0365787073969841,-1.0779446363449097
17.23574995994568,0.0005876270700651777,0.0983443323203575,-3.7013669619336724,5.231483045788505e-05,-0.00013012839676653523,-0.008968853519743357,0.017815032127379435,-0.007426031086188126,0.008038799136561104,-0.0012496472609322662,0.04335691684755203,-3.7294088873343547,-0.004257855183001776,-0.019467756054665955,-0.9866271567186329,0.016756005468778312,0.03920477899373509,-3.919429197907448,0.010180995799601078,-0.03724152222275734,-1.0288691520690918
17.291749954223633,-0.0024770616310363933,0.10299165253026607,-3.7670620582066476,5.0377197791174256e-05,-0.0001333013058899616,-0.008539987387118923,0.01854441702759819,-0.007230161780882919,0.008045852048505006,-0.0025402937141630827,0.04275597160970273,-3.7796178424185927,-0.00796798229440997,-0.019982092067171393,-0.9317097717143316,0.015930152047076263,0.03802196207107045,-3.9668477922677994,0.007235333789139986,-0.037861648947000504,-0.9650614857673645
17.33174991607666,-0.008971881856749664,0.10222443750404986,-3.8009829712100327,5.036492467492691e-05,-0.00013541112334212194,-0.00841711148390303,0.018718002271588007,-0.006842877579398818,0.00803410106196123,-0.0034375796624442297,0.041501945634211834,-3.8226682879789613,-0.010255149016185445,-0.02106944506090193,-0.8844946552800893,0.015144333417993039,0.03725198926986195,-3.998861685395241,0.005186350550502539,-0.03790485858917236,-0.9226655960083008
17.387749910354614,-0.0010010688648633874,0.08579605784500169,-3.8708691550418735,4.9521921857838027e-05,-0.00013786799651163622,-0.008169519533039446,0.01912899675210197,-0.00656514094799942,0.007996299258850585,-0.004680840841477457,0.04059202560481734,-3.862413940836482,-0.01294180738532555,-0.02179080177726488,-0.8404240480419787,0.013765580952167511,0.03621304678381421,-4.0411566644907,0.0023558016400784254,-0.03802921622991562,-0.8674748539924622
17.42774987220764,0.011069024593209246,0.07928868961296509,-3.8933832636103034,4.844601921332355e-05,-0.00013864135647350515,-0.007979135272473828,0.019456334317522705,-0.006660149255120648,0.007989661324324285,-0.0057061633452836266,0.03998719846854458,-3.9015253522285125,-0.015026743912795307,-0.021388802225230777,-0.7996602541374412,0.012638043379411101,0.03543633493245579,-4.069702282547951,0.0004209457547403872,-0.038017161190509796,-0.83076411485672
17.49175000190735,0.0167555731186349,0.08237150614737891,-3.942203861195594,4.5887788156029905e-05,-0.00014206885659532253,-0.007454713993919013,0.02037301289052587,-0.006588512095128068,0.007983827729899773,-0.007843538244982972,0.039535569390154415,-3.9419137732448304,-0.018651065822567134,-0.020811022430903124,-0.7588294971384107,0.010630558710545301,0.03427514331997372,-4.112817898392677,-0.002380829071626067,-0.03770296275615692,-0.7763280272483826
17.531749963760376,0.010906631491911005,0.07895202916581287,-3.9609684518072754,4.4362493091481674e-05,-0.0001425658570066073,-0.007207161976656515,0.020781606830118485,-0.006855479546034009,0.007962179372012865,-0.009180506652578652,0.0393394965150788,-3.9765496801789864,-0.020519575269426826,-0.019754396906982438,-0.7239618285865008,0.009282069746404886,0.03358942168415524,-4.138414517045021,-0.004018158186227083,-0.03743049502372742,-0.7450915575027466
17.58774995803833,0.0074104859997592525,0.0935695219944836,-4.009076523128897,4.097757384650766e-05,-0.00014209565852832352,-0.006716605328831819,0.021537518919437674,-0.00777386049323346,0.007923374642832364,-0.010771506787530699,0.04066652900683282,-4.011623668250038,-0.02252240933396615,-0.016562577346184236,-0.688863745701906,0.007238538004457951,0.032740297639975324,-4.17249883711338,-0.006106007378548384,-0.03680187091231346,-0.7045444250106812
17.627749919891357,0.020995042830180784,0.09577150698237762,-4.034550580196083,4.0185766983870453e-05,-0.00014068605708321508,-0.006643807522623575,0.02158849674700037,-0.008257255881603046,0.007901883590104413,-0.011507707443937077,0.04095779822863749,-4.043033843722022,-0.022798621588605572,-0.014952107545183274,-0.6591029610397484,0.005732133984565735,0.03229613500298001,-4.195678845047951,-0.007452995516359806,-0.03617262840270996,-0.677854597568512
17.691749811172485,0.036241704954889986,0.08494131393088296,-4.070482018170878,4.088556624359463e-05,-0.00013591296610684602,-0.006885287651782434,0.020960312508475867,-0.009069298122294829,0.007856813861966693,-0.01068244359787392,0.041626873475469804,-4.074444240750798,-0.020756411148943627,-0.012844992734499308,-0.6288270320057977,0.0033765342086553574,0.032020348036894575,-4.230805531144142,-0.009049936197698116,-0.034535713493824005,-0.6378412246704102
17.731750011444092,0.04215966057326185,0.0846397369963294,-4.091721328208223,4.161566479728392e-05,-0.00013331739275808315,-0.007057200847955762,0.020531650936351092,-0.009431281531847153,0.00783889916111236,-0.010420865444616772,0.04157902236249694,-4.103191451448085,-0.019092588780956307,-0.011789082828570118,-0.6032428908548344,0.0021646926179528236,0.032082571560749784,-4.251604214310646,-0.009343747049570084,-0.03333503007888794,-0.6147661805152893
17.787750005722046,0.03529246748249355,0.07191615828434193,-4.10620382335037,4.50648426300485e-05,-0.00013017296097859478,-0.007577128015026491,0.019423917616132134,-0.009271853194497158,0.007803450411605461,-0.009014053299521735,0.04017908799603226,-4.129784358592723,-0.015908051613971155,-0.012732380205405059,-0.5792450436329903,0.000905236229300499,0.03224028545082547,-4.279462948441505,-0.009101176634430885,-0.031705379486083984,-0.5846776962280273
17.827749967575073,0.0281743565337887,0.0630600469459426,-4.153553540818393,4.75378592850491e-05,-0.00012660692131821595,-0.007955884117578384,0.018483416088947043,-0.009443756773185995,0.007793531720491786,-0.00758879755324937,0.03937538230788951,-4.158738083291124,-0.012448947294408375,-0.012668064592851021,-0.5554400165664778,0.00029014889150857925,0.03229085626662709,-4.2986117750406265,-0.008464755490422249,-0.030849605798721313,-0.5648107528686523
17.8677499294281,0.018062531287423522,0.06904972799313096,-4.166085619479418,4.7678411536999e-05,-0.00012563913474188373,-0.007999514313133026,0.018345791992263345,-0.009607501902320317,0.007777485523357109,-0.007660548457225696,0.03912042818666339,-4.184112051592819,-0.010968092984836591,-0.011832563323339785,-0.5347385664454621,-3.42782586812973e-05,0.03223552452982403,-4.31700624525547,-0.007316698785871267,-0.02988707646727562,-0.5457339286804199
17.93174982070923,0.02465257505062145,0.06264625194318957,-4.194986099842936,4.7669472897053555e-05,-0.0001251209592712491,-0.00801636195627485,0.01829057944818215,-0.009711641319714661,0.007768007609382878,-0.007844578551178611,0.03882608645302292,-4.208857200294031,-0.009614486280823344,-0.011162845092106915,-0.5152271914632206,-9.545311331748962e-05,0.03203339027822949,-4.345276013016701,-0.005060867872089148,-0.02880139648914337,-0.5172157287597656
17.971750020980835,0.02130253610739144,0.06255093630974419,-4.202173767611384,4.8784543332331105e-05,-0.0001226029320646005,-0.008183129488881516,0.017754382856870553,-0.009984608076162709,0.0077345814421197,-0.006706264369071269,0.03859225608961056,-4.233429652586334,-0.006500239425878863,-0.010692127591790309,-0.49520199434530987,3.8197264075279236e-05,0.03191805529058911,-4.362269535660744,-0.0035218456760048866,-0.028302889317274094,-0.5006399154663086
18.02775001525879,0.02011889717569498,0.05484367600412961,-4.231255801394582,4.996645443525625e-05,-0.00012187372786770565,-0.008271453347848151,0.017406307403735638,-0.009911104404358995,0.007708075657173124,-0.006157848415684844,0.03772160850384714,-4.253521854752349,-0.004464679594906194,-0.011149002418219358,-0.479124714501822,0.0004544183611869812,0.03171903165639378,-4.385216847062111,-0.0012194043956696987,-0.027747975662350655,-0.4785304665565491
18.068004846572876,0.014107671359439137,0.05064328759317471,-4.2310885284096,5.3195746001304555e-05,-0.00012089574892888581,-0.00843150584707476,0.016571561442938577,-0.00954865598346544,0.0076861312107543225,-0.004583964776750944,0.03559800278353399,-4.278508065464996,-0.0011779573497383183,-0.012980086518948537,-0.45998776939590313,0.0009267153218388557,0.03151887367130257,-4.400957241654396,0.00042703317012637854,-0.027370931580662727,-0.4637489318847656
18.132004976272583,0.004821223325643071,0.06154706570817967,-4.250049482099712,5.567098006970492e-05,-0.00012119076639972554,-0.008475359272541939,0.016056838294993568,-0.00910356684708404,0.007670332874584964,-0.003759645296320793,0.0335000961443943,-4.299295619049453,0.0008661404282436494,-0.014893296327978532,-0.4447366609660481,0.002002885565161705,0.030875838274369016,-4.425044193863869,0.003130881115794182,-0.027295269072055817,-0.44140326976776123
18.17200493812561,0.0062466909333253875,0.06188081376387806,-4.285074452869594,5.950810651815944e-05,-0.00012279494145522757,-0.008439392105971813,0.015403786645183513,-0.008248352249212136,0.0076554788105686914,-0.002811534484572181,0.030143159233764847,-4.3210302720647675,0.0028489612499731985,-0.018376263127081037,-0.4288677852305971,0.0028460603207349777,0.030207677657017484,-4.439458027482033,0.004753408953547478,-0.027487190440297127,-0.428212434053421
18.228004932403564,0.0014663668048027086,0.05540061096516886,-4.3209251230582595,6.141138397202326e-05,-0.00012704763940062005,-0.008194712968717663,0.015515688451163932,-0.007276468078508439,0.007617899701463229,-0.0038721328531141973,0.027012331872317937,-4.339256592574728,0.002239301720545356,-0.021545779415538126,-0.4147030312565764,0.004172665067017078,0.028877814213046804,-4.458913937211037,0.007110912352800369,-0.02840479649603367,-0.4104357659816742
18.268004894256592,0.0037629418369508464,0.05487540198316763,-4.3457586439326406,6.235186335510079e-05,-0.00012866265293736597,-0.008088993967737145,0.015513780564270281,-0.006888654876368266,0.007613716184367038,-0.004098079031695879,0.024936616078951784,-4.3601975924263074,0.0025704962782335922,-0.023103884697672026,-0.4006176402081726,0.005077328532934189,0.02765719304443337,-4.472263470292091,0.008583206683397293,-0.029227793216705322,-0.398530513048172
18.3320050239563,0.006131202027898195,0.05748343760560829,-4.355949945747852,6.372809899442759e-05,-0.00013355943973384022,-0.0077629412038834065,0.015842839747142897,-0.005941189014002463,0.00761922359104251,-0.005739867580241354,0.02176366361465185,-4.379271831861477,0.0008267803619260135,-0.026058103242660877,-0.3885441065229249,0.006260404363274574,0.025342567736515775,-4.492832317948341,0.0102493055164814,-0.030804261565208435,-0.38038307428359985
18.372004985809326,0.01067019253391817,0.06289790189270798,-4.354147648438811,6.399862747412293e-05,-0.00013666543859404493,-0.007558507313142144,0.01619013609934782,-0.005432793122380314,0.0076057527354920695,-0.0071412345239808914,0.019451674808553816,-4.398360585283291,-0.0005722630790148483,-0.02772244862420596,-0.3757653696604424,0.006853570230305195,0.02369651655317284,-4.505317822098732,0.010811764746904373,-0.03186308965086937,-0.369750440120697
18.42800498008728,-0.010468287799690891,0.054910201459567605,-4.360649251379073,6.52563492533457e-05,-0.00014140986074045146,-0.007229993246917122,0.01654714872571105,-0.004547325671417627,0.007572584145037308,-0.009149946690362214,0.01614870990851388,-4.414186952311227,-0.003004337880424342,-0.0305522703774788,-0.3643178574826077,0.007379554212093353,0.02114895629347302,-4.522370472550392,0.011052140966057777,-0.033609937876462936,-0.35560378432273865
18.468004941940308,-0.00421781536497347,0.05266956305863542,-4.38969807792455,6.65600898005979e-05,-0.00014248739845258457,-0.00714624027736678,0.01641468119259082,-0.004195453176920798,0.007559931844362567,-0.009319351494424498,0.013476479139074798,-4.432065616050582,-0.003636632635374916,-0.03219139513620082,-0.35282617462358834,0.007443985901772976,0.01918628523708321,-4.534114018082619,0.01056408416479826,-0.034676991403102875,-0.34590137004852295
18.532004833221436,-0.0015493943461202372,0.055671794585875206,-4.404662514105439,7.036015013625962e-05,-0.00014465903169071925,-0.006982657459472879,0.015915141555385644,-0.0032919036331875927,0.007541446226816202,-0.009029632514960105,0.008895096269971686,-4.447512716320739,-0.0037338564872828038,-0.03580113772291626,-0.34262254986907037,0.007139877416193485,0.015787280077347532,-4.552106991410255,0.009278634563088417,-0.03630129620432854,-0.3312426805496216
18.572005033493042,0.00941441794475283,0.05413878171320833,-4.4246887834742665,7.165028969535925e-05,-0.00014556792894878807,-0.006927477400688597,0.015777485594570827,-0.002948941271886176,0.007533867824317527,-0.009175740790639132,0.005955546513658922,-4.464549301102691,-0.0045901992432336135,-0.036882657789342195,-0.3322711629711727,0.006876497529447079,0.013474870385834947,-4.562990322709084,0.008351261727511883,-0.03724087402224541,-0.322530061006546
18.628005027770996,0.011588844187686832,0.05397817424899847,-4.441103495657444,7.378291356510804e-05,-0.00014742275328776162,-0.0068372134173101074,0.015613566350712189,-0.002310182175843892,0.00752935709065331,-0.009556992616182824,0.0022765500873714296,-4.479830316176123,-0.005687730054262273,-0.03903234367659163,-0.3232231482269221,0.006479615345597267,0.010035883547971025,-4.577845707535744,0.007139251101762056,-0.03847400099039078,-0.31095921993255615
18.668004989624023,0.01738630520269755,0.05720370936931587,-4.467800271697342,7.495854978831879e-05,-0.00014724247272272667,-0.0068430994264303885,0.0153530198593614,-0.0021438023272149233,0.007528502303735645,-0.00915369483234777,-0.00041169382719776594,-4.4962630818705644,-0.005823247010139421,-0.03914050342343644,-0.3138341500769761,0.0061641875654459,0.0074825593328569084,-4.588202610611916,0.006426806561648846,-0.03913700953125954,-0.30300527811050415
18.73200488090515,0.03684516312812717,0.06741220708642501,-4.494298736564815,7.59985235566337e-05,-0.0001464994298758313,-0.006858389929879865,0.0150380069214349,-0.0020989371572672118,0.0075119433149132145,-0.008179854970406762,-0.002374639261637931,-4.510149622401598,-0.0053555565976587454,-0.038782812912213444,-0.30513439961807937,0.00564203318208456,0.003353502514073625,-4.604356899857521,0.005516208242624998,-0.039780113846063614,-0.29073449969291687
18.77200484275818,0.03254811728205196,0.07233571384372778,-4.51260778773576,7.615278370941045e-05,-0.0001464739017746085,-0.006858288466554391,0.01500679083069338,-0.0020778422306632566,0.007493429456231415,-0.008262401247125462,-0.00421829927388112,-4.524797298076227,-0.005981294384068335,-0.03754924577629857,-0.2960463143285373,0.005451901815831661,0.0008674928394611925,-4.614148274064064,0.005012944340705872,-0.039802152663469315,-0.2833654284477234
18.828004837036133,0.03464382224175261,0.061130718101161066,-4.539200027473271,7.690313929765408e-05,-0.0001460774064966428,-0.006843470347042291,0.014799114073414886,-0.002036041982353034,0.007472293445478602,-0.007616045623592294,-0.005935380822882791,-4.537674932229709,-0.005932559504788087,-0.03639480172866761,-0.28770107624288493,0.005358072929084301,-0.0023227071797009557,-4.6274033933877945,0.004571911413222551,-0.039215557277202606,-0.27313658595085144
18.86800503730774,0.0373990579610695,0.06352883764733193,-4.570346619933844,7.738975052736992e-05,-0.00014572512769469052,-0.006812156423502586,0.014641549596106002,-0.0020429526314714942,0.007463831829877253,-0.007217293852900916,-0.007748871024086319,-4.552033113619499,-0.005888866254381469,-0.034725019334016866,-0.2797254926311592,0.005365036427974701,-0.004381444858154282,-4.636591091752052,0.004480784758925438,-0.03853074461221695,-0.26640090346336365
18.932004928588867,0.037807814428259284,0.0519522400831628,-4.6003101682290435,7.869325659215742e-05,-0.000145514681159816,-0.006746350095335382,0.014348058992138278,-0.0019082164236854508,0.0074804490431819495,-0.006363808302858885,-0.009873464895873553,-4.566292454865997,-0.0055297299480279085,-0.03349808499721751,-0.2726129341162855,0.005557715892791748,-0.007315105845918879,-4.650869503617287,0.004474543035030365,-0.036623403429985046,-0.25590115785598755
18.972004890441895,0.017901361675447935,0.043906950410373395,-4.606295597739518,7.954044016333327e-05,-0.00014532925162176472,-0.006663557597034639,0.014136598149504968,-0.0018599168117177367,0.0074944277039763274,-0.005858047548013551,-0.01188326216387462,-4.581074235146311,-0.005189181783346729,-0.03153208770609944,-0.26508664933936343,0.005797421559691429,-0.008938451384892687,-4.6596347242593765,0.0046772584319114685,-0.03518235310912132,-0.2494259625673294
19.02800488471985,0.015969786040332872,0.047735656806919144,-4.608918474987149,8.117978719877078e-05,-0.00014484040834275233,-0.006378006681069234,0.013665189994652206,-0.0018880878524017368,0.007521795695783079,-0.004141414949487348,-0.01364772577361168,-4.595193255672174,-0.0038397062176495776,-0.029691892059321753,-0.25871790492044144,0.006283676251769066,-0.011043101636460051,-4.671853199601173,0.004956515971571207,-0.03284067660570145,-0.24104174971580505
19.068259954452515,0.024385082094849634,0.041315427783367935,-4.61650638980791,8.122888734633541e-05,-0.00014466270679351997,-0.006287422582541505,0.01359612765124704,-0.001984551287479595,0.007545106908870212,-0.0038336302912433673,-0.014695132040079897,-4.609756619957323,-0.0037731000807746987,-0.026781267640936187,-0.251654674819254,0.006727744825184345,-0.01245747329085134,-4.680516377091408,0.005406132899224758,-0.031133627519011497,-0.2351772040128708
19.132259845733643,0.033432848578374176,0.025297790638305416,-4.630925661651418,8.090985494393628e-05,-0.00014434691139164635,-0.006106548146163841,0.013534006536278611,-0.002244362859992636,0.007596949686972451,-0.003079820359551573,-0.014755595261072244,-4.624580821871916,-0.0033386131466064607,-0.023288841695472778,-0.24553215836011968,0.007599730044603348,-0.01439898190437816,-4.694228306412697,0.006305780727416277,-0.028079476207494736,-0.2259429395198822
19.17226004600525,0.0261964573298164,0.0351942108450953,-4.637123177060857,8.032822091357217e-05,-0.00014415522933756492,-0.006070644358653466,0.013587564732370678,-0.0024118100466215524,0.007619481431171004,-0.003117473174074001,-0.014961787374348175,-4.638422652856136,-0.003681603093378057,-0.01952950211681147,-0.23838871384092153,0.008208723738789558,-0.015388486062875018,-4.702745571732521,0.006790082436054945,-0.025862615555524826,-0.22011733055114746
19.228260040283203,0.02442765669440087,0.023683076661871503,-4.659752145409584,8.005070262617794e-05,-0.00014405461641799611,-0.0059137333153862675,0.013560799389365033,-0.002604566578418437,0.007653980005646781,-0.002675919064387593,-0.014855443199025823,-4.651640386342789,-0.0037342102155292012,-0.016111909925262864,-0.23194932701077992,0.009118584915995598,-0.016364489769330248,-4.714548245072365,0.007411688566207886,-0.022581972181797028,-0.21214991807937622
19.26826000213623,0.04334903434595101,0.027495159257651794,-4.673775407485664,8.020774256369834e-05,-0.00014409995480385292,-0.005896988706222168,0.013538362938385194,-0.0025830834993021794,0.007683793393320342,-0.002667478525330015,-0.015607802426139912,-4.665181910857889,-0.004281957766708412,-0.013134824118991976,-0.22469102781058634,0.009746921248733997,-0.016774064948549494,-4.722824230790138,0.0077027827501297,-0.019952330738306046,-0.20633532106876373
19.33225989341736,0.05037087082934841,0.030542988558854678,-4.70364881772548,7.996491599197927e-05,-0.00014407262636634592,-0.0058283383750746855,0.013548887933105193,-0.002688533016461166,0.007729062114603009,-0.0024096863265516823,-0.015416216461116407,-4.678412369503187,-0.004754190539842847,-0.01009413846030786,-0.21830882962114986,0.010718418750911951,-0.017124922102084383,-4.735813274979591,0.007891449145972729,-0.015847913920879364,-0.1973699927330017
19.372259855270386,0.04657229292102236,0.036226469700240675,-4.724546966142952,7.942563770501788e-05,-0.00014393085626981955,-0.005852348875482507,0.013618484285274474,-0.002793415415148363,0.0077440054297695845,-0.002641689632381002,-0.01510355338480637,-4.690514154430238,-0.005516166898012951,-0.0068446191545019726,-0.2108647467621079,0.011339507065713406,-0.01717727360664867,-4.743854656815529,0.008158241398632526,-0.01335939858108759,-0.1918092519044876
19.42825984954834,0.03397350568117697,0.03215354463429916,-4.723720796406269,7.879560306598763e-05,-0.0001440032858299253,-0.005662612113602782,0.013656414026777534,-0.0030439679518837106,0.007768648081160291,-0.002333562911916323,-0.013926422503414661,-4.702043319939463,-0.005797659169673462,-0.003349807793236139,-0.20417501834866247,0.012183920945972204,-0.016988598828902468,-4.7549315840005875,0.008159874938428402,-0.009844867512583733,-0.18391646444797516
19.468259811401367,0.044094635811367654,0.0316250661147363,-4.732919656671584,7.909426871964266e-05,-0.00014464869761488628,-0.005162895124852497,0.01353082985587483,-0.003264055316698268,0.007778454398992042,-0.001414741551516805,-0.013283082161357642,-4.713095327763902,-0.005267443938218429,-0.0004548774018870006,-0.19681749594199816,0.01274741836823523,-0.016620329668512568,-4.762659206986427,0.008083224296569824,-0.0074924565851688385,-0.17837151885032654
19.532259941101074,0.03588091492690224,0.03113343727030584,-4.73366863373667,8.000868001567209e-05,-0.00014567192247196226,-0.004483651083091408,0.01331192685783648,-0.0034437943900890674,0.007798668035298415,9.650379460980606e-05,-0.012769310784386602,-4.723563865543555,-0.004405526989547653,0.0018553147669735557,-0.19007728241987912,0.013705934165045619,-0.01566611332236789,-4.774608746170998,0.007869553752243519,-0.003701105248183012,-0.16953884065151215
19.5722599029541,0.035977012587394296,0.038308269080429884,-4.745803769677877,8.074022622873223e-05,-0.00014634774666656816,-0.004076949410997885,0.0131659853091809,-0.003504974033357342,0.007803029254334732,0.0009024866716256066,-0.012583712744550907,-4.733537410418309,-0.004145088972912853,0.0038671854745001306,-0.18259806230465322,0.014423839980736375,-0.01489554820000194,-4.78177846968174,0.007886689156293869,-0.0013969657011330128,-0.16386324167251587
19.628259897232056,0.03195949656892417,0.021294753603425233,-4.755806132219732,8.224863624760938e-05,-0.00014790939767454016,-0.0031535883993444144,0.012861514854210162,-0.0036627546980678143,0.007794563636151452,0.0029781583425716853,-0.012272957635991311,-4.741715335924286,-0.002639248184899061,0.005443076313252641,-0.1757072160454699,0.015495014667976648,-0.013730894861510023,-4.791390553116798,0.007773757446557283,0.0013542965753003955,-0.1563107818365097
19.668259859085083,0.016123019237754242,0.022408041167262083,-4.741750080836937,8.445942052964397e-05,-0.0001497950876890926,-0.00208086306404263,0.012460752673741882,-0.003741473130298476,0.007779491651783051,0.0054548573897099184,-0.012541523495280427,-4.749769786174281,-0.00067212853317248,0.006335549650653274,-0.1687180192185917,0.016312580788508058,-0.01287584294914268,-4.797913685441017,0.007815336808562279,0.003141306107863784,-0.1510729193687439
19.73225998878479,0.03080681686762563,0.017692984326425895,-4.754281995818019,8.533042521463305e-05,-0.00015094838458533843,-0.0014108699010010745,0.012275184182148817,-0.003885304032106249,0.00777287123571847,0.006959234672087495,-0.012007997390999102,-4.757336038638899,0.00018932850288020623,0.007705537935840816,-0.16248173891274653,0.01776220486499369,-0.01152853955863975,-4.807776585221291,0.007948900572955608,0.00554940989241004,-0.14304324984550476
19.772259950637817,0.024804762977974106,0.015425426352747408,-4.7584079573862255,8.610607062905666e-05,-0.00015264969380337766,-0.0004141013246039749,0.01206419833897067,-0.004193290437164535,0.007758648468736018,0.00916172840540267,-0.01063464668970279,-4.764769436971875,0.0015104026771258648,0.009392102307241374,-0.1561265373501558,0.01874000858515501,-0.010760994715383276,-4.813548222184181,0.007982213981449604,0.006636359263211489,-0.1382521390914917
19.82825994491577,0.017011606293490966,0.02663565791727899,-4.774947171099484,8.588239861452437e-05,-0.00015300006232572567,-0.00021055056409322774,0.012070169361569412,-0.004326247903118002,0.00775391875300315,0.009563458117868876,-0.009417769545516905,-4.7718859711834964,0.0010677661836585106,0.010545745609102639,-0.1507914383537971,0.020279844291508198,-0.009684533899417147,-4.821123257279396,0.008136553689837456,0.007861875928938389,-0.13190190494060516
19.8682599067688,0.03764224944857255,0.032480198387731904,-4.764083040645346,8.556450478748255e-05,-0.00015343918371882835,3.9096748003266524e-05,0.012084214394623885,-0.004495662753576626,0.007745633949974456,0.010129397527113641,-0.007741356611563509,-4.779035941059915,0.00044820816254169827,0.01180585515313189,-0.14539224353371022,0.02139823092147708,-0.008878187363734469,-4.826216831803322,0.008292483165860176,0.008675915189087391,-0.127684086561203
19.932260036468506,0.0299630088138787,0.029989045581830426,-4.763434899970889,8.554385088158529e-05,-0.00015342012762515614,2.849246540036106e-05,0.012088826982355447,-0.004495531648210099,0.0077408397627977245,0.010167668167415368,-0.007030247803034948,-4.785575620274185,-0.00040237323829612456,0.012092874089747184,-0.1408096295738072,0.022980824578553438,-0.007419903384288773,-4.833935871720314,0.00835000816732645,0.009713894687592983,-0.121422678232193
19.972259998321533,0.05362897975519526,0.04234780068516958,-4.76203540340066,8.648634096290742e-05,-0.00015352211833477211,0.00017152249484523251,0.011938374656193823,-0.004399335338647948,0.007735115926439901,0.011046739808610076,-0.007010744554776297,-4.792317832702883,-0.0010919756088754026,0.011377083491995274,-0.1363342933266051,0.023871886543929577,-0.006451991939684376,-4.838499203324318,0.008012444712221622,0.010207264684140682,-0.1178894191980362
20.028259992599487,0.05208772833165364,0.03296376725484088,-4.760219280607998,8.722445506263116e-05,-0.0001532548475462435,0.00010966031365305384,0.011834674416029117,-0.004254362129349215,0.0077287086868885945,0.011341421074479151,-0.00735594673396781,-4.798283205602448,-0.0021721861640016204,0.010407714196188984,-0.13251100058095158,0.02495807781815529,-0.0051532416546251625,-4.844587460160255,0.007346287369728088,0.010535558685660362,-0.11330964416265488
20.07651400566101,0.05766304541160723,0.04079840771143432,-4.790349300950766,8.87984370162811e-05,-0.00015266315105544597,3.14645164153238e-05,0.011591211345095599,-0.003980396329083668,0.0077103831568769345,0.012255907134981986,-0.008609785032740522,-4.803861295154647,-0.003118518884797842,0.008560491493057302,-0.1284909913057594,0.025830237194895744,-0.004181764175882563,-4.849572315812111,0.006566864438354969,0.010719344019889832,-0.10947826504707336
20.132513999938965,0.0633541095320185,0.0429723910038877,-4.804140940774232,8.939905528945166e-05,-0.00015230713696575977,-4.697641010902402e-05,0.011498583660479213,-0.003861252746323522,0.007701071084485886,0.012469832636433037,-0.008912658114758283,-4.809371982462002,-0.0043867575748788926,0.007466978360603572,-0.12542210758527716,0.02678335178643465,-0.003346426965435967,-4.855065479874611,0.005676207132637501,0.010253775864839554,-0.10581331700086594
20.172513961791992,0.05605659332267646,0.031124515700508507,-4.786456956528127,9.00711101567664e-05,-0.00015184827271561867,-0.00015009922933468286,0.0113929740561402,-0.003726100072123987,0.007682703647579571,0.012729869033838702,-0.009278168628329524,-4.814539787841999,-0.005779572920950695,0.006150980943166527,-0.12183771683351464,0.027460173703730106,-0.0029528728628065437,-4.858842983841896,0.005002073477953672,0.009717418812215328,-0.10316970944404602
20.228513956069946,0.05698207671451264,0.04860202855796396,-4.794510957784951,9.032594826529678e-05,-0.00015163149200185045,-0.00019686829211654813,0.011350327002971517,-0.003675317331661622,0.007689698406372302,0.01267338379252749,-0.009198997473599264,-4.820677172230078,-0.007233942679213335,0.0051893263836349105,-0.11926655726792461,0.028340807184576988,-0.0026156083622481674,-4.863912716507912,0.003822031430900097,0.008678996004164219,-0.09958614408969879
20.268513917922974,0.04762497252594306,0.046508876373363935,-4.807639023289084,9.046047553233326e-05,-0.00015192642505350868,9.303650916139098e-05,0.011265285161124527,-0.003786212471496285,0.0077732026415663165,0.01352259724695276,-0.008241349209155696,-4.833523699840387,-0.009124982192108447,0.004691544849820907,-0.25154230011851925,0.02886936068534851,-0.002474731154507026,-4.867799893021584,0.0024602448102086782,0.007819082587957382,-0.14917516708374023
20.33251404762268,0.0448826612386328,0.04892096135276713,-4.841823332943022,9.03790493120339e-05,-0.00015217444611438833,0.00037730194120043196,0.011195018410831896,-0.003934213570982449,0.007826598702853486,0.014454729413236887,-0.0071979747300706005,-4.853825694133605,0.011262989396122237,0.004584784939322295,-0.47094246062572714,0.029850752092897892,-0.0022860309982206672,-4.885377064347267,0.021814843639731407,0.006211794447153807,-0.4280106723308563
20.372514009475708,0.053720258423638444,0.04563823387516454,-4.884377769194543,9.031164482548538e-05,-0.00015131728271377867,0.00050994757152225,0.010996002531973149,-0.0040982047690681905,0.007867455842086805,0.018327105904608766,-0.00630603588727465,-4.881538199685155,0.0892795714653723,0.0053117233110934825,-0.6592197875396737,0.032316215336322784,-0.0021003327274229378,-4.906870022416115,0.09025990217924118,0.005478485953062773,-0.6087167859077454
20.428514003753662,0.06444620600248718,0.04031080327338091,-4.9254369623959064,9.046334505423962e-05,-0.00014828996393625397,0.0005354159273012656,0.010449852959351356,-0.004359571097916136,0.007903158356050401,0.03217732391422863,-0.005307605873763682,-4.9241070507960725,0.2589130017778485,0.0072216424264398595,-0.754527913160373,0.042550962418317795,-0.0016950160206761211,-4.947748318314552,0.25542116165161133,0.0048340484499931335,-0.7264375686645508
20.46851396560669,0.0807465215730404,0.04124128641227324,-4.935089492239058,9.165711643910256e-05,-0.00015009355289948554,0.0015393803250951248,0.010229684645311776,-0.004513889097571233,0.007899852372621865,0.049907504081562935,-0.005236626802203043,-4.956917179397707,0.42499646337767066,0.0013469576175785627,-0.7366616167469001,0.05690225400030613,-0.0013690882769878954,-4.980152264237404,0.40411376953125,0.004688810557126999,-0.7236208915710449
20.508513927459717,0.11908982545295761,0.051104841253904396,-4.9992341082543135,9.50860063046269e-05,-0.0001583656910784912,0.0049103479092667225,0.00992879574079964,-0.004927533056597547,0.0078677011791657,0.08390159140102246,-0.007628204659460392,-4.991478782804464,0.6519549814573502,-0.04103069463521754,-0.6603073519014918,0.07884416170418262,-0.0009886696643661708,-5.012376919388771,0.5717501640319824,0.004855459555983543,-0.6778308153152466
20.572513818740845,0.15457428811338422,0.0383287415356726,-5.026404405012727,9.630552530735929e-05,-0.0001563673120542363,0.005915893975708756,0.009068118295713242,-0.005381363732340878,0.00780987519943454,0.12876576144362742,-0.010853145233025751,-5.017328851140111,0.8899899047542599,-0.0739340979813736,-0.5682510815331588,0.13199377991259098,-0.0005765184469055384,-5.058480396866798,0.8791349530220032,0.0045675598084926605,-0.5636698603630066
20.61251401901245,0.19650990728230994,0.03151502657776984,-5.053262551315129,9.672917455028238e-05,-0.00015424946965197879,0.006179513550725202,0.00856596619992606,-0.005607576413991968,0.007782805988419174,0.1866982804201009,-0.015735993089059926,-5.042499270110244,1.1769049504254427,-0.10516347723463865,-0.4676850722807884,0.1781203243881464,-0.0006382424326147884,-5.08247484266758,1.0983271598815918,0.003872634842991829,-0.4861842393875122
20.668514013290405,0.23645466321097808,0.021446994604931022,-5.047400094568729,9.711864336349581e-05,-0.00015209771925652328,0.006445080689817539,0.008062344030879971,-0.005839221946553029,0.0077608350812086585,0.25456899414007705,-0.0221000135720542,-5.0613538826498905,1.470542119710239,-0.13984265537729562,-0.3820905936789416,0.2611274216324091,-0.0013096444017719477,-5.109436169266701,1.4404429197311401,0.0022890970576554537,-0.3833983838558197
20.708513975143433,0.32623041787957224,0.01783595129394192,-5.046184254810214,9.759074870630598e-05,-0.00014873125955513068,0.006775476825973757,0.007326493932798099,-0.006176579223883056,0.007740445682953235,0.3464188263068333,-0.03135142976866046,-5.077469975732475,1.817626245665943,-0.18492660050976317,-0.30083019602828803,0.33442782796919346,-0.002317454753210768,-5.124359264969826,1.7079612016677856,0.0002745511883404106,-0.31705087423324585
20.77251386642456,0.37667499510036967,0.01776097137980085,-5.043950856663287,9.785307775685645e-05,-0.00014638536659867466,0.00678660591516914,0.0069095629315598355,-0.0063145073561969535,0.007737425303530732,0.4366218110764611,-0.040205851586513575,-5.088973816039127,2.130491216298755,-0.2180879637295068,-0.24325073013161164,0.4782810751348734,-0.00533032845123671,-5.1418124586343765,2.172219753265381,-0.00502423569560051,-0.2269740253686905
20.812513828277588,0.5332401443323537,0.016739459921395163,-5.049104912206531,9.824735789123813e-05,-0.00014218386223263462,0.006966690750593568,0.006112866098411325,-0.006643733733259042,0.0077308896706285,0.5644037735621311,-0.05351920657699496,-5.099182344935048,2.5222984368513894,-0.2668381428161153,-0.18802274097181282,0.585899556055665,-0.008305219089379534,-5.1493150144815445,2.4824514389038086,-0.01012975350022316,-0.1809616982936859
20.868513822555542,0.6195525925279914,0.0060191828763308634,-5.036542591638863,9.85546976953671e-05,-0.00013936006468204937,0.006975443728012579,0.005621169880079429,-0.006800092714866776,0.007720767726140789,0.6871088348218017,-0.06608563708411246,-5.1055955141232685,2.867184664134776,-0.3040396396998734,-0.15161387704909937,0.7604915741831064,-0.014094796119024977,-5.156331196427345,2.9380135536193848,-0.020244445651769638,-0.12932109832763672
20.90851402282715,0.8178161617102021,-0.019632504500460956,-5.058856938965619,9.88921330008583e-05,-0.00013474166547948455,0.007077575191424178,0.004805155836023563,-0.007119067867775521,0.007707392947695959,0.8540857500377801,-0.08378202052393967,-5.110705069420405,3.2726020564571296,-0.3521959501958843,-0.10100918270096225,0.903012240305543,-0.01965164308785461,-5.159221783280373,3.2685415744781494,-0.030083607882261276,-0.0920369103550911
20.972513914108276,0.9335771138779924,-0.03669021581790034,-5.057474012486637,9.901138141791557e-05,-0.00013228157813620223,0.007146169866611571,0.004374112417182548,-0.007301983988958702,0.0077011418217501895,1.0236986922324651,-0.10229299211836551,-5.1132484957642,3.6282999541619865,-0.39376324992227346,-0.03568313196083794,1.1602893713861704,-0.031138417398324236,-5.159593716263771,3.776777982711792,-0.05017239227890968,-0.005768787581473589
21.012513875961304,1.175984853923095,-0.06014721671260306,-5.051264274865389,9.976125397593263e-05,-0.00012607017245826841,0.007120952080436587,0.0033253139095932678,-0.007587928445249546,0.007693578004284205,1.2315434507290566,-0.12339232066112645,-5.111556569980001,4.00155660393215,-0.4286165624036131,0.04493860678936144,1.3384403828531504,-0.0403405177348759,-5.15653432905674,4.081464767456055,-0.0659470334649086,0.058588091284036636
21.06882095336914,1.3310126909428248,-0.07417604908139296,-5.035978690721095,0.00010019138106594707,-0.00012320595677932592,0.007077079926146204,0.0028515355124614323,-0.007682701584758239,0.007675087759465461,1.435755851668599,-0.14400006902842166,-5.105911575631659,4.329840085305422,-0.45648240503886583,0.11789343832403776,1.6091254595667124,-0.05616564032970928,-5.147574558854103,4.493492126464844,-0.09270032495260239,0.1493770033121109
21.108820915222168,1.6258958491394049,-0.10476784072549751,-5.040835349820554,0.00010064615145987452,-0.00011793928594117594,0.007086691831465424,0.001984474063374775,-0.00794877094625158,0.007645056232579093,1.6780479338256526,-0.16842659647561603,-5.094903500551385,4.671785969337358,-0.4857404549272648,0.18897069299327407,1.8169966582208872,-0.06962442127405666,-5.137776508927345,4.7765607833862305,-0.11453951150178909,0.2093862146139145
21.172821044921875,1.7825051790658832,-0.11274840880080378,-5.0568503215909,0.00010079317810437255,-0.00011543601928508917,0.007105847626748078,0.0015766712308472987,-0.008090055959898515,0.007635013766608144,1.9134246429956299,-0.19250866089525684,-5.083409986070366,4.9674319204442865,-0.5091777291849564,0.2417808477251628,2.1728455666452646,-0.09490179744898342,-5.116777554154396,5.2054057121276855,-0.15218116343021393,0.2901781499385834
21.212821006774902,2.1527059771614288,-0.14884294992931527,-5.014455598779023,0.00010098702474146929,-0.0001118456221344437,0.007134792966388264,0.0009986123121437515,-0.00829158726319539,0.007626363813958167,2.1855074621938773,-0.21967505317030198,-5.068331427308018,5.266264740674791,-0.5285781612614988,0.28217652001912574,2.408637249842286,-0.11313350973068736,-5.101081028580666,5.4555583000183105,-0.17654810845851898,0.3278287649154663
21.25282096862793,2.321244169566648,-0.15752045544040844,-5.008458589203656,0.00010110548424900753,-0.00011019027960981378,0.007143140609642016,0.0007336146171974568,-0.008375386385488261,0.007629901933945116,2.4251623593620035,-0.24303946483841998,-5.055292119632757,5.49662942039767,-0.5380313167163236,0.3002550303393378,2.6533164624124765,-0.13293953714310192,-5.084125652909279,5.689135551452637,-0.19999796152114868,0.35385969281196594
21.308820962905884,2.6891216844946286,-0.20624378366183532,-4.948184836655855,0.00010144376260292494,-0.00010848733848787528,0.007130805133158385,0.0004584978078732291,-0.008404593086741659,0.00763042474468925,2.697381365091825,-0.2676375807429784,-5.04010387984149,5.722269276007017,-0.5375878818900482,0.3026604412588461,3.0096861962229013,-0.1633445518964436,-5.059388294816017,5.9845662117004395,-0.23023083806037903,0.3689593970775604
21.34882092475891,2.8782497573511265,-0.22103457398618376,-4.950585284270346,0.00010160069450633809,-0.00010799202482066033,0.007126370736598752,0.00037751384802231454,-0.008398825727463777,0.007630806485239331,3.0013917264740493,-0.29470481833718276,-5.024502440314961,5.930732868706433,-0.5294389387849643,0.28409407022819133,3.2725913170725107,-0.18653323230682872,-5.041663303971291,6.1697564125061035,-0.24828149378299713,0.36414584517478943
21.41282081604004,3.2547920392209515,-0.25040344897739847,-4.944610258564353,0.00010183322232993324,-0.00010745315373179952,0.007128649097730375,0.0002907824198417515,-0.008375657032120254,0.007621138586758465,3.315318893095154,-0.3204298854476944,-5.009560539456656,6.098693927228114,-0.5097785337167645,0.2461702599223274,3.704819405451417,-0.22524881837307476,-5.014827862381935,6.415428161621094,-0.267805814743042,0.3303474187850952
21.452821016311646,3.4633273182441044,-0.2663952137381175,-4.933586017228663,0.00010188833647251041,-0.00010726704288404068,0.007132525724468579,0.0002610063161375701,-0.008376397409021142,0.007625274013136212,3.611445296680508,-0.3439356855574069,-4.998954387427444,6.214161304895904,-0.4844842357131921,0.19678623644515603,3.9802255276590586,-0.2498405623191502,-4.999899998307228,6.533943176269531,-0.27300140261650085,0.29522275924682617
21.5088210105896,3.850145099942895,-0.2932207659407895,-4.904112871736288,0.00010205293489168173,-0.00010806903584049389,0.007130160697236852,0.0003725496705637346,-0.008299536798005562,0.007628789105329324,3.9105588650437775,-0.365130291920025,-4.990887503741187,6.288842442937709,-0.44956337990787915,0.13852957131710555,4.369641745463014,-0.2838930237048771,-4.98253358900547,6.651639461517334,-0.2707635462284088,0.23305724561214447
21.548820972442627,4.04918134152942,-0.3048041789331374,-4.909254468046129,0.00010213025394591898,-0.00010903554586322772,0.007120378304725863,0.0005103161751010268,-0.008232047461388722,0.0076233160417120294,4.237240604699465,-0.38672420447549777,-4.985039826412227,6.324110548790603,-0.40474087492641636,0.07245211703249652,4.6485461834818125,-0.30737701532780193,-4.972983494400978,6.7002973556518555,-0.26211702823638916,0.1837771236896515
21.612820863723755,4.483204814449912,-0.32397259385542965,-4.91149190813303,0.00010242220343390933,-0.00011068851191483899,0.0071555074165182975,0.0007400987909745078,-0.008083387399792133,0.0075999121104078134,4.538326850299315,-0.4028508075909131,-4.981377525784351,6.315440408366104,-0.3545776896125648,0.014225291607527574,5.092170203104615,-0.3424940752738621,-4.962955608963966,6.717104911804199,-0.236728698015213,0.10504075884819031
21.652820825576782,4.882317088156838,-0.340152934282097,-4.920702870935202,0.00010272089590429748,-0.00011324506730622005,0.007171447911371367,0.0010904886531625509,-0.007895159149406587,0.007572826457362194,4.861707830797633,-0.4177746988799164,-4.98052799048678,6.264841351157007,-0.29643594737185053,-0.040908835572032995,5.366015875712037,-0.3623149740451481,-4.95982851088047,6.6920976638793945,-0.2145514339208603,0.0602150484919548
21.708820819854736,5.107434017401705,-0.3450141306283284,-4.938463172875345,0.0001028737122422642,-0.00011502689914260325,0.007143190057030886,0.0013298661573902981,-0.007781176555150336,0.007561686384701301,5.157997509394826,-0.42989215506080364,-4.983003353940224,6.185128656784246,-0.24172760140988014,-0.0815601533927625,5.742130244150758,-0.38654804704128765,-4.959201946854591,6.614852428436279,-0.17669904232025146,0.007181740831583738
21.748821020126343,5.5056298933626495,-0.3650998713068526,-4.936801525764167,0.00010316892434225116,-0.00011960677848325572,0.0069452202669728754,0.0019350752707553063,-0.007513436307384927,0.007521938761699247,5.4700900248786235,-0.4400538535896008,-4.986112684365313,6.0649138680316375,-0.18150901982973083,-0.11322044096895958,6.004569971933961,-0.4011146771663334,-4.960826054215431,6.533147811889648,-0.14589594304561615,-0.022461753338575363
21.81282091140747,5.703482017230038,-0.3640143616669119,-4.938792755827308,0.00010333188295496284,-0.00012186958564536625,0.006833752472933939,0.002229460206469606,-0.0073789922978448165,0.007491389370142664,5.77849955255655,-0.4475271335228485,-4.990774612609982,5.918948121832889,-0.12123668759497708,-0.13243143337944907,6.4112510327249765,-0.41946483132778667,-4.9662448316812515,6.362166404724121,-0.09237153083086014,-0.05519788712263107
21.852820873260498,6.113631673833188,-0.37174344077855875,-4.968141695484519,0.00010370260319988059,-0.00012642680209516943,0.006573568317305588,0.0028100996140820065,-0.007107181165085949,0.00742640970158856,6.052453904784885,-0.45138903934965346,-4.993572816557287,5.760942885472048,-0.06639068979290452,-0.14017273474126485,6.655895197764039,-0.4277812885993626,-4.970802441239357,6.233554363250732,-0.057339683175086975,-0.06724978238344193
21.908820867538452,6.288896341083809,-0.37943086104765195,-4.9735865239053965,0.00010389889525709079,-0.00012874421075050003,0.006357819595107216,0.00309663809219091,-0.006969678816610099,0.007397100245736067,6.321775221115793,-0.4533780384145174,-4.998689107347937,5.588037335460949,-0.013440738736107075,-0.14028128744041313,6.984267199411988,-0.4352903115504887,-4.9779330641031265,6.028660774230957,-0.0075127785094082355,-0.07496818900108337
21.94882082939148,6.653584947076256,-0.38026139105590756,-4.954402853734791,0.00010430260309899076,-0.00013345484668718578,0.00544545363460951,0.003646379815310359,-0.006682841915945901,0.007352631654577297,6.579598130558949,-0.4551676757173715,-5.002850729985262,5.398316027420774,0.03306311823701874,-0.13458748525237615,7.208921397104859,-0.4378159987682011,-4.983193531632423,5.867420673370361,0.02753189019858837,-0.0750712975859642
22.012820959091187,6.814599984966704,-0.3800498425518147,-4.944405630230904,0.00010454846578681175,-0.00013569053514138154,0.005036302358396707,0.00390261455840106,-0.006539920500691613,0.007334679348108723,6.851936921166638,-0.4529290829929236,-5.0085948200468895,5.181789048645458,0.08447707604690766,-0.12309712524569744,7.549532378092408,-0.437375371431699,-4.991516247391701,5.5873942375183105,0.0818660780787468,-0.06808815896511078
22.052820920944214,7.140695550277465,-0.3804786947144233,-4.961492549628019,0.00010519491818028397,-0.0001407263858608824,0.004181520370321905,0.004470675573858198,-0.006210084446851545,0.007310500477332753,7.1089641994754516,-0.4488564761984073,-5.013663088119967,4.95090023139149,0.1306271135209183,-0.10823363507844802,7.751260722056031,-0.43466824767529033,-4.996363773941994,5.401569366455078,0.11394712328910828,-0.060369811952114105
22.109133005142212,7.32328601614292,-0.37725034840405336,-4.955177779309452,0.00010552633454229849,-0.0001430665465299968,0.003853964066598304,0.004732751964666185,-0.006055282604831445,0.007285849860976549,7.338262053895026,-0.44192659431015957,-5.017034161569227,4.73178332370966,0.1729718386906236,-0.09198025248873051,8.01729484833777,-0.42793375728069805,-5.00245775282383,5.129003524780273,0.15600994229316711,-0.04671911150217056
22.14913296699524,7.627207814865673,-0.36411382967908756,-4.983520315028727,0.00010631976244864113,-0.00014807511827723513,0.0030170619774285154,0.005275794588666979,-0.005708911196226436,0.007238247212283074,7.5714723006073115,-0.43318877557128876,-5.018734396495392,4.485109712977058,0.21249785276202365,-0.07329682472498616,8.196152651682496,-0.42116371271549724,-5.006247654557228,4.927603244781494,0.18381719291210175,-0.03584130108356476
22.213132858276367,7.7562718541338445,-0.3677554515397035,-4.993638685904443,0.00010679843301758803,-0.0001510318931409436,0.0026332993164108957,0.005596935148907202,-0.0055113185075661136,0.007211896138249178,7.777250481235274,-0.42257982744850975,-5.0204458159656316,4.254487638098255,0.24813452758129106,-0.05536289873451036,8.461957896128297,-0.4071045863383915,-5.011043682694435,4.595680236816406,0.2241688370704651,-0.016638372093439102
22.253132820129395,8.033980038387494,-0.36276120212171203,-5.012114513665438,0.00010756256715822689,-0.00015590123149745305,0.0023020594687222806,0.0061327116545104405,-0.005213929603070946,0.007162421004470309,7.985056647368832,-0.40844523447481695,-5.020066042264156,4.000478647102741,0.28448969411282093,-0.03567338053389746,8.61539932526648,-0.3965966450923588,-5.013287678360939,4.384029388427734,0.24684733152389526,-0.004259027540683746
22.30913281440735,8.142470252496064,-0.3562645772047453,-5.016322768293321,0.0001079126627264872,-0.0001581973188127461,0.0022328005741853838,0.006386417076863617,-0.005083554315420615,0.007134853484210016,8.168190417944256,-0.3935955054769821,-5.019763276652761,3.7670267011530902,0.31680204950265384,-0.01835172889248437,8.8151597622782,-0.37997344610630535,-5.015358105301857,4.085772514343262,0.2751942574977875,0.012969698756933212
22.349133014678955,8.374764069682472,-0.3275805559859136,-5.063267684541643,0.00010863712770875284,-0.00016272798657807758,0.0020798211182502485,0.00688019622536265,-0.004828281787563807,0.007110141518949638,8.350917362113181,-0.3755358041633912,-5.019433989585154,3.5124843146053295,0.3483547213116556,-0.0011132591919610425,8.946832621470094,-0.3668166148418095,-5.016101971268654,3.8720507621765137,0.29296979308128357,0.024757182225584984
22.413132905960083,8.485460691196208,-0.31345595635891954,-5.036713014356792,0.00010900967121852175,-0.0001648014247161088,0.001933598102324561,0.007098175426576651,-0.004702829026745933,0.007104761437257385,8.51100365587194,-0.3581596489179441,-5.019155862361264,3.2813123511207785,0.37412911353436246,0.01313657597097007,9.138073885813355,-0.3437481569999363,-5.0161105543375015,3.5308923721313477,0.31761592626571655,0.042179007083177567
22.45313286781311,8.687470402221809,-0.28741762572710333,-5.05666265450418,0.00010982805589987467,-0.00016905695767802987,0.00156481280499472,0.007534932274113054,-0.004437020179722836,0.0070969769259341155,8.669141681742465,-0.33845149702079497,-5.018468321104438,3.03232727865138,0.39710465581647797,0.02639005527567427,9.245682680979371,-0.3282227861636784,-5.015672817826271,3.3194634914398193,0.3306366205215454,0.051762521266937256
22.509132862091064,8.805502734735551,-0.26945423269698815,-5.066854155622423,0.00011006964318066863,-0.00017044002736776282,0.001531187818079821,0.007680441202739363,-0.004363695391386083,0.007097525976572181,8.807421748551045,-0.31857865405536456,-5.017311817318665,2.809735236807447,0.4183747889122754,0.03712534653267322,9.38217350281775,-0.30546331880032085,-5.01449216902256,3.0283007621765137,0.34557533264160156,0.06375858187675476
22.549132823944092,8.9666224439056,-0.232337525482264,-5.069790625944734,0.00011049185714325815,-0.00017316018808326392,0.0015995165864058412,0.007972556371892871,-0.004241869887601316,0.007101442932143554,8.943538317212768,-0.29508767946617964,-5.01603203565043,2.5736095444362572,0.43990441375170364,0.04668127677073322,9.469787562265992,-0.2885835218185093,-5.0133849531412125,2.824530601501465,0.35408908128738403,0.07098240405321121
22.6131329536438,9.051752751059938,-0.2142031501035934,-5.078697958961129,0.00011071874702329462,-0.00017430873887455396,0.0015454991227586631,0.00808906676057445,-0.0041780849671186875,0.007106478823415735,9.060448169573565,-0.2734262213699755,-5.014327345439241,2.3633250370325447,0.45579160133060626,0.05350141580554959,9.594095194712281,-0.260630701755872,-5.011290684342384,2.508147716522217,0.36426737904548645,0.0803115963935852
22.653132915496826,9.213504260215135,-0.1866500342560103,-5.058321971446276,0.00011124201571859897,-0.00017649000032352613,0.0013092354375362977,0.008295898373284743,-0.00403471184656237,0.007107419076585599,9.174662390165192,-0.24983272753397356,-5.012122238630679,2.142657216751009,0.46776267019639933,0.0588454146411596,9.661933863535523,-0.2425649809592869,-5.009806767106056,2.316911458969116,0.3688095510005951,0.08472557365894318
22.70913290977478,9.269884984855372,-0.16640768542938886,-5.051245924085379,0.00011145344940383551,-0.00017733902109386316,0.0012206058970267752,0.008374351517689888,-0.003979109914918044,0.007101436239412258,9.271670131880303,-0.22727659654398066,-5.009004714309562,1.9485146346294513,0.47796745268703894,0.06231930834031726,9.74557682313025,-0.21686503765522502,-5.007644787430763,2.059597969055176,0.37270596623420715,0.08929822593927383
22.749132871627808,9.386368595588511,-0.13367716363482465,-5.023931033909321,0.0001117252915065911,-0.00017869342916599902,0.0012036424365135946,0.00850789987741915,-0.003913470536739652,0.007099218236298231,9.365964896880012,-0.2016153505830624,-5.005814766043707,1.7476617972039823,0.48758829753730254,0.06441321137445344,9.797169649973512,-0.19826403734623455,-5.005930081009865,1.8831830024719238,0.37391844391822815,0.09148252755403519
22.813133001327515,9.44479367470508,-0.1110494455581544,-5.022387463599443,0.00011184136456211372,-0.00017914022056777696,0.0011644361848322817,0.008549944951174553,-0.0038858396970586897,0.0071032333161317705,9.445037466508822,-0.17799508264689806,-5.003131589186819,1.572208667896016,0.4937085172117253,0.06453533580513107,9.867483103647828,-0.16829307851730846,-5.002899304032326,1.615346908569336,0.37350142002105713,0.0930006131529808
22.853132963180542,9.549590446827981,-0.08116002489268884,-5.00712737813592,0.00011189048657773972,-0.00017945404458569346,0.0011946489310992428,0.008582512384943466,-0.0038780824691271435,0.00709609579751494,9.52194283337464,-0.15146129555338492,-4.999298109665963,1.3928415685321374,0.4990116025553143,0.06330800809154931,9.90409561432898,-0.1494433182233479,-5.000911846756935,1.457192063331604,0.3718711733818054,0.09263370931148529
22.909132957458496,9.59823629318699,-0.07010177250255008,-4.996841414103983,0.00011190472391144757,-0.00017974080883280063,0.0012496707057438531,0.008616329711394956,-0.003877143576726722,0.007105152184790073,9.584768834596987,-0.1267632354438346,-4.997010600896159,1.2374377003965698,0.5019620527106071,0.06052884796088499,9.946903193369508,-0.12306654182611965,-4.998064175248146,1.2482845783233643,0.3676477372646332,0.09080424904823303
22.949132919311523,9.669810496356241,-0.03732419685834497,-5.017976524308324,0.00011165163304143436,-0.00017913946535595476,0.0014012050230739453,0.008575618263234523,-0.003936956031583931,0.00711551335897196,9.646251637017572,-0.09893656152850035,-4.994665611303405,1.0810006871853879,0.5046622279716952,0.05621472902744785,9.971691096201539,-0.10413062301813625,-4.995973721146584,1.1081535816192627,0.36383798718452454,0.08852951228618622
23.01313281059265,9.710103735990524,-0.021673724519710353,-5.019884267821908,0.0001116309243732714,-0.00017908198820556533,0.0014105545919461805,0.008574107517612624,-0.0039421721405459515,0.007127630299596154,9.695080637458906,-0.07443159417134655,-4.993063411545658,0.9462665367339225,0.5028236113291977,0.051127294321856885,10.002607310190797,-0.07382801649509929,-4.992743626236916,0.9000309705734253,0.3562878966331482,0.08342788368463516
23.053133010864258,9.778014893457971,0.02361830260292649,-5.030696316622198,0.0001116065761098567,-0.00017856174815812295,0.0013261123581513234,0.008529610963078383,-0.003946861417021607,0.007164745034312689,9.741224553157858,-0.04867170171854132,-4.99551920579139,0.783320248137879,0.4953257119909012,-0.06828028669681865,10.016825640574098,-0.054921713744988665,-4.991278782486916,0.7678636908531189,0.34956127405166626,0.03294287249445915
23.109449863433838,9.80793647478194,0.06418068031493444,-5.050812328234315,0.00011149376643687863,-0.00017807350764675637,0.0013118929004581018,0.008501319436018034,-0.003966979093868373,0.007229203261013939,9.776036228573588,-0.024309019912434487,-5.007893241184876,0.6319588067990225,0.5062714046572517,-0.2473403879382977,10.029520953074098,-0.02888705497025512,-4.996708050370216,0.5684561133384705,0.34786805510520935,-0.1593974381685257
23.149449825286865,9.824549051701966,0.08602941447075595,-5.0791249377653,0.0001112404975531279,-0.00017799983210190921,0.0014787311761402535,0.008520118570584797,-0.004011177668678082,0.007267702142710267,9.805104862190836,0.006138925389034623,-5.0302237189313646,0.48228587058053657,0.600545414880139,-0.4857510808945129,10.033209765329957,-0.00929919266491197,-5.0087253004312515,0.43018439412117004,0.39567965269088745,-0.348734050989151
23.213449954986572,9.854404982569097,0.12511160716187128,-5.120413272641599,0.00011053841510825672,-0.00017773855582503241,0.0019113760387763719,0.00854817860702247,-0.004128951005668158,0.007296150964416765,9.826648283380905,0.043967115141286976,-5.059012426328717,0.38518466383457334,0.760982282500768,-0.6041236747795354,10.030908549204469,0.029511022294173017,-5.043612614274025,0.2554585337638855,0.5787924528121948,-0.5558281540870667
23.2534499168396,9.859451491297758,0.153981051917121,-5.1310639549046755,0.0001102071488406444,-0.0001773539964247516,0.0020701630618134527,0.008532825930234338,-0.00418476732610977,0.0072933612129739474,9.845538955126198,0.09094741296903805,-5.090949296089578,0.3160013732572475,0.970276996265423,-0.6185234854548567,10.025740588083863,0.06182920085848309,-5.0713473707437515,0.17814035713672638,0.7358906865119934,-0.587844967842102
23.309449911117554,9.858801747745503,0.19564756704965947,-5.141158754937351,0.00010982652144080025,-0.00017691682157900968,0.0022435399224366675,0.008513386101772729,-0.004247431955326609,0.007282381228206026,9.8605306040918,0.14514072038577908,-5.11864277381818,0.27383801853536505,1.1904527507331732,-0.5686138475551042,10.015906298533082,0.1207179230696056,-5.111230984330177,0.09737955033779144,0.9900767207145691,-0.5499856472015381
23.34944987297058,9.871943030151012,0.27638395147183303,-5.186824773438275,0.00010889645366500051,-0.00017646079149292556,0.0026752793399449186,0.008516176745696255,-0.004387111694997374,0.007255903719345342,9.875313812266327,0.22033626065890974,-5.143794317725084,0.24431434488378093,1.4617810398447806,-0.48375169478027863,10.008006060495973,0.17368913712562062,-5.137608662247658,0.05265073478221893,1.1938602924346924,-0.4919832646846771
23.413450002670288,9.87968487242031,0.3305119058355932,-5.194104162044823,0.00010838994513439372,-0.00017646432751092955,0.0028994669913655732,0.00853703067459924,-0.004456248096008203,0.0072420349176207715,9.886983465811214,0.3005171151555679,-5.163740952678369,0.2253150927588546,1.7353484241796755,-0.3990059870228165,9.99521061219275,0.28016566755832173,-5.173023357987404,-0.0033399907406419516,1.5615105628967285,-0.3818361461162567
23.453449964523315,9.8984365775627,0.4565669362301247,-5.2250008676201105,0.0001072442245567668,-0.00017663347073184854,0.0033583936490387146,0.00859547166416113,-0.004602919929567697,0.00722338843715718,9.899177194047347,0.40700283624901523,-5.180356349120658,0.21410956380281232,2.0659886862888652,-0.31157897544565183,9.987553561106324,0.3619015467411373,-5.190428867936134,-0.030687889084219933,1.8185780048370361,-0.3138253688812256
23.50944995880127,9.910846427640701,0.5954726468536339,-5.229299341328442,0.00010592804115295113,-0.00017684354187562685,0.003813923427547877,0.008656041890902976,-0.004761360660134733,0.007196695203466676,9.910316349999984,0.522159777661933,-5.191038530299234,0.2101975903831965,2.3970024576136977,-0.23951921566244821,9.977687800303102,0.4977580261474941,-5.208887234330177,-0.060400400310754776,2.2113912105560303,-0.22676584124565125
23.549449920654297,9.914357168723974,0.6865131834049556,-5.240090156905353,0.00010526266463044731,-0.00017708181332975193,0.004012097140507107,0.00869319256422524,-0.004834032785592142,0.007179002476300426,9.921479886638178,0.6602992068494185,-5.2001365943338325,0.20839067392508823,2.772592480868951,-0.17391290169848048,9.971550906077027,0.6113943410164211,-5.218253269791603,-0.07601534575223923,2.5137176513671875,-0.1722056120634079
23.613449811935425,9.945827503653414,0.880060024851744,-5.279730121605098,0.00010378372345072568,-0.00017798028452032839,0.004383951025040434,0.008796902158957091,-0.004978428330424684,0.007136123855613042,9.931773760234252,0.8101442401533058,-5.203548725949126,0.2119637000961631,3.142111323826223,-0.12368486095918174,9.963562930002809,0.8227200460678432,-5.2278930097818375,-0.09204666316509247,3.028648614883423,-0.09986399859189987
23.65345001220703,9.954575030807693,0.9959569246142456,-5.26363183464855,0.0001029561319086498,-0.0001780617227148081,0.004598984475133209,0.008825070081035767,-0.005067191449988394,0.007116513706326632,9.943823471888441,0.9883981887946618,-5.2066365924581435,0.21704950704957582,3.536476558700753,-0.06160978142990556,9.95989795960486,0.9738632989174221,-5.230918064713478,-0.09662245213985443,3.3584272861480713,-0.05414451286196709
23.709450006484985,9.954058734579577,1.2402858469943017,-5.290112575516105,0.00010183901937131542,-0.0001782156515904953,0.004858350212599958,0.008863693234612233,-0.00518090528296822,0.007088153030005102,9.955575636606307,1.1725305756652364,-5.205469403442315,0.2238883405970963,3.887813165874789,0.012734044007542196,9.95682235993445,1.2098261666542385,-5.230962887406349,-0.09637024998664856,3.807415723800659,0.03004116378724575
23.749449968338013,9.971897440871759,1.3733606203924198,-5.289639792405069,0.0001012074354636887,-0.0001785433314917636,0.00496519404309693,0.008898941988467584,-0.005236080137796827,0.007069994502476342,9.967577296284913,1.38705531859447,-5.20102368268563,0.22844076042083478,4.250042452520075,0.100880971890676,9.956372225657105,1.3953749490028713,-5.227390423417091,-0.0918988436460495,4.118300914764404,0.09979309141635895
23.81344985961914,9.995605096023576,1.6552800750681445,-5.290604249574244,9.988211193082895e-05,-0.00017945040524671878,0.005130889197027698,0.008981462564743964,-0.005341357591879778,0.007028613808559817,9.978732246027398,1.603990355160252,-5.190903596454556,0.23288507981591156,4.573934004348849,0.18024954430214774,9.958622897043824,1.7196742844826076,-5.215118542313576,-0.07950036972761154,4.59955358505249,0.2121136486530304
23.853449821472168,10.00633844323756,1.8099384489964192,-5.2616360289976,9.92375812874038e-05,-0.0001799134550522148,0.00519737263885224,0.0090224242956927,-0.005390446570376913,0.007013101690209298,9.990867828487515,1.8528306817177451,-5.178253622833079,0.23434060283427385,4.906220830340734,0.2551506489832217,9.961839640513062,1.9383287978416774,-5.203456059098244,-0.06968570500612259,4.8882646560668945,0.276228666305542
23.909449815750122,10.024190791789298,2.131124258663708,-5.229985777288675,9.800939342913162e-05,-0.0001809209530417207,0.005290776843343086,0.009106774362976727,-0.005478603162705514,0.00699058204892367,10.001790038685966,2.0992960909293483,-5.162769806006054,0.2338020892749218,5.196585945510155,0.31039534607208163,9.968330347910523,2.2626635384804104,-5.182734623551369,-0.05523429811000824,5.271765232086182,0.35143718123435974
23.94945001602173,10.048669697127494,2.3260709618312787,-5.226416970603168,9.730941619145974e-05,-0.000181645997487819,0.005313958255411397,0.00916259478098786,-0.005523762050829101,0.006982322822431777,10.013216291116208,2.379007746720424,-5.1448393764752565,0.22873264078947317,5.485766148666244,0.35133279057346073,9.974393809214234,2.50687330486835,-5.165312901139259,-0.04515497013926506,5.528671741485596,0.39255374670028687
24.013449907302856,10.053974681766341,2.675807135198361,-5.180699574761093,9.600004625388605e-05,-0.00018332764062545197,0.005287153321316143,0.009276420636600077,-0.005597148743890465,0.006957186254705229,10.021689746223625,2.6502853568176277,-5.125559394494647,0.21843772127576744,5.7266297940360955,0.3694927001703664,9.986049616709352,2.916614468122134,-5.1345187574625015,-0.03153505548834801,5.903635025024414,0.4317183494567871
24.053449869155884,10.062939376860953,2.8657054747699324,-5.151790848001838,9.526664834472524e-05,-0.00018433530557909584,0.005262208291981459,0.009343574006740912,-0.005636307504878532,0.006949876119649632,10.03113858055917,2.9552585799972584,-5.105782387165163,0.2042723339394465,5.955003151885535,0.3656069973339581,9.994197810068727,3.1830956292396877,-5.1144591718912125,-0.025424469262361526,6.111657619476318,0.43779969215393066
24.109761953353882,10.05130141205223,3.267283070524868,-5.116767065599561,9.498846845852919e-05,-0.0001851532785506869,0.005189321580326473,0.009384572638186145,-0.00564052139599511,0.006930676776332851,10.03858016301325,3.244938527771087,-5.087417330266103,0.18595251187824496,6.1299510359699845,0.3407835788770075,10.006032908335328,3.5671936822182033,-5.086877956986427,-0.021510129794478416,6.363253593444824,0.42182525992393494
24.14976191520691,10.058226037712018,3.457261457883838,-5.119966775178909,9.504157556799512e-05,-0.00018550511143962715,0.005141835825746803,0.009397639348039824,-0.00562805617198349,0.006925001435654529,10.046523037800414,3.56692229486036,-5.07057779621778,0.16365936588169638,6.277987954941524,0.29392052129556945,10.014413798227906,3.847395832563052,-5.068445339798927,-0.02244594134390354,6.510908126831055,0.3941565752029419
24.213762044906616,10.05871818947454,3.88133564399134,-5.100076305679977,9.5778304962106e-05,-0.0001857565186551991,0.0050429832223596975,0.00938910737820512,-0.005562812483562198,0.006919143605001038,10.051768996603949,3.867893438776932,-5.057841452369727,0.13809223432679682,6.370650856385182,0.23603357720541054,10.02712913788855,4.302004988217959,-5.04292406141758,-0.03072967566549778,6.685307025909424,0.3272169828414917
24.253762006759644,10.06070397558772,4.0792443737583906,-5.069390743039548,9.663082425326719e-05,-0.00018564513163852152,0.004979972489537397,0.009364283458248827,-0.005497393218938724,0.006918983751169861,10.057125646163456,4.198341613996566,-5.0477041345730385,0.10963694988829539,6.42409223598783,0.1648685465237542,10.03427311219275,4.587845499539981,-5.030051365494728,-0.039907000958919525,6.753632068634033,0.2758111357688904
24.309762001037598,10.070653806604449,4.488069540520918,-5.046716457931325,9.92838182824568e-05,-0.00018468080048812354,0.004852246068018858,0.00926553589391609,-0.005311225002860978,0.006922197242427024,10.060559339683309,4.526233644691367,-5.042013999823392,0.07779521309654294,6.425711722612475,0.09267308127429898,10.04270645417273,4.986971075559268,-5.0168029218912125,-0.05780750885605812,6.796230316162109,0.19949643313884735
24.349761962890625,10.06168756552853,4.715895007168446,-5.038407877087593,0.00010064730162019238,-0.0001840263838903469,0.004803836793490565,0.009211025428510582,-0.0052206212837555745,0.006927080128089129,10.063360165651599,4.831036787798855,-5.039799222823828,0.05036062673675652,6.38858024178986,0.031752979452490296,10.047380411997437,5.269351179624209,-5.010661259293556,-0.07319676131010056,6.789851188659668,0.14676107466220856
24.425761938095093,10.074392114580078,5.11874072190846,-5.048595221713185,0.0001031277290486194,-0.0001825411477223962,0.004731766649510627,0.009103578509178607,-0.005066016467453792,0.006939086661620014,10.065762382275704,5.231573826769628,-5.041605738888766,0.014866101118175358,6.2853787560050955,-0.034415807188447584,10.05107113160193,5.793124849820742,-5.0053635984659195,-0.10791737586259842,6.699326038360596,0.0615936778485775
24.46576189994812,10.078762996238728,5.32076929853707,-5.06264453753829,0.00010433298066467406,-0.00018184102432214558,0.004700285736135433,0.009053692236703282,-0.004991412498913373,0.006945878912892408,10.066023404304651,5.52812474434358,-5.045051331673196,-0.010159912433627315,6.1731142764469435,-0.0697546877056132,10.052304232493043,6.062465841794619,-5.0058566480875015,-0.12629568576812744,6.617867946624756,0.027272071689367294
24.529762029647827,10.060815685113411,5.733496838273001,-5.049584799446166,0.00010664174519799725,-0.00018024799926898646,0.004639557897070682,0.008950490252979875,-0.004857912507412456,0.006955320226019428,10.065681241462435,5.816147917799416,-5.050379204796852,-0.03345713378133414,6.035075329259497,-0.09357427130584972,10.051802599802613,6.478860075498233,-5.010356083512306,-0.15586547553539276,6.445332050323486,-0.01201911922544241
24.5617618560791,10.065856556597337,5.920076911508089,-5.063612694852054,0.00010789472928936476,-0.00017933127919969336,0.004604344667376756,0.008891639129725808,-0.004788771984873561,0.00694992985620109,10.063825706258863,6.122774470333396,-5.055506531005848,-0.056176358459004434,5.864035159656748,-0.10752552392708373,10.050520861521363,6.679847891355166,-5.014125004410744,-0.17004996538162231,6.342321872711182,-0.025220854207873344
24.62576198577881,10.04979737097014,6.306489829622082,-5.069000532384962,0.00011018589303329638,-0.00017791655240570697,0.0045502634243388945,0.008797613308526357,-0.004655261910062488,0.006948806917896714,10.06102306556883,6.394960298388148,-5.061240962196713,-0.07542429670288663,5.686671548298987,-0.11106215047673397,10.046068156138062,7.063664133573184,-5.023649349808693,-0.19683925807476044,6.106056213378906,-0.04042351618409157
24.665761947631836,10.045690850700371,6.481756116568598,-5.078719003126025,0.00011155544884775028,-0.00017711570462156957,0.004521444912589636,0.008745785621464214,-0.004574408061380841,0.0069550625510800155,10.056728019746757,6.6825099704414015,-5.0677899512047935,-0.09390944041010382,5.479844674764068,-0.10638685867571,10.041792834177613,7.291542227292666,-5.0295945554971695,-0.21227946877479553,5.941684246063232,-0.04241308569908142
24.72176194190979,10.04473002826925,6.8143862793791135,-5.1104919500648975,0.00011443604878974617,-0.0001756918868577973,0.004473843586319885,0.008648384663128776,-0.004397245429842887,0.006968481936120912,10.051748533872074,6.934893639452237,-5.074579714366263,-0.10917467091834834,5.27441644713435,-0.09668478942333134,10.034162485972047,7.595401461148867,-5.0378295332193375,-0.23158065974712372,5.693698883056641,-0.038535814732313156
24.761761903762817,10.039780770675698,7.006914003506934,-5.108569773845375,0.00011564390217928441,-0.00017485869985161997,0.004444308950218397,0.008599831368733594,-0.004332197997112025,0.0069720752338539365,10.046010121191284,7.200506975730781,-5.079857981062625,-0.12293537745675129,5.043024481296,-0.08086157997653706,10.027749026194215,7.800488646054873,-5.04364313185215,-0.24352626502513885,5.505124568939209,-0.031889237463474274
24.825762033462524,10.05359016877544,7.321631964989763,-5.125067837536335,0.00011688217534734347,-0.00017288177992691252,0.00435608029932522,0.008510804749306303,-0.004308324583905783,0.006973304196983926,10.041703875170768,7.432710224037051,-5.084030608298717,-0.13269536102275478,4.820178769665349,-0.06349876074309936,10.01617237366736,8.109625990415225,-5.052120342850685,-0.25933152437210083,5.189389705657959,-0.01625753939151764
24.86576199531555,10.054871393356954,7.468314944239158,-5.1413517920300364,0.00011710829308363072,-0.00017164537285027206,0.004291147528219868,0.008463947215562598,-0.004338148297698107,0.00697035540899548,10.036016125992438,7.674747804566006,-5.0868486741986985,-0.14188283661695003,4.573435503936741,-0.04249118480726047,10.008485758677125,8.289600546384463,-5.056857243180275,-0.2671429514884949,4.9839630126953125,-0.004419789183884859
24.921761989593506,10.05276250229412,7.773477844564539,-5.1436841413378716,0.00011742988387320133,-0.00016837468860420485,0.004107807666016079,0.008347999976078662,-0.0044414589609787294,0.006970830312334028,10.03296173147752,7.883100032355202,-5.089195152007245,-0.1468308911089202,4.3392478208070955,-0.02228774656737231,9.997456515207887,8.525348837400088,-5.062493458390236,-0.2751193344593048,4.689169883728027,0.013796485960483551
24.961761951446533,10.058966376758908,8.042438776012919,-5.15491421148181,0.00011718070979490845,-0.00016495440615783852,0.0038954687701823485,0.008238395940850036,-0.004600008452104515,0.006971988942803707,10.02938279525512,8.096678900857095,-5.090580348279893,-0.15023352330246267,4.082790494902791,-0.0003089209516710424,9.98974415101111,8.681388075376162,-5.065772190690041,-0.27867695689201355,4.4741902351379395,0.02753278613090515
25.02576184272766,10.04657063429074,8.18495062137933,-5.127342753112316,0.00011633537369648503,-0.0001631366213142131,0.00376410151799313,0.008191873744466827,-0.004741102135763925,0.006977922200357387,10.02453894867512,8.284719329799996,-5.090903422396189,-0.15285666517790186,3.846555799858751,0.019767576964007605,9.977746928110719,8.910857374692569,-5.06953252851963,-0.28099843859672546,4.126713752746582,0.04979730769991875
25.065762042999268,10.039457520553338,8.420172633619673,-5.136532348580658,0.0001152545388713015,-0.00015938322111102275,0.003498244312727652,0.008088776294214445,-0.004984637269517283,0.0069867325305127586,10.021227138371481,8.472497675876237,-5.090770464649463,-0.15258560569044388,3.5894984426442136,0.04026311348873484,9.970532381907105,9.04220216991962,-5.0709763914346695,-0.28077638149261475,3.9091577529907227,0.06352551281452179
25.122074842453003,10.036442875394409,8.530672531678984,-5.13709183037281,0.00011438709515522467,-0.00015787001766390675,0.0033772870388358222,0.008053320495638219,-0.005118979802453087,0.00698545767755746,10.01593621237249,8.637168467880413,-5.0885551471285435,-0.15329756770929592,3.3557178505906062,0.05785682113681468,9.960990870371461,9.210685904050479,-5.071873798966408,-0.27824288606643677,3.605821371078491,0.08148030191659927
25.16207504272461,10.024277817241101,8.754199448758014,-5.1502593997865915,0.00011320074791693035,-0.00015555002685276872,0.0031901144140709463,0.00799836062624536,-0.005316722182104795,0.006980807198511884,10.01108224459681,8.801693911810176,-5.085216944072492,-0.15191238966085804,3.1049616398881286,0.07485856287209612,9.954723322764039,9.319607908750186,-5.071797505021095,-0.27489927411079407,3.390352964401245,0.09321015328168869
25.226074934005737,10.036460055164714,8.849518742140663,-5.145177193917334,0.00011249927608882298,-0.0001545832733402806,0.0031049720838487224,0.007978730984152128,-0.005416260257529079,0.0069794308042961375,10.005220773639483,8.943964081412457,-5.081395054044632,-0.15157517478751992,2.87890618433004,0.0886567572169613,9.945407832041383,9.475839788938174,-5.070368900895119,-0.2677212357521057,3.0510149002075195,0.11006125062704086
25.266074895858765,10.002435423188674,9.052481560885957,-5.1219831276685,0.00011228117359198079,-0.00015259850202973605,0.0029604897031643177,0.00792622679181381,-0.0055249870414681886,0.006987207959969348,10.000283476815552,9.073143988962377,-5.078051708442421,-0.14948647925485167,2.6570325867893847,0.1002912539526616,9.940011942759156,9.562421972776065,-5.0688048750162125,-0.26235559582710266,2.843472957611084,0.11927411705255508
25.32207489013672,9.999149985188899,9.134393650726993,-5.12170266918838,0.0001121019049122294,-0.00015175177727563266,0.002895574995921136,0.0079057207807002,-0.005578495238159844,0.0069922633360556975,9.992946957866966,9.213362178042466,-5.072795554934796,-0.1485801067476169,2.4076173574390536,0.11120901475623618,9.9328937176615,9.670795614743838,-5.065901890397072,-0.25414207577705383,2.560943841934204,0.13002358376979828
25.362074851989746,9.984839274715537,9.278826852596717,-5.116405243054032,0.00011004458731097908,-0.0001489549662904704,0.0026373995918796776,0.007858095546952512,-0.0058704122888651004,0.007009783641925232,9.989881776613789,9.320028103265253,-5.069401897734422,-0.14323396806319252,2.200122079275547,0.11760911305534283,9.928138697519898,9.739045317197451,-5.063361302018166,-0.24773384630680084,2.3650612831115723,0.13609789311885834
25.426074981689453,9.982705867896998,9.35082123632294,-5.091648391447961,0.00010807938353634723,-0.0001475412302177036,0.002478373341943063,0.007846117454205265,-0.006089711726901096,0.007021481924722146,9.98546357148434,9.419513997076729,-5.064873853497308,-0.13957081873238006,2.0017856912189758,0.12210504273081277,9.921171152964234,9.83342474224628,-5.058730259537697,-0.23672601580619812,2.063467502593994,0.14301110804080963
25.46607494354248,9.978931527807207,9.473413262088828,-5.074652212671936,0.0001044414752789707,-0.0001444841942496332,0.0021467798248582066,0.007814267829247096,-0.006522850625000299,0.007026938335609683,9.983496023223362,9.514772864885453,-5.059286810687252,-0.131776270947033,1.795673278596256,0.1243722106074776,9.917369807139039,9.883467848325381,-5.055623188614845,-0.22948935627937317,1.8830571174621582,0.14545689523220062
25.522074937820435,9.978072081721146,9.526507545819886,-5.070868279784918,0.00010300432825050438,-0.00014311474960622398,0.002002131696305149,0.007798747426072872,-0.006703088859038076,0.00702798200159847,9.980051980062969,9.588335103729476,-5.054066173907358,-0.12796949678090427,1.63041530409171,0.12472310542544722,9.912841761484742,9.942980940366397,-5.051010265946388,-0.21870139241218567,1.6420612335205078,0.14679601788520813
25.562074899673462,9.988754438426364,9.641566134470898,-5.076837535016239,0.00010155832891189401,-0.00014094700502316222,0.0017964032538470623,0.007766481646459137,-0.00692691591977124,0.007025628010433992,9.97649479497111,9.670521522534806,-5.047268770628105,-0.1223711106015203,1.4309054408683746,0.12302608454392368,9.910253489390016,9.978233511472354,-5.047535076737404,-0.2104799747467041,1.4781498908996582,0.14626909792423248
25.62607502937317,9.97726005256492,9.689925627808162,-5.075268868356943,0.00010111549419946279,-0.00014004074408659835,0.0017140899232215118,0.007751644982189405,-0.00701083522916618,0.007014956693284253,9.972140445475134,9.733755744314392,-5.0406185916053,-0.11971325810715944,1.271367022001429,0.12004329034278877,9.9068345669657,10.023880178952822,-5.041717663407326,-0.1972539871931076,1.2320222854614258,0.1434386968612671
25.666074991226196,9.974100916145865,9.7651980739035,-5.069654261693358,9.95426746817004e-05,-0.0001385651471951951,0.0015529160322048379,0.007736221106857778,-0.0072134672135320335,0.0069883114059978435,9.969369174207602,9.790316123282059,-5.028810745830795,-0.11555276846249592,1.1864386040179264,0.3277860245637325,9.90518661774695,10.046330626035342,-5.0366088300943375,-0.1892285943031311,1.1241769790649414,0.25560733675956726
25.72207498550415,9.984063262821868,9.80631911900528,-5.065508502535522,9.948740664354308e-05,-0.00013801398424262898,0.001510521878227331,0.0077237136173573,-0.007247190198705007,0.006974310513707948,9.964762412205683,9.844889861419567,-5.004672550576673,-0.11464659000042249,1.1352931203605112,0.6286620083395242,9.903330767527223,10.074766333127627,-5.014900341629982,-0.17898203432559967,1.0408039093017578,0.6033941507339478
25.762074947357178,9.97761178099251,9.849950619729707,-5.017172330990434,9.931317273622118e-05,-0.00013736811310110253,0.0014581797333095773,0.007709665028535114,-0.007293848114901364,0.006956440091453782,9.960891763772388,9.892489417115563,-4.970005920726624,-0.11344570876555855,1.0822043918194622,0.8691897940760598,9.9023179654032,10.093971426511416,-4.986613407731056,-0.17157700657844543,0.980270504951477,0.8317916393280029
25.826074838638306,9.974358440138925,9.922697416546702,-4.91791145526804,9.8384518368628e-05,-0.00013571778625042944,0.0013147235423404196,0.007677365541566818,-0.007437540526672296,0.00694312686385783,9.957786949075318,9.948229267611913,-4.913101943531504,-0.11018536981434424,1.002269291425444,1.1124522745438044,9.900988543406129,10.123167212033877,-4.92085088789463,-0.16072571277618408,0.8716550469398499,1.1242424249649048
25.866075038909912,9.972138094149331,9.985326243361305,-4.824499039910734,9.699025786927624e-05,-0.00013409851053243501,0.0011614115020473024,0.007648078743026981,-0.007610672059373731,0.006929846160452305,9.955546898064133,9.99593407727333,-4.8495032788457255,-0.1069217035285692,0.9182465931764324,1.2805389734344859,9.900302851572633,10.14016359570087,-4.8693725019693375,-0.1545071005821228,0.7976399660110474,1.2638341188430786
25.922075033187866,9.960637149536456,10.010355534436947,-4.749532212503254,9.634824822497313e-05,-0.00013355639046054362,0.0011046484741247347,0.007639292818874909,-0.007682123634221576,0.006920280033806759,9.951704283462796,10.037398533359953,-4.784132021147718,-0.10638739850055892,0.8353036532861668,1.3959605245002629,9.89961906708777,10.16152303936542,-4.787164822220802,-0.14630456268787384,0.6883872747421265,1.4136416912078857
25.962074995040894,9.945538015471385,10.064962425092638,-4.67366156168282,9.508884784802137e-05,-0.00013240922060335196,0.0009902906925935552,0.007620424673698493,-0.007819367414712942,0.006920714667487674,9.948793294274747,10.076988566073858,-4.708987359173372,-0.10496058453125995,0.7418085819610556,1.4862216255780258,9.899271929636598,10.174657995725283,-4.72294057905674,-0.14101102948188782,0.6082229614257812,1.4937859773635864
26.02607488632202,9.939490181157268,10.089937345805469,-4.614572275429964,9.426467704284491e-05,-0.00013183573576206793,0.000927683448355852,0.007612848058985791,-0.007900560126423725,0.0069286566202598895,9.945151306326082,10.109952662344941,-4.63687401514525,-0.10525104225717158,0.654959080250298,1.5445297385764722,9.898660624399781,10.19153898479999,-4.613840237259865,-0.13389863073825836,0.4796156585216522,1.5854424238204956
26.06607484817505,9.942177240232544,10.125288798778021,-4.54504419118166,9.416025059658608e-05,-0.00013072322437760757,0.0008559567064639642,0.007586944005847117,-0.007944027539234778,0.006939641486508888,9.941623585392968,10.139491507417494,-4.556416439675262,-0.10535686934200637,0.5615772964320632,1.5873494503274133,9.898219073191285,10.199320013547549,-4.543129101395607,-0.1298924833536148,0.40070557594299316,1.624903917312622
26.122400999069214,9.945973784885492,10.143338064258392,-4.508521128445864,9.433764571573467e-05,-0.00013024753182922606,0.0008328302199831125,0.0075743678626106065,-0.007946128947889491,0.0069412354988079,9.937269433018647,10.163419429639577,-4.4797459204786305,-0.10708758349903698,0.47897630210376596,1.6132664496844695,9.897500002756715,10.206565077329287,-4.442381039261818,-0.1249350756406784,0.2941398322582245,1.6634769439697266
26.16240096092224,9.943532741224232,10.174710492659518,-4.4147807927802205,9.439568066478127e-05,-0.00012930432077155928,0.0007779986033354572,0.007552075512910956,-0.007973066558211023,0.006939103893108653,9.933404093061327,10.18427118758896,-4.395292508426971,-0.10844756832946466,0.3936049624835607,1.6302847382601637,9.896785700693727,10.209196264768252,-4.36982835829258,-0.12212377041578293,0.22168390452861786,1.6816048622131348
26.22640085220337,9.944149835999273,10.182795546799875,-4.340458280406892,9.412063334654163e-05,-0.00012902704130556724,0.0007524748282309767,0.007547547683355868,-0.008003477317051224,0.006932714753040612,9.928892396112728,10.201052158605371,-4.316203988570727,-0.11085697433847326,0.32068165933908815,1.6388573459006475,9.895353281870484,10.209220106626162,-4.253584042191505,-0.11855829507112503,0.11356410384178162,1.6990880966186523
26.266400814056396,9.925048640071036,10.185738326285398,-4.232266736129532,9.442691194536038e-05,-0.00012835412304512822,0.0007234550370622467,0.007530578201027956,-0.008001520698556527,0.006934130357732767,9.924143064786138,10.21422590298658,-4.231018724301215,-0.11324490916011669,0.24716052114852852,1.6421857856477915,9.894246065989137,10.206826384091983,-4.181089535355568,-0.11673720926046371,0.05129459500312805,1.704554796218872
26.32240104675293,9.932043232346818,10.188308907905476,-4.175185204017907,9.461049454431514e-05,-0.00012795493940676654,0.0007067181626216655,0.007520732180158972,-0.008000076580317044,0.006934990332483716,9.919312900741273,10.22366158089033,-4.152287571106299,-0.115800719865763,0.18531932429441994,1.6417935317856054,9.892343485727906,10.200635130429873,-4.080103054642677,-0.11466889828443527,-0.028938353061676025,1.707534670829773
26.362401008605957,9.906409201743116,10.19608970477476,-4.049988802522421,9.407817010654346e-05,-0.00012777326315674796,0.0006798751472930362,0.007520032352590057,-0.008043475039938765,0.006932880308784856,9.913915904558072,10.231541902728685,-4.066705990115735,-0.11853664581423894,0.1254133584219626,1.6390241338104878,9.890733683481812,10.194350416684756,-4.008495703339577,-0.11345341801643372,-0.08089857548475266,1.7073512077331543
26.426400899887085,9.91616522073563,10.206900687567375,-4.008995237760246,9.411416759330138e-05,-0.00012756642897343728,0.00066980874167781,0.007515445203689489,-0.008046873450034926,0.006931683918015794,9.908555289545669,10.2358960389647,-3.987977341757533,-0.12139881385373474,0.07582335741794728,1.6349407624117227,9.887636149302125,10.18171232464374,-3.894907847046852,-0.11222761124372482,-0.15490186214447021,1.7042144536972046
26.466400861740112,9.932187225724585,10.208750864671329,-3.9202179480344057,9.418882821584476e-05,-0.00012676912372665015,0.0006301048897423746,0.007498638639619272,-0.008065427061677974,0.006919829675910712,9.903913963753526,10.237067889453378,-3.9020059667862745,-0.12318760047701888,0.027830007445985436,1.6297017537412548,9.885377848520875,10.172459776425967,-3.82459057867527,-0.11150220781564713,-0.1955968290567398,1.7010329961776733
26.522400856018066,9.937800917936114,10.212356707214694,-3.855165263172239,9.370903911306007e-05,-0.0001264503240037389,0.0005995389284521251,0.007494806815483584,-0.00810770146685949,0.006912780401238749,9.899076679479792,10.23725711061627,-3.823222695852371,-0.12500858160980255,-0.010511242418104381,1.62438452376949,9.881983721628785,10.158055479550967,-3.7269638925790787,-0.11074098944664001,-0.2457980066537857,1.6956599950790405
26.562400817871094,9.9459434904412,10.204077766555727,-3.7430088901892304,9.28981264101069e-05,-0.0001257890447510725,0.0005433080724491925,0.007485610560745376,-0.008181282545781531,0.006895587581487667,9.894785111453967,10.235227404846093,-3.7372302915863047,-0.12594558108622705,-0.0465009131260164,1.6185550479164115,9.879447901621461,10.146894629026065,-3.657793179154396,-0.11004041135311127,-0.2769087851047516,1.6914619207382202
26.6264009475708,9.944345604899185,10.195814859295995,-3.695448966231197,9.251517264990757e-05,-0.00012527322246499585,0.0005083852572937326,0.007477318111321446,-0.008218361929204896,0.006894540983242375,9.890207910719603,10.23173583639691,-3.6596088403826506,-0.1269886268897278,-0.07474559533624468,1.6131008753940284,9.875328028574586,10.12806528332294,-3.5480369478464127,-0.10882159322500229,-0.31879720091819763,1.68452787399292
26.666400909423828,9.94219366115658,10.194917775380661,-3.590464507229626,9.224046204569359e-05,-0.00012389429297018096,0.0004395919606392446,0.00745163147156973,-0.008265399056318037,0.006888476027210309,9.887453938691882,10.22570796166966,-3.5818131182511883,-0.12620214189706622,-0.09902160439702569,1.607667752191877,9.872735941782594,10.115748579526553,-3.4800080209970474,-0.10775431245565414,-0.34035542607307434,1.6800941228866577
26.722400903701782,9.939679891309767,10.181698855545557,-3.541394346859306,9.20203777444248e-05,-0.0001233974120990102,0.00041246295255368203,0.00744261480328323,-0.00828944164809537,0.006884431105110119,9.882226955895254,10.2193823050105,-3.4980147012007485,-0.12691668256512176,-0.12030296645284386,1.601997877986253,9.869232142344117,10.098140890622744,-3.385524645447731,-0.10601223260164261,-0.3652215301990509,1.6737052202224731
26.76240086555481,9.922706013749446,10.182786669288102,-3.4494660533964634,9.165131232483535e-05,-0.0001225518059116209,0.00036867580918310816,0.007427052169003165,-0.008327347483126381,0.006880605341761804,9.877940896505335,10.2117034169448,-3.4145763783929524,-0.12650765963009278,-0.13738404933944223,1.5964865089896243,9.866808855906129,10.085375959897647,-3.318543568253517,-0.10443819314241409,-0.3794664144515991,1.6691089868545532
26.826400995254517,9.909166150347485,10.176538801617255,-3.416382403112948,9.168483605551108e-05,-0.00012199615815264673,0.00034841804116417024,0.007415889964494416,-0.008333295736305398,0.006881418293643256,9.873069012246924,10.203996932122458,-3.338270471375975,-0.12648663168109575,-0.1497327599764309,1.5917722843828304,9.862961733713746,10.0650398087746,-3.2121714502573013,-0.10167112946510315,-0.39655664563179016,1.6621391773223877
26.866400957107544,9.89093422590251,10.162908280556868,-3.297125782817602,9.176412891964933e-05,-0.00012062187428277364,0.00030115078145205034,0.007388245759102101,-0.008345357495444782,0.006882641195849194,9.869340774769265,10.194091537509667,-3.2559851891912612,-0.1248842608473906,-0.15986512209275497,1.5870411156691673,9.860545122995973,10.05244272472919,-3.1461433321237564,-0.09966959804296494,-0.40379565954208374,1.6579428911209106
26.922400951385498,9.91046475837845,10.149060319222075,-3.243624133989215,9.221947968571494e-05,-0.00011995967439799755,0.0002898472812869925,0.007373514378820987,-0.008325167017699862,0.006885241946401239,9.864977264848228,10.185647694883485,-3.1865844040304068,-0.12425039410708606,-0.16587690641481748,1.5832435599887118,9.857132876291871,10.03514307262958,-3.0542463213205338,-0.09665422141551971,-0.41030073165893555,1.652298927307129
26.962400913238525,9.919009075978966,10.140710971679788,-3.1233502523973584,9.322280767143748e-05,-0.00011788014243825672,0.00024785895637138323,0.0073283755221440604,-0.008283927655418804,0.006890654405650494,9.86179822099344,10.17285887057218,-3.098742944120458,-0.12154954314185698,-0.17124819341358144,1.5789019921205827,9.854714358225465,10.022958929563174,-2.988976612687111,-0.0942997932434082,-0.4125516414642334,1.6485477685928345
27.026401042938232,9.905523041156666,10.128911854203142,-3.0796700613573194,9.320977851322506e-05,-0.00011692991139968172,0.0002194574651821782,0.007308437886105441,-0.00829020583395647,0.006894055976536079,9.858005294814483,10.163537179700725,-3.0235060100733477,-0.1196643164904569,-0.17266300880685218,1.5753843333081263,9.85113331116736,10.003925497556338,-2.8850988298654556,-0.09000606089830399,-0.4124845862388611,1.6427109241485596
27.06640100479126,9.903827857803073,10.109946397550695,-2.983468865044415,9.362276882613144e-05,-0.00011553825750069814,0.00019006227867290722,0.0072781245673203075,-0.008271920710254,0.00690677640465369,9.854487927575962,10.152554276706335,-2.943147425068727,-0.11725746017860234,-0.17234927472107925,1.5716403267864583,9.849112475290895,9.992422277951846,-2.82053579390049,-0.08710936456918716,-0.4103796184062958,1.6392133235931396
27.122726917266846,9.888001387624454,10.10340339550093,-2.9408694989979267,9.345545229477048e-05,-0.0001152615102377051,0.00017920898625677838,0.0072720092143505905,-0.008281364407572704,0.006909994254288197,9.849649671754404,10.144103935785816,-2.8681934636916653,-0.11577762532145215,-0.16930518700007818,1.5686467649625695,9.846431696787477,9.977107222104678,-2.730844870209694,-0.08283433318138123,-0.40462371706962585,1.634265661239624
27.162726879119873,9.87908511158937,10.10914986268979,-2.8232432836666703,9.235255264175042e-05,-0.00011469498242750019,0.00014210079569625483,0.0072594487644041215,-0.008340083485037305,0.006914785249142275,9.845770348105225,10.135782112254773,-2.7873254538217362,-0.11313901954042287,-0.16413878798766696,1.5655811109179163,9.84451195038855,9.966729338193545,-2.667093887925148,-0.07973712682723999,-0.39911195635795593,1.6308894157409668
27.222726821899414,9.889767626004485,10.089166309015775,-2.6887957537546754,9.194137219787577e-05,-0.00011367572871318044,0.00011170376862086831,0.007235654537169705,-0.008359503153212336,0.006915214098443888,9.84326994572233,10.128062187262232,-2.718534738493196,-0.11053604075997905,-0.15905563935775419,1.563409903857836,9.841851199045777,9.953214819455752,-2.578168287873268,-0.07547198981046677,-0.38928231596946716,1.6267598867416382
27.26272702217102,9.886583150626503,10.085903945108871,-2.6347769889980555,9.161619920769805e-05,-0.00011309760862499643,9.369485640428348e-05,0.007221886007860905,-0.008373291430506448,0.006920770237460022,9.83898088110504,10.119743097926397,-2.6378932628028235,-0.10817125363362314,-0.15175030613022034,1.5585749184504385,9.839966738596559,9.94436281445087,-2.5147704035043716,-0.07246018201112747,-0.3810313642024994,1.6237391233444214
27.32672691345215,9.872521822638062,10.078483910586781,-2.5278943832963705,9.116591998529904e-05,-0.00011254912278827915,7.477246355155614e-05,0.007207958703001826,-0.008392701530801721,0.00692284171918267,9.835355273070244,10.112485332515192,-2.5636635016667113,-0.10572861521035576,-0.14382957950737296,1.5362415169868053,9.837169611826539,9.931507284665713,-2.4138058573007584,-0.06745348125696182,-0.3658624291419983,1.5992590188980103
27.366726875305176,9.875221773613257,10.068549431330107,-2.4889931436628103,9.100182557507012e-05,-0.0001125370337781458,7.139063162876408e-05,0.00720714066890834,-0.008400402978393152,0.006926003242500605,9.83017886056709,10.105274773307052,-2.485118590480986,-0.10357513851073427,-0.1341362019107976,1.4924529670447686,9.835611307993531,9.92443578960956,-2.352000370621681,-0.06392660737037659,-0.355219304561615,1.5672398805618286
27.42272686958313,9.878569292734257,10.057049869040922,-2.384798147715628,8.984679044906599e-05,-0.00011164265935231076,3.668088233641829e-05,0.007183015064291276,-0.008446593209686139,0.006935016359134857,9.827852480499649,10.099442181537942,-2.4156319324446183,-0.10022299333365269,-0.12398326656690609,1.4388632505148207,9.833309138193727,9.915682013059268,-2.2681814581155777,-0.05933821573853493,-0.3388698697090149,1.5065388679504395
27.462726831436157,9.877212537135598,10.051628443225875,-2.3250324316322803,8.956778214386678e-05,-0.00011097103329481401,2.2394037177457696e-05,0.007166043984126993,-0.008452176015908749,0.006941526333928147,9.82419080158012,10.093017396344637,-2.343148901490238,-0.09695006310624926,-0.11331199061628347,1.3725224826024367,9.831652605906129,9.910086805844912,-2.210712805390358,-0.05600172281265259,-0.3269899785518646,1.4558517932891846
27.526726961135864,9.838905311339094,10.0395802255228,-2.2193474704399705,8.853058181378328e-05,-0.00011016861497403535,-5.649349269753257e-06,0.007143451458282675,-0.008488715759588527,0.006949188100319588,9.821730988902784,10.088171065789096,-2.2794822967497876,-0.09339434782297007,-0.10276323643465135,1.3070303747115277,9.82934089936316,9.902498419309268,-2.123810186982155,-0.0504121333360672,-0.3071243166923523,1.3676420450210571
27.56672692298889,9.828101216031833,10.034023179265684,-2.1784346252679825,8.854259151302519e-05,-0.00010983584682918267,-9.18555408558428e-06,0.00713518081111259,-0.0084835801159935,0.006950903810995265,9.817515945754945,10.082761060209819,-2.213472239920132,-0.09039876759507438,-0.09176146363137772,1.2346140509032861,9.828013384714723,9.898451979184756,-2.0727771669626236,-0.04680991172790527,-0.29456210136413574,1.310445785522461
27.622726917266846,9.83153587375972,10.02585620097031,-2.1079050125554204,8.912522956877448e-05,-0.00010971455522277928,-9.273679366783374e-07,0.0071333624597377,-0.008457141947721741,0.006946591695860034,9.81319199232488,10.077553100756827,-2.1551247284461246,-0.08800115597995586,-0.08225644695841011,1.1678201772335204,9.826149905100465,9.893778975034365,-2.0055612474679947,-0.04203492030501366,-0.27700403332710266,1.2299786806106567
27.662726879119873,9.82759896800713,10.026385882502023,-2.0663028825074434,8.948925250237161e-05,-0.0001095957625921632,3.8160293407806795e-06,0.007131411181246029,-0.00844037636944187,0.006943529055677285,9.808720439924627,10.072940255975007,-2.0958031693669708,-0.08534564002893352,-0.07219193294072854,1.0971116207927598,9.824714625254273,9.890950377011904,-1.9604443460702896,-0.03886457532644272,-0.2647465169429779,1.1733431816101074
27.72672700881958,9.82687502725326,10.035470640339273,-1.9953256119042635,9.140489945688969e-05,-0.00010894075181533814,2.8601938609407048e-05,0.0071224992292337995,-0.008352175943025456,0.006938337654711387,9.80473839921894,10.067065933947767,-2.0438298856973964,-0.08298460204285826,-0.06459439351269002,1.0346276434710169,9.822211230173707,9.887412245298037,-1.8931809812784195,-0.03406839072704315,-0.24570393562316895,1.0859295129776
27.766726970672607,9.840831425827071,10.028169537631964,-1.9861832540482283,9.209875752594591e-05,-0.000108347765486515,3.5091792916395106e-05,0.007110695768964077,-0.008314305409670155,0.00693887695429211,9.801139297341512,10.062802628725358,-1.9917213975410042,-0.08009895801352465,-0.056272442404522435,0.9699417897976412,9.820533717051148,9.885671789670596,-1.8541511446237564,-0.031326089054346085,-0.23458732664585114,1.033805012702942
27.82272696495056,9.846145928222741,10.033427255594438,-1.9113195715472102,9.415258631783261e-05,-0.000107163079766959,5.8798180543063845e-05,0.007090545670866304,-0.008213433211182066,0.006935352822416439,9.798309209831418,10.057360491832899,-1.9459762049751974,-0.07731662559119253,-0.04996804501802357,0.9135999591638588,9.818220103159547,9.883657629514346,-1.8031133562326431,-0.027624234557151794,-0.21945881843566895,0.9642918109893799
27.86272692680359,9.844993276102993,10.027401344445584,-1.8841760186478496,9.539224896844404e-05,-0.00010628632712571475,7.264760230318172e-05,0.0070745723458119966,-0.008150126775842712,0.006927755884284302,9.795157967650653,10.05316984788274,-1.8990881278050302,-0.07427335425248875,-0.043386679240089016,0.8561343530651656,9.816630328074098,9.882416899228701,-1.769071713089943,-0.025077562779188156,-0.20966696739196777,0.9172391295433044
27.926726818084717,9.830251114496335,10.022703770957154,-1.8187400186434388,9.740836644918167e-05,-0.00010519682730471967,9.71243728973622e-05,0.007057163850973433,-0.008054671461658816,0.0069110943467941685,9.79246414113303,10.04843025903427,-1.857201256399222,-0.07127028040476081,-0.03876066448500858,0.8069584034921974,9.814298594370484,9.880869085813174,-1.7185918241739273,-0.020724043250083923,-0.19513876736164093,0.8470859527587891
27.966727018356323,9.833324384595958,10.017136894478515,-1.7864953512325883,9.745701319535079e-05,-0.00010512198633920759,9.770742509139225e-05,0.007054884778689896,-0.008052264810140312,0.006899763344303377,9.789064966054745,10.046417485177228,-1.81522924683555,-0.068430516150819,-0.03285095311419003,0.7569131096058306,9.812953913584352,9.880091841245303,-1.6892813593149185,-0.018143340945243835,-0.1867981106042862,0.8060607314109802
28.022727012634277,9.844443660653804,10.02094679602203,-1.74504030123353,9.757999564576726e-05,-0.00010522727577679132,9.979399495676468e-05,0.007057135409449851,-0.008051822750658614,0.006885201727350704,9.78599296431556,10.044692051805667,-1.7781944382732289,-0.06567242123601562,-0.02824797373403379,0.7141426942734747,9.811110461130738,9.879362280393252,-1.6507854610681534,-0.014450378715991974,-0.1760440319776535,0.7524661421775818
28.062726974487305,9.858638243602744,10.019745669003239,-1.7222029063850641,9.785019598090835e-05,-0.00010543817826076257,0.00010374445729427568,0.007063772764866006,-0.008047907013203744,0.006884601283614287,9.78246748531974,10.043013500287161,-1.7420355956201594,-0.06274113137629649,-0.0238140510400255,0.6707744412003004,9.809831583872437,9.879251654172549,-1.6250084787607193,-0.0117866899818182,-0.1685725897550583,0.7167133688926697
28.127051830291748,9.850559714752336,10.019230784845103,-1.688125791028142,9.829736687991414e-05,-0.00010505211569064987,0.00010906750747734386,0.007056347010523598,-0.00802404447474767,0.006885654905294881,9.78028055102742,10.041187875845974,-1.7107374505607877,-0.05960314553832827,-0.020526497963541713,0.6334304008710714,9.807910883799195,9.879327948117862,-1.5863702446222305,-0.007648862432688475,-0.15769997239112854,0.6636096835136414
28.167052030563354,9.849891490146335,10.02460731949526,-1.666572137735784,9.853230849308474e-05,-0.00010468731987405827,0.00011177321849388541,0.007048530807137049,-0.008007338830180516,0.006889053606788144,9.777884300261784,10.039780844879102,-1.6791034294125078,-0.05621522499055913,-0.01743145980394802,0.5957023546800851,9.80683227814734,9.879650290036807,-1.563850775361061,-0.005130128934979439,-0.1513223499059677,0.6326166987419128
28.22305202484131,9.84798728106777,10.03111661079402,-1.6565212029963732,9.815035381141102e-05,-0.0001040515554933556,0.00010657136625477657,0.007029283090177043,-0.008003753496897751,0.006896712607873004,9.77681175269572,10.03922310421555,-1.6521696855163361,-0.05254402059050804,-0.01466787332078453,0.5630749143396598,9.805546725168824,9.88031309368671,-1.5342568308115005,-0.0015179136535152793,-0.14313723146915436,0.5920484662055969
28.263051986694336,9.845165281021277,10.027321825114376,-1.6389611968770623,9.81537581860078e-05,-0.00010319698654037548,0.00010698707739191746,0.007007152262994326,-0.007981555937500672,0.006895659362083278,9.775563027626458,10.03828315065421,-1.6236758290725015,-0.04844480525593046,-0.012526481456876808,0.5300720026167028,9.80485531128943,9.881067450070987,-1.514572873711586,0.0012597674503922462,-0.13753505051136017,0.5646340847015381
28.327051877975464,9.848995773613224,10.018504217247674,-1.5846162792295218,9.836970186562328e-05,-0.0001012992001832804,0.00011133933221856707,0.00695968635622821,-0.007923834720249571,0.006901591580426501,9.776246961261513,10.036909877996512,-1.5995804837055831,-0.04402365959123612,-0.011413527441990347,0.5016769895671152,9.804206812754273,9.88256567242206,-1.4852570444345474,0.005830107722431421,-0.12943671643733978,0.5237961411476135
28.36705183982849,9.826474541008116,10.019309424936615,-1.5445740018039942,9.836472066347446e-05,-0.00010010273628314585,0.0001128861090681846,0.0069288572089759816,-0.007890456991525687,0.006910247268950578,9.775808395952962,10.036026515886965,-1.575164903555579,-0.03994569932638628,-0.01048735674790318,0.4730786586020164,9.804113352671266,9.883513624692569,-1.4680637270212173,0.00863704178482294,-0.12493202090263367,0.5001763105392456
28.407052040100098,9.79890849346448,10.023987991049164,-1.5045547531917691,9.829875728379524e-05,-9.791017072652889e-05,0.00011600896058657047,0.0068716889934635535,-0.007829700074086706,0.006923028805950445,9.77724191629099,10.035089690301579,-1.5561332115850595,-0.03562508301091128,-0.010153699249045335,0.4503597245419392,9.804263079538941,9.884475882077822,-1.4517040401697159,0.011609726585447788,-0.12086693197488785,0.47782739996910095
28.46305203437805,9.800600369153587,10.029696409152214,-1.4826386151835322,9.747233421415379e-05,-9.697131184861998e-05,0.00010815500121669886,0.006840329446418137,-0.007826637164058093,0.006929079843919305,9.777061142023426,10.03532154471448,-1.5322960678900244,-0.030978805400128814,-0.009439946620561369,0.4236560453771052,9.804808581247926,9.885832006955752,-1.4300712496042252,0.016144685447216034,-0.11564765870571136,0.4485359787940979
28.52705192565918,9.80345971532763,10.02733803534595,-1.4882339145988226,9.62435074753811e-05,-9.596748837487798e-05,9.608533346207296e-05,0.006803288888883083,-0.007832715029505081,0.006934084231245668,9.777708109047552,10.03611351938332,-1.5130008886968962,-0.027034346900365325,-0.008786209329412566,0.4022038983576504,9.805819476023316,9.887639219785342,-1.4071114212274551,0.02122548222541809,-0.11010786145925522,0.4176667034626007
28.567051887512207,9.810776672994475,10.028225557349524,-1.456720263697207,9.621445947430853e-05,-9.536244993912045e-05,9.768957507752082e-05,0.00678701914592446,-0.007815549311431988,0.006932606593090291,9.777303343587333,10.03554429730102,-1.4924130311434771,-0.023276174239342334,-0.009422861772225323,0.38064259405110923,9.80658527649939,9.888958151364932,-1.3936158567667007,0.024541202932596207,-0.10696732252836227,0.3994952440261841
28.62305188179016,9.80758955685977,10.02764775965358,-1.4321303339675069,9.561139820655335e-05,-9.471076722220054e-05,9.29560978594714e-05,0.006764069630417048,-0.007812708402410544,0.00693254207153187,9.777537784242845,10.03566377345535,-1.4744551580664442,-0.019987368159277555,-0.009993941539770559,0.3622755648249061,9.807789767161012,9.890759642148623,-1.3755777031183243,0.028687482699751854,-0.10307903587818146,0.37609022855758667
28.66305184364319,9.806573184477305,10.034210377007927,-1.4539241809397936,9.469339866882237e-05,-9.397620725610289e-05,8.524024869033001e-05,0.0067356181470464346,-0.007815213292904964,0.0069326153083524725,9.77810095197037,10.036093833110185,-1.456125299711575,-0.016524882847056614,-0.010639641549359653,0.34318317977366314,9.808656657114625,9.892077620053897,-1.3633539825677872,0.03137144818902016,-0.10052258521318436,0.3601410686969757
28.727051973342896,9.810291529774835,10.033993657988587,-1.4348103213123977,9.402454277666752e-05,-9.419841498153376e-05,7.667421900762312e-05,0.0067345725953936965,-0.007840738560683066,0.006928973908649215,9.77750164250123,10.036415871991055,-1.439640474127194,-0.013919717911693337,-0.011616168412640434,0.3268846070335977,9.81017586030066,9.89415186169208,-1.3447750955820084,0.03559184819459915,-0.09698285162448883,0.33634814620018005
28.767051935195923,9.80508147447026,10.024917222435967,-1.412870635278523,9.268330375796067e-05,-9.440027020180782e-05,6.065250016994321e-05,0.0067256921759272165,-0.00788346617436051,0.006922603366500613,9.777382454267526,10.037418351637031,-1.4223662329378006,-0.010995431742365742,-0.012483667924095863,0.31014217030917757,9.811140978708863,9.8955423188454,-1.3338260799646378,0.038107313215732574,-0.09489075839519501,0.32236790657043457
28.823051929473877,9.797723884227956,10.030315307102196,-1.3877579355612397,9.221435224774602e-05,-9.432359213874862e-05,5.581305688975829e-05,0.006718573853489488,-0.007893362104804217,0.006921018550960734,9.777281155997947,10.037329304329338,-1.4076304866737512,-0.008631688704690381,-0.014051360889583496,0.29544732900424725,9.812457049265504,9.897558386350283,-1.3193159252405167,0.04110395163297653,-0.09230878204107285,0.3037877678871155
28.863051891326904,9.793745820435998,10.022101533663015,-1.3607002263888717,9.204627982837055e-05,-9.329457879517501e-05,5.924164558836029e-05,0.006689418925800409,-0.007863210197002769,0.00692827484453906,9.778382141179124,10.036560551006987,-1.3945407381296537,-0.005903957242273951,-0.016031822436429144,0.2813916710761138,9.813369715586305,9.899014647031436,-1.3094836622476578,0.04298302158713341,-0.09043966233730316,0.29123443365097046
28.92705202102661,9.804008098800866,10.014581611076908,-1.334739183075726,9.154621562088647e-05,-9.29755289551486e-05,5.537929217275783e-05,0.006675450080534234,-0.007864843921703668,0.006935128622419606,9.778823570993282,10.036167251354177,-1.3810019882940088,-0.003773846384351779,-0.018240267871646336,0.2669334922341691,9.814882243052125,9.901008780027041,-1.2945392280817032,0.0455661416053772,-0.08835037797689438,0.27221933007240295
28.96705198287964,9.781775048851031,10.016784865224013,-1.3431039722636342,9.099531953365602e-05,-9.32338358648268e-05,4.752194938022757e-05,0.006676365806969565,-0.007886441976239257,0.0069517237508207085,9.778646042460855,10.035738954765911,-1.3693096693428857,-0.0021804957297910195,-0.02059725054335246,0.2530122861097396,9.815849268808961,9.902112181211123,-1.2857471853494644,0.047010209411382675,-0.08724214136600494,0.2609230577945709
29.031051874160767,9.785764027865074,10.0167499185674,-1.3279504040256143,9.048366349545435e-05,-9.348242911762648e-05,4.028836222330732e-05,0.006677277174127141,-0.007907003363351496,0.006961657609773081,9.778513301446443,10.03530247955795,-1.3585419170023116,-0.0006870133382724872,-0.022759275743129626,0.24129266956079515,9.81727978028357,9.903633291745791,-1.272507205605507,0.04901963472366333,-0.0858842059969902,0.24408233165740967
29.06305193901062,9.77923203548775,10.028601333398795,-1.2917324462905526,8.915014213521778e-05,-9.412935510341646e-05,2.205284569972868e-05,0.006678567764135143,-0.0079615362430448,0.006960198107486878,9.778307405396244,10.035783127549799,-1.345969478112457,0.0005335388387086649,-0.024724838940267568,0.22945156851025195,9.81789299286902,9.904318029904971,-1.2662419229745865,0.04973283410072327,-0.08531870692968369,0.23613101243972778
29.12737798690796,9.787271017344265,10.03189765727866,-1.285156400874257,8.838073189394774e-05,-9.440330819950733e-05,1.2315191110227896e-05,0.006676262282432665,-0.007989644346649864,0.006953451795656135,9.77838606734638,10.035554246174984,-1.3343432254972176,0.0016755687225695592,-0.027155737367013294,0.21933542690421334,9.81890388764441,9.905607397580752,-1.2541630417108536,0.05089211091399193,-0.08445174247026443,0.22110284864902496
29.167377948760986,9.799212393360623,10.023579184687256,-1.2815282130613923,8.586456238852318e-05,-9.487688581838992e-05,-1.6963262221537744e-05,0.006657299022480143,-0.008064961639651856,0.00695087380883554,9.77910189023552,10.037301259231345,-1.3228697852535662,0.0030322763468986318,-0.028411182369730944,0.20867517321722828,9.819450343027711,9.906317884946475,-1.2468035370111465,0.05148906260728836,-0.08395088464021683,0.21235133707523346
29.22337794303894,9.799816127349372,10.029376240091658,-1.2529263580217957,8.476619817185957e-05,-9.488688216288125e-05,-2.82498579914953e-05,0.006643425156199836,-0.008090522558466954,0.0069486315758601905,9.779788975699224,10.037278203973537,-1.312742525945744,0.00417898646915044,-0.030697258456023124,0.19955460900075397,9.82016178406775,9.907358343625674,-1.236817255616188,0.051991309970617294,-0.08325430750846863,0.2007157951593399
29.263377904891968,9.811855886758874,10.027931055989574,-1.2309579122811556,8.306653311564693e-05,-9.456141917429788e-05,-4.283860418800225e-05,0.006611843247358709,-0.008117546483890833,0.00693534444560548,9.781333283614856,10.037724614956048,-1.3008923196215658,0.005752946253493567,-0.03277946063618821,0.1899951845402711,9.82067676819861,9.908193762326846,-1.2299828678369522,0.05236748605966568,-0.0826798751950264,0.1926986575126648
29.327378034591675,9.818110845792587,10.026895460609463,-1.2284290166571736,8.261244663875731e-05,-9.446707957492113e-05,-4.647735277392925e-05,0.006602766878284958,-0.008124706078632627,0.00692454400909405,9.782057682585192,10.036651329858245,-1.2906026585695622,0.0067982795891583635,-0.03544164583896764,0.18143276227222802,9.82163997925818,9.909479315305362,-1.2194743305444717,0.053002387285232544,-0.08165085315704346,0.18031714856624603
29.367377996444702,9.815563774405183,10.022918661988669,-1.2172483019530773,8.1568447659981e-05,-9.374780200069175e-05,-5.105769016484424e-05,0.0065685603689008614,-0.008121389545588711,0.006913122857872681,9.783939579762666,10.035951546314484,-1.2798916918192478,0.008774282033896174,-0.037950417100309275,0.1726073507054807,9.822338068857789,9.910185987973819,-1.2130105644464493,0.0536617785692215,-0.08108912408351898,0.17313620448112488
29.423377990722656,9.820680952725782,10.020914093443468,-1.2235361449420452,8.084130236768745e-05,-9.413675937501329e-05,-6.125183637231387e-05,0.006568740753479663,-0.00815167233297115,0.0069099883167845445,9.784334550503026,10.035031699253178,-1.2713572091165393,0.009801069028557657,-0.04045118031571804,0.16444034813975716,9.8234548214823,9.910918409848819,-1.2040456682443619,0.05457470193505287,-0.08066148310899734,0.16337630152702332
29.463377952575684,9.841726472623543,10.01613932705557,-1.2153080040588975,7.933755232050039e-05,-9.516895749008312e-05,-8.450747012095572e-05,0.006575275964771468,-0.008222227451056847,0.006917159881918879,9.784577343438308,10.03486780168431,-1.2637556125636007,0.010703317620457701,-0.04248735659174079,0.15545850835138783,9.824335062876344,9.911315138364444,-1.1978632360696793,0.05519485846161842,-0.08034611493349075,0.15635670721530914
29.52737784385681,9.850083597772132,10.013758325312258,-1.2233346840366721,7.894151532360405e-05,-9.537772625288256e-05,-9.028817633885952e-05,0.006575220659995814,-0.008238312603880563,0.006924984139017618,9.785236262965363,10.03324329888872,-1.2573611656568373,0.011702498736857848,-0.0450643667158318,0.14746064192409208,9.825722659006715,9.911840612912783,-1.188545599579811,0.05603468418121338,-0.07973696291446686,0.14554661512374878
29.567378044128418,9.850028862537377,10.006279029746588,-1.185640912503004,7.77784355619858e-05,-9.600099528310488e-05,-0.00010698394940996051,0.006574829243873283,-0.008285726777290666,0.006935363636846116,9.785965179991983,10.032267728853078,-1.2509622139914203,0.012787561861401491,-0.04730791988907487,0.13918586172800687,9.826643908396363,9.912023718381533,-1.1831351667642593,0.056596167385578156,-0.07950109243392944,0.13917939364910126
29.623378038406372,9.8374183248495,9.998644768064572,-1.2089973455294967,7.755115869340857e-05,-9.612155755673818e-05,-0.00011024211263030037,0.006574441364325047,-0.008295058372377585,0.006935956344467517,9.786719108506336,10.03014172616555,-1.2444566639978507,0.013901249228046668,-0.05014840003393905,0.13195587533334158,9.82798477448523,9.91205137493671,-1.1760327965021133,0.05725101754069328,-0.07931944727897644,0.13036417961120605
29.6633780002594,9.85327989644173,9.994942384426428,-1.2469761753454804,7.678534834536581e-05,-9.665868968882409e-05,-0.00012220915067231094,0.006576692784859745,-0.008331462652426644,0.006933375006612968,9.787463447639853,10.028565811127908,-1.238005739720413,0.014798310094387276,-0.05248092421006354,0.12525968379973462,9.829002344980836,9.911877806211123,-1.1712767034769058,0.05766263231635094,-0.07920931279659271,0.1243661493062973
29.727377891540527,9.848405765335905,9.994830058434077,-1.2524919183924794,7.620684896724257e-05,-9.659987776507352e-05,-0.00012699551298065904,0.006565793532390435,-0.008340631016602663,0.006930471566825965,9.788760262138977,10.026438496690616,-1.2314094367170358,0.016220357039668894,-0.055218682085936076,0.11813939853953258,9.830704653635621,9.9111673188454,-1.16419018805027,0.058410074561834335,-0.07944676280021667,0.1151810958981514
29.767377853393555,9.860961308239558,9.992448287175959,-1.2615564316511154,7.575466310269827e-05,-9.605672757578837e-05,-0.00012609687632750199,0.00654317783282586,-0.008328555102260505,0.006925275236489217,9.790913606367036,10.023870083644606,-1.2249823495923342,0.0178041326365953,-0.05777217320431136,0.11174461013214744,9.831852877512574,9.910547430539737,-1.1601468473672867,0.058801162987947464,-0.07937516272068024,0.1099611297249794
29.82337784767151,9.865565570840111,9.994336042293009,-1.2567423302680254,7.575084540481485e-05,-9.521965470486516e-05,-0.00011825766643430937,0.006519933690939425,-0.008295884972746158,0.006921786036240107,9.793044460016548,10.020854274552088,-1.2194225671893657,0.019431908374213325,-0.06050774302062445,0.10619007938981413,9.83364006318152,9.909441168332705,-1.1549053341150284,0.05947987362742424,-0.07949363440275192,0.10301537066698074
29.863378047943115,9.86287511852682,9.996860474993651,-1.2355344090610743,7.477929552943846e-05,-9.411736249455903e-05,-0.00011637416609849891,0.006473475280358357,-0.008270306528431791,0.0069176507764780884,9.796233612866455,10.018697301370556,-1.2137441439240653,0.02151814427413439,-0.0625507085205898,0.10074384462540752,9.835144961252809,9.908400709653506,-1.1514681726694107,0.06021181493997574,-0.07961929589509964,0.09853395074605942
29.927377939224243,9.865052729378089,10.004318072642745,-1.2512882044538856,7.384232862049892e-05,-9.36238606124984e-05,-0.00011973963457815996,0.006444204997321684,-0.0082678367283661,0.006911292706728458,9.798462877736965,10.016858391350892,-1.208402046075549,0.023164034942991067,-0.06413275712903603,0.09610974917496538,9.837905848398805,9.9064704728371,-1.146478071808815,0.06134501472115517,-0.07964421063661575,0.09175429493188858
29.96737790107727,9.86746840932775,9.999883841046985,-1.2513393862172961,7.24672569919777e-05,-9.31061718577753e-05,-0.000126399721842424,0.006406253732316999,-0.008272409233124204,0.006895545518327398,9.801269600072553,10.01526384363893,-1.2018748238511827,0.024907266925137797,-0.06556917011911055,0.09183189245658753,9.839845621958375,9.905203993344912,-1.143527403473854,0.06221374124288559,-0.07966052740812302,0.08817251771688461
30.023377895355225,9.868060109273541,9.999818727008956,-1.2405895376577973,7.217782906253856e-05,-9.231483841413334e-05,-0.0001208507972519483,0.006379284290498276,-0.00824584286904289,0.006887618496512794,9.803765891871416,10.012349413426085,-1.1967074721336486,0.026434527722910467,-0.06738163382181896,0.08813885509040818,9.842754328623414,9.903505499387393,-1.1395322233438492,0.06334719061851501,-0.07929622381925583,0.08331725001335144
30.063377857208252,9.872114597300573,9.997980774265965,-1.2130829421803355,7.233985911040165e-05,-9.11701790871594e-05,-0.0001076359284287607,0.006349876027163317,-0.008197574111819289,0.0068715545314345875,9.80696316313507,10.008373588988261,-1.1903587470156867,0.028195805241935153,-0.06957191160470196,0.08438607507531612,9.844973528757691,9.902213270688662,-1.1367784887552261,0.06420059502124786,-0.07903381437063217,0.08017944544553757
30.127702951431274,9.877734141044273,9.992639828655216,-1.223588865250349,7.236621311909424e-05,-9.066153221593661e-05,-0.00010212323664648897,0.006336047145830737,-0.008176682224967395,0.006867120774744875,9.809167998727412,10.004857276272027,-1.1859255518102447,0.029343442919407305,-0.07126720185509139,0.08089985125143759,9.84880062378943,9.899879629636416,-1.1325054317712784,0.06558898091316223,-0.07848607003688812,0.07541113346815109
30.1677029132843,9.875418857233777,9.983260756734632,-1.1963615529239178,7.285402913380723e-05,-8.908768217360199e-05,-8.157577161563122e-05,0.006301022356348352,-0.008104149242166344,0.006863515161578283,9.812828180645024,10.000129429151308,-1.181426255048323,0.030906405968081016,-0.07329983408041477,0.0774216486264242,9.851268732920289,9.898214514279971,-1.1299343258142471,0.06616295129060745,-0.07819690555334091,0.07269033789634705
30.223702907562256,9.877916715354422,9.97359723060437,-1.1780926315113902,7.294832124059995e-05,-8.802015717299153e-05,-6.942516173261854e-05,0.006273049523490204,-0.00805847012728536,0.006860873956989306,9.815788968035616,9.99624910008352,-1.1774665781929452,0.03213980404521561,-0.07450500314792,0.07422590020383621,9.854835474863648,9.895633871579776,-1.1265221983194351,0.06711455434560776,-0.07751648128032684,0.06892496347427368
30.263702869415283,9.884447912110076,9.98007524994983,-1.1798981437459588,7.315422097344283e-05,-8.660483462827909e-05,-5.258151298988827e-05,0.006237358437424418,-0.007996537629697181,0.006860164004908463,9.819551049032613,9.991772190530703,-1.1736422130568975,0.03337418628503833,-0.07562540062090263,0.07079018212292675,9.857510531321168,9.893570120359072,-1.1242028623819351,0.06768542528152466,-0.0771111249923706,0.06633076071739197
30.32770299911499,9.887421752132045,9.980003006074998,-1.1748349256813526,7.305636540209068e-05,-8.61894450119106e-05,-4.8944815194666386e-05,0.006223977889627095,-0.007980794483789367,0.006863413156757811,9.82191502257768,9.988181813494757,-1.170737569140418,0.0338402284899821,-0.07622934993983381,0.06776376312692069,9.861962283030152,9.890018637204776,-1.1206308752298355,0.0683877244591713,-0.07621072232723236,0.062352728098630905
30.367702960968018,9.879314298721056,9.984130545083401,-1.140616225078702,7.271389696694547e-05,-8.535188205066007e-05,-4.258397106372187e-05,0.006194236785140198,-0.007951029060486085,0.0068687256887117335,9.825193720250272,9.984573769384216,-1.1678733035861342,0.03421630792822562,-0.07653100468322939,0.06465915650724359,9.864771807566285,9.887731726194033,-1.1185851246118546,0.06847866624593735,-0.07558470964431763,0.06010426580905914
30.42370295524597,9.874148733165793,9.974387214505288,-1.1437446316704154,7.262257890474936e-05,-8.481153199760402e-05,-3.729048167483328e-05,0.006177430664470424,-0.007929540932071048,0.006870506551518941,9.827672975495341,9.98093948453605,-1.1650245748244275,0.03437280435110713,-0.07652117670719229,0.06188165637862254,9.86869522370398,9.884576017881045,-1.1160620599985123,0.06855031847953796,-0.07427944242954254,0.0566592812538147
30.463702917099,9.871815858690601,9.970344894879975,-1.1427058577537537,7.171099978768091e-05,-8.34903400260153e-05,-2.9341761184411555e-05,0.006122904523448416,-0.007886517062036665,0.0068750413750451305,9.83163473500465,9.978092163245972,-1.1624181871272925,0.03488381197769407,-0.0757222650455742,0.059088369159264444,9.87144180573523,9.882315809751162,-1.1143994480371475,0.06842359155416489,-0.0731862261891365,0.05449870973825455
30.527703046798706,9.876012877565968,9.964534659643729,-1.1362704942002892,7.056569664102266e-05,-8.260807030044832e-05,-2.780907322148342e-05,0.006075408704458194,-0.007865035917384374,0.006878225069656441,9.835012950211274,9.975957869573898,-1.1600186478782881,0.03509448936911276,-0.07449269789975248,0.05677580155694722,9.875797236338258,9.878800566220889,-1.1118940263986588,0.06811131536960602,-0.07096108794212341,0.05128062888979912
30.567703008651733,9.86732008706088,9.972696340171796,-1.1658710045740008,6.993347154726865e-05,-8.238357886274845e-05,-2.978360334293249e-05,0.006056255778237575,-0.007864372403448764,0.0068753044019208695,9.837390462983148,9.973012264346492,-1.1568125261253548,0.03438798285057114,-0.07315749885959229,0.05481788637546051,9.878461802378297,9.876720602536807,-1.1104616075754166,0.06755794584751129,-0.06924013048410416,0.04954128712415695
30.623703002929688,9.898916279437342,9.968725171974398,-1.1654795100912452,6.920368676443015e-05,-8.172668304141389e-05,-2.716331475401085e-05,0.0060224963207531354,-0.007846433333090366,0.006867353101296743,9.840361519945423,9.970504982872505,-1.1532886509582594,0.03396634612413041,-0.07162597385670842,0.053234503895987356,9.882068598642945,9.874086554074893,-1.1085771471261978,0.06668996810913086,-0.06638409942388535,0.047308165580034256
30.663702964782715,9.915399950088108,9.966876205565736,-1.176067483611405,6.896114003476017e-05,-8.157721024079501e-05,-2.7007851549303965e-05,0.006012912990562257,-0.007843757194875272,0.006859908972431485,9.842591157171656,9.967163228896506,-1.1496896392392828,0.032860530675039336,-0.07001377991169,0.051507687300167325,9.884510958567262,9.872319395566592,-1.1072706133127213,0.06574694812297821,-0.06420090049505234,0.04583429917693138
30.71970295906067,9.934266868320416,9.964325027963804,-1.1673469683155417,6.777070902053789e-05,-8.156820215682096e-05,-3.5217759659640766e-05,0.005987033621030593,-0.0078600781737359,0.00685237665504677,9.844908291664051,9.965878406974088,-1.1466677040827251,0.03193487909703278,-0.0676053765542455,0.05019394996951122,9.887865031138062,9.870047743344912,-1.105460062623024,0.06445681303739548,-0.060676369816064835,0.04383057355880737
30.759702920913696,9.920899808287283,9.95741811647938,-1.163515031337738,6.724509269170563e-05,-8.084907425839578e-05,-2.9965221643515257e-05,0.005955298804474643,-0.007835489644555866,0.006849313350387922,9.847811150708454,9.963092781641745,-1.1437810683617597,0.031092822024340626,-0.06551459936338686,0.04873190748753597,9.89020344056189,9.868539030576358,-1.1040771156549454,0.06341444700956345,-0.05802421644330025,0.04274488985538483
30.799702882766724,9.919123913535454,9.944527252811433,-1.1604754207655787,6.673534816098743e-05,-8.054542746552494e-05,-2.964743365020249e-05,0.005935423507530971,-0.0078288978157603,0.006845820463113538,9.849908322205746,9.9609260144661,-1.1412848757103808,0.030061796694606496,-0.0634760268804495,0.04763013496778634,9.892494166269898,9.86718767407001,-1.1026543527841568,0.06219172477722168,-0.05534328892827034,0.0416678860783577
30.86370301246643,9.900814666686946,9.942195292811007,-1.182608375325799,6.551699378512383e-05,-7.920055441369503e-05,-2.089398023207941e-05,0.005870299487265044,-0.007784389239525921,0.006845901769018381,9.853915359176655,9.959005824156982,-1.1389214163689119,0.029391024876872937,-0.060617665482153,0.04591025885754532,9.896221125498414,9.86529272320331,-1.100402608513832,0.06027673929929733,-0.05084747076034546,0.039917733520269394
30.919703006744385,9.899657507458844,9.953804255255587,-1.165950675494969,6.424560931038903e-05,-7.885756996721372e-05,-2.4929514740331354e-05,0.005832082359400167,-0.007784527039581638,0.006851525525443794,9.8563657489052,9.957965195902407,-1.1376996570316356,0.02816451472269619,-0.05773237956727159,0.044334951440916856,9.899457896128297,9.863856489682803,-1.0987105518579483,0.05849727615714073,-0.04676034674048424,0.03825627639889717
30.959702968597412,9.901134338279842,9.950662842149427,-1.1667330851778388,6.36295231734552e-05,-7.886929258639909e-05,-2.9097424432449472e-05,0.005818447143934918,-0.007792387406521311,0.0068555693511458,9.858089941278974,9.955934852367571,-1.1360609850254093,0.026367505240476128,-0.055190649078002856,0.04273056771871314,9.901660883799195,9.86298673870624,-1.097614660859108,0.05715228617191315,-0.043816935271024704,0.037061166018247604
31.02370285987854,9.905343673378649,9.953704808011908,-1.1601967997848988,6.244725880355044e-05,-7.881965062944124e-05,-3.5866929697032275e-05,0.005789758256079922,-0.00780411842622245,0.006855942942996831,9.859983857046698,9.95513480531691,-1.1342978975975682,0.02491568858708987,-0.05225852707864132,0.041382621669687335,9.904885256662965,9.86190145733417,-1.096020594239235,0.054834164679050446,-0.03891164809465408,0.0352410189807415
31.063702821731567,9.907615910874346,9.959944575008786,-1.1400457713752985,6.187159580035795e-05,-7.856309026970389e-05,-3.5992081937619386e-05,0.005768936952086722,-0.007799233751848996,0.006853645560279488,9.861764447528499,9.95354738559084,-1.1320892403247673,0.023344115164128137,-0.04991369588511877,0.04039111845159115,9.90669914521277,9.861410315061221,-1.0951638370752335,0.05310550704598427,-0.03588912636041641,0.03436651453375816
31.12002682685852,9.917366559243789,9.95069405779969,-1.1411488754674792,6.112315451083709e-05,-7.816413682156832e-05,-3.527521954253672e-05,0.005739690263125309,-0.007789785855365816,0.006854319826369626,9.863987395412176,9.952104687085914,-1.1301942163989138,0.021838310449069982,-0.047250226761548955,0.03917947576853659,9.90901562012732,9.860983068967471,-1.0941604524850845,0.0508197546005249,-0.03159978240728378,0.032959651201963425
31.160027027130127,9.922269980542554,9.949936628816927,-1.1587950829416513,6.083785408558068e-05,-7.795463727250067e-05,-3.420017372569507e-05,0.0057267784846504214,-0.007783510717366127,0.006855199668178426,9.86559143647002,9.950112150291352,-1.1283789651112126,0.019886498242247107,-0.045116562122233785,0.03810191633789102,9.910585368052125,9.860812361264834,-1.0934587866067886,0.04901381954550743,-0.028616003692150116,0.03202006593346596
31.224026918411255,9.917794608652436,9.956349101827506,-1.133653411641717,6.0184141322153475e-05,-7.643490980878722e-05,-1.7527929080433417e-05,0.005667315027427847,-0.007720903399021779,0.006857976082812632,9.868881859148235,9.948866409315276,-1.1270124008315894,0.019211758487682477,-0.04295184445419953,0.037121991400656605,9.912899935618043,9.86065405132831,-1.0922955423593521,0.046134717762470245,-0.024158570915460587,0.03069412149488926
31.264026880264282,9.910040736583499,9.955810064868507,-1.123837327118963,5.9396753795305145e-05,-7.558480555987656e-05,-1.0343562626689039e-05,0.005623549598095448,-0.007689862532493193,0.006857246525091467,9.871226034912816,9.947825756532751,-1.125049876997022,0.018016023305170506,-0.04060534324115174,0.03633125742995923,9.914310419932008,9.860628302121768,-1.0916117578744888,0.044489536434412,-0.02150082215666771,0.03000987507402897
31.320026874542236,9.899079536053359,9.970000275656902,-1.1027643997222185,5.8490322325515797e-05,-7.383717727692164e-05,8.679625495431071e-06,0.005550894250812768,-0.007618377473251124,0.006855183822863734,9.874659500721949,9.947245692699854,-1.123041781343335,0.0174576291264518,-0.038533723022572006,0.03580947781868426,9.91632648743689,9.860743696714053,-1.09065081179142,0.04230726510286331,-0.01790361851453781,0.02918429486453533
31.360026836395264,9.90740276913327,9.975259221481693,-1.0956332013010979,5.7918227227500565e-05,-7.330878956622905e-05,1.2889426445952847e-05,0.005521436184003186,-0.007599550830178913,0.006856515780281821,9.876434533081085,9.946207825385454,-1.1213516540324673,0.016210560610732075,-0.03646248140333374,0.03519660803416983,9.917747462168336,9.860979254270205,-1.0899199396371841,0.040890034288167953,-0.015384277328848839,0.028687527403235435
31.42402696609497,9.919325804832514,9.967758577822558,-1.1071338751353323,5.697678432082059e-05,-7.298471573573478e-05,1.2317915634782602e-05,0.0054884104637499265,-0.007593684095968124,0.006862293111015683,9.878057425685286,9.946063217909941,-1.1204321889667974,0.014973897239632772,-0.03440992384834099,0.034457356415540576,9.919996226206422,9.861595327878604,-1.0886935144662857,0.03885769471526146,-0.011544930748641491,0.027894968166947365
31.464026927947998,9.904256868322696,9.9672750425692,-1.1185292303562164,5.614191900450248e-05,-7.261678650345741e-05,1.3131399564597988e-05,0.005456544303704099,-0.0075842705141663,0.00686516474480635,9.8795549317442,9.945652178736374,-1.1190828504089365,0.01389421132632989,-0.03246039493906379,0.033858907381136984,9.921252215281129,9.862127478147158,-1.0879075676202774,0.03773454576730728,-0.009329404681921005,0.02749207615852356
31.520026922225952,9.912014017645692,9.96319320553739,-1.0997011279687285,5.429777691377105e-05,-7.207455180629909e-05,1.1491394851588306e-05,0.0053931864714595905,-0.007575753689002741,0.0068649446578121645,9.881539746681078,9.9470734400151,-1.117493150235245,0.013112719369080756,-0.02995624401914678,0.03294770127987906,9.922889674082398,9.863059217954287,-1.0867959409952164,0.03609199821949005,-0.0062652043998241425,0.026426635682582855
31.56002688407898,9.895946654442172,9.962218505069272,-1.101875166175887,5.308385131829339e-05,-7.223311611249962e-05,3.34895464553001e-06,0.0053660137382117255,-0.007594012156017007,0.006861093270127745,9.882328664277864,9.947556778916956,-1.1153340742900049,0.01174166328279592,-0.02797955427428466,0.03223018496905221,9.924022639170289,9.863847906613955,-1.0859698206186295,0.03507953882217407,-0.004181391559541225,0.025801070034503937
31.624027013778687,9.916561685024833,9.965887680001797,-1.0719952043145895,5.0878355955461914e-05,-7.162889418299663e-05,1.3806993531209087e-06,0.005290435663189778,-0.007584731608896939,0.00685737901782221,9.884324429712553,9.949806510543477,-1.1132911977166824,0.01121251210759956,-0.025523744715514482,0.031480930441684915,9.925573313608766,9.865522558713565,-1.084514632821083,0.033239226788282394,-0.0008222461328841746,0.024851491674780846
31.664026975631714,9.91047134966197,9.971162648301354,-1.0581733984872699,5.006570076499702e-05,-7.150301406494987e-05,-6.316489309312037e-07,0.0052651735862199725,-0.00758575176391211,0.006855650452787856,9.885309557057724,9.949865704199665,-1.1113811176993742,0.010113116383523336,-0.023996314005112245,0.030698768336029157,9.926411593332887,9.866856749082217,-1.0835610777139664,0.03204626217484474,0.0014699585735797882,0.024262504652142525
31.720026969909668,9.899080277219145,9.96254502028603,-1.0875829132273793,4.824562177576311e-05,-6.990620247204522e-05,1.4010959928871625e-05,0.005170297431011797,-0.007525092808885586,0.006851204960070322,9.888359337363807,9.951562544010038,-1.1093421469416864,0.010374238312383523,-0.021964995134122728,0.029765896782446358,9.927517855539918,9.868889982724795,-1.0822153240442276,0.030655905604362488,0.004529984202235937,0.02320391871035099
31.760026931762695,9.90826974498281,9.96098077939804,-1.0862357141450047,4.765043197411403e-05,-6.922384813938007e-05,2.1222568390871216e-05,0.005134478938019151,-0.007497513649148776,0.006848301388439003,9.889950550316096,9.95132847051896,-1.1074133760867055,0.009847694095211787,-0.021243018323491746,0.028724880146437537,9.928317034617066,9.87049692394794,-1.081244483590126,0.02973771095275879,0.006368980742990971,0.022515634074807167
31.824026823043823,9.890967618674388,9.960597439294329,-1.1007639924064279,4.7373700274113526e-05,-6.876680038296254e-05,2.663437862657679e-05,0.00511383001025452,-0.007477957567048985,0.006847797526456112,9.891078950578471,9.950761039583865,-1.105942025912257,0.009313516462444738,-0.020811434543775036,0.027768945278924862,9.929657900705934,9.873034651303897,-1.079782024025917,0.02859031781554222,0.009209525771439075,0.021298540756106377
31.86402702331543,9.892583148629761,9.953476716260003,-1.109960830770433,4.711710018259397e-05,-6.8757977160281e-05,2.5602284865832322e-05,0.005106563967066111,-0.0074794275273096875,0.0068501032100831746,9.891612591227274,9.950110141152921,-1.104865432339158,0.008419141027953674,-0.020539995994202104,0.02657853258053029,9.93038078583777,9.87448518993915,-1.078905001282692,0.027820054441690445,0.010669617913663387,0.020534677430987358
31.920027017593384,9.909151670740322,9.954536216059367,-1.1304413378238678,4.6144921723977115e-05,-6.875257159689484e-05,2.147200843852159e-05,0.005079403935957214,-0.007486361493618863,0.006851483449997054,9.892309060719121,9.950714040347863,-1.1039395232401952,0.007839274568847905,-0.019918411278887133,0.02550850685400606,9.9311847332865,9.876330549741397,-1.0778585821390152,0.026896320283412933,0.012139923870563507,0.019360866397619247
31.96002697944641,9.911093141080126,9.946728171883262,-1.1549647990614176,4.4590138050944847e-05,-6.911504588449639e-05,9.67644265217465e-06,0.005046065975292858,-0.007514861726338872,0.006849440704741385,9.892648173207569,9.952241939481931,-1.102647173073037,0.006653761568847057,-0.019072648830202966,0.02459558196508734,9.931610072031617,9.877554113889346,-1.0771807581186295,0.02582422085106373,0.012927215546369553,0.01866486296057701
32.02402687072754,9.922404151351998,9.93898659697961,-1.1631452776491642,4.3595198713653285e-05,-6.955002315049444e-05,-6.95848559351211e-07,0.005030135780924843,-0.007542804766081348,0.00684269246676729,9.892687071349634,9.952968486831846,-1.1007522962363676,0.005663396646907438,-0.018938994334589603,0.023906217113497687,9.93207641877234,9.879437620664248,-1.0761194378137589,0.024341227486729622,0.01374101359397173,0.0176511500030756
32.064026832580566,9.92118173063765,9.93997846915264,-1.1638289168477058,4.172825518537459e-05,-6.996549521816744e-05,-1.409213470648406e-05,0.00498842574285066,-0.007575682241829464,0.006827342975120779,9.89295552224001,9.955029008836576,-1.0977891008269016,0.004911583686776867,-0.01832499229072204,0.023454375725464677,9.932252848520875,9.88061540844501,-1.0756054073572159,0.02352057956159115,0.014155452139675617,0.017063288018107414
32.12035083770752,9.924932030930298,9.939540823512637,-1.1576404916122556,4.1099650002446636e-05,-6.970626023693953e-05,-1.2687270909491887e-05,0.004962875435662084,-0.007567489682750808,0.006821749791283842,9.893756499534817,9.955090455290211,-1.0960651383348556,0.00458947442114266,-0.018506964899261097,0.0229599268812972,9.932350123301148,9.882296736264834,-1.0749585777521133,0.022267889231443405,0.014853589236736298,0.01646694913506508
32.160351037979126,9.923337480634322,9.943107267738224,-1.1132995700463653,4.063112305553281e-05,-6.927184929525495e-05,-8.066973668813943e-06,0.004936942293875279,-0.007549692843417348,0.0068182719449269725,9.894734242730875,9.954861685504303,-1.0945541981510478,0.004275558349216235,-0.019099865715677143,0.022435675331029477,9.932366335764527,9.883501226926455,-1.0744664818048477,0.02121356502175331,0.015293261967599392,0.016123177483677864
32.224350929260254,9.928074850386551,9.942321737899453,-1.124652724713087,4.008155027233396e-05,-6.822535248816167e-05,5.3244028056646965e-06,0.004891222179939782,-0.007502934288092043,0.0068125357116110945,9.896683994786363,9.954535369206353,-1.0927402065568854,0.004578606433618034,-0.019816702022234817,0.02174565184065869,9.932513201609254,9.885210211301455,-1.0735658556222916,0.020010897889733315,0.015624062158167362,0.015414418652653694
32.26435089111328,9.93705149324337,9.931615066140285,-1.150937044993043,3.97568070971119e-05,-6.790379287659204e-05,8.914430056546267e-06,0.00487233301173195,-0.007489695246751211,0.006805424773927462,9.89764746569696,9.953859333833217,-1.0908456670595774,0.004511864629957913,-0.020705431309845514,0.021353577390726845,9.932719195261598,9.88609522106708,-1.0729059129953384,0.019488785415887833,0.015704898163676262,0.015108341351151466
32.32835102081299,9.93839270133378,9.931503629471756,-1.1384992953389883,3.920013246584091e-05,-6.762491551476253e-05,1.097367055592509e-05,0.004847997146662905,-0.0074795833847719475,0.006804396115245165,9.898482941517681,9.953658541498813,-1.0898223942871044,0.0047391223208701665,-0.021408847393927066,0.02052179295518688,9.933131182566285,9.887163336301455,-1.071753278374672,0.019056279212236404,0.015327786095440388,0.014485258609056473
32.36035084724426,9.959977604632455,9.942391514644989,-1.1230310928076506,3.8133841647154086e-05,-6.71257668927699e-05,1.442195838216663e-05,0.0048022356462963005,-0.007462017397474181,0.006801746506221818,9.900009396580327,9.954143230311814,-1.088608384640886,0.005294279565601919,-0.021939346274865868,0.019714641465099523,9.933375323191285,9.887540991330752,-1.071205511689186,0.018902402371168137,0.01494334451854229,0.014174108393490314
32.42435097694397,9.950218188865826,9.940308295924149,-1.123088144697249,3.779066066734639e-05,-6.697031120273992e-05,1.5475184726057076e-05,0.004787565742302857,-0.0074566076730014875,0.006800194262020708,9.900710225206653,9.953576603055536,-1.0875549206742616,0.005591749541973243,-0.022840162275170158,0.01885977967345037,9.934048617258668,9.888179953122744,-1.070119634270668,0.018925940617918968,0.014347401447594166,0.013280556537210941
32.464350938797,9.957799150068606,9.94476148219423,-1.138233345001936,3.711135348579312e-05,-6.687822683185585e-05,1.4341721541884396e-05,0.00476449951077372,-0.007456227717869173,0.006800317619453069,9.901584948411466,9.953427376593655,-1.0868272845527993,0.005884162434899834,-0.023454637155647586,0.017944758412775774,9.934601748362184,9.88847559216083,-1.0695030838251114,0.018999969586730003,0.013929721899330616,0.012771667912602425
32.52035093307495,9.972088962212787,9.941733061593089,-1.1371069578453898,3.687578371051948e-05,-6.675229697588749e-05,1.5359687485076805e-05,0.004753768903809896,-0.007451695243565617,0.006797983589662975,9.902315538771283,9.952619733494544,-1.0857746964743242,0.006149990771510567,-0.024569790863964526,0.016991751639059686,9.935420954599977,9.888751204038272,-1.06877900660038,0.018978169187903404,0.01317137386649847,0.011877759359776974
32.56035089492798,9.956740283709584,9.945309601948985,-1.1132985139265656,3.698454465034823e-05,-6.669030014424378e-05,1.659279372093119e-05,0.004755095429732342,-0.00744869162310596,0.006794582355569844,9.9030301803284,9.951188090740617,-1.084691300531524,0.00639591655241337,-0.025741019328499586,0.01625831501468383,9.936068499460816,9.88883131268085,-1.0683152824640274,0.019027715548872948,0.012662435881793499,0.011279263533651829
32.624351024627686,9.967080946721318,9.951428631352341,-1.0992057658731937,3.700022763988003e-05,-6.680522335904214e-05,1.4882483830234033e-05,0.004758603166886672,-0.00745453904950951,0.006794197624419849,9.903405442795165,9.9498090745356,-1.0838441178405782,0.006431952561232435,-0.02698877806023227,0.01548378883691857,9.937182391062379,9.888737852597842,-1.067637100815773,0.01908695697784424,0.011620260775089264,0.010457023978233337
32.66435098648071,9.961937401852206,9.942985214406438,-1.1157055459916592,3.652612084673865e-05,-6.679373967303625e-05,1.3407393053793898e-05,0.0047435858567558215,-0.007456875725233559,0.0067913742355749564,9.904239421088496,9.949168198969636,-1.082790885821603,0.0068523752769357816,-0.027660170562040204,0.014889081668105517,9.937891924753785,9.888470823789248,-1.0672255903482437,0.019242089241743088,0.010845325887203217,0.010094460099935532
32.72035098075867,9.966980700512638,9.94261773183001,-1.1266446616500616,3.615717260700212e-05,-6.685517096684953e-05,1.123471512232513e-05,0.004733842397605376,-0.007461905328908745,0.006790670558549885,9.904756269006858,9.948452382406632,-1.0821015028015482,0.007083273613971612,-0.028077813016512864,0.01434846770263282,9.938919031992555,9.887957747007022,-1.0666608959436417,0.01938077062368393,0.010139689780771732,0.009562099352478981
32.760350942611694,9.955736753721691,9.93419109558906,-1.1347657274454832,3.597308095911865e-05,-6.715797435625006e-05,6.080795890959216e-06,0.004736093827561516,-0.0074780371378662825,0.006787624798273333,9.905081666081333,9.947277522077973,-1.0811603215455945,0.0071442322986519915,-0.0285860452022152,0.013816000214242232,9.939680064097047,9.88756292584003,-1.0662812143564224,0.019446227699518204,0.009658288210630417,0.009276374243199825
32.82435083389282,9.956783977837228,9.936387568281885,-1.146447948180139,3.5856749664300936e-05,-6.741630871094845e-05,1.86964126207817e-06,0.004739332472217897,-0.007491447121092089,0.006784144590044579,9.905218618109627,9.946216849683042,-1.0802061430433854,0.007303321043796863,-0.029174811609565105,0.013532639149207994,9.940884554758668,9.886795218015322,-1.0658342987298965,0.01963598094880581,0.008748175576329231,0.008831396698951721
32.86435103416443,9.945719138567608,9.930864512370158,-1.126671559177339,3.50845302710206e-05,-6.759631583179195e-05,-3.166452441398675e-06,0.00471993743186146,-0.007504020283144448,0.006774685979149704,9.905777762519836,9.945867127127835,-1.0783692107656782,0.0074991879454939315,-0.028827862766684725,0.013112412615833999,9.941586459055543,9.886242086911807,-1.0656422525644302,0.019620772451162338,0.008540506474673748,0.008499305695295334
32.92035102844238,9.956250856862876,9.939683466227502,-1.1187928151339293,3.47166650673361e-05,-6.73865898574091e-05,-1.1634706753512502e-06,0.0047027195499028595,-0.00749556096287718,0.006770856688905941,9.906675961373896,9.945076799857347,-1.0772988481822359,0.008008641296659872,-0.02859677460373026,0.012744782860207252,9.942482912912965,9.885452444577822,-1.0654397159814835,0.019563699141144753,0.008439205586910248,0.008071871474385262
32.96035099029541,9.949095401908279,9.937311627232654,-1.1363075785338879,3.3851966617413416e-05,-6.732106746657481e-05,-2.80230689518507e-06,0.004673691489674361,-0.007496309449926475,0.00676489426729476,9.907595361365166,9.945172261061558,-1.0760857714491892,0.00828968849785081,-0.02786778152467361,0.01252842122805951,9.943108523264527,9.884896452451358,-1.0652587562799454,0.01945156417787075,0.008501164615154266,0.007899697870016098
33.02435088157654,9.951810918072205,9.937920183311796,-1.142752886749804,3.354023862174542e-05,-6.728997444180852e-05,-3.2465877025619323e-06,0.004662957330350448,-0.007496256338946941,0.006760491581213178,9.90824339887728,9.944360034350103,-1.075008032445138,0.008627638259127546,-0.02762587839564512,0.012230648756330693,9.94415851868689,9.884102995420108,-1.0648675113916397,0.019488180056214333,0.008577200584113598,0.007662198506295681
33.064350843429565,9.950261320046936,9.93257208001285,-1.1388044860213995,3.285399061008128e-05,-6.759093668845137e-05,-9.805086276022664e-06,0.004649075137132022,-0.007514028865076235,0.006757896832136658,9.908656903501761,9.944121528628296,-1.0743119576211542,0.008477831437349455,-0.02675025534762836,0.011945649537116809,9.944803202524781,9.883652861142764,-1.0646108537912369,0.019208556041121483,0.00893943291157484,0.007633552420884371
33.120676040649414,9.943929811600343,9.92379739102418,-1.150865818373859,3.2532642646860247e-05,-6.821627479514481e-05,-2.013266013223407e-05,0.004655388973414929,-0.007546025795785064,0.006758795855585437,9.908302022080013,9.943458724047003,-1.074064062286277,0.008077426990453584,-0.025995365194536744,0.011461783436670493,9.945685351267457,9.883079702878604,-1.0642644315958023,0.018960757181048393,0.009536144323647022,0.00728365546092391
33.16067600250244,9.943852423425417,9.921185356805923,-1.1094150627031922,3.19605111420194e-05,-6.879446327081584e-05,-3.0485148396181804e-05,0.004652206209988929,-0.0075766970697791584,0.006759440610497823,9.908203194218121,9.943097731859668,-1.0737963504973482,0.007774677278631666,-0.024804247394079475,0.011103114565429338,9.946198428049684,9.882695372129092,-1.0640781074762344,0.01874946802854538,0.010091211646795273,0.007163779344409704
33.22467589378357,9.941681028324238,9.917508053107934,-1.0946940863505006,3.185353309138736e-05,-6.889100559667124e-05,-3.2211296329053676e-05,0.004651166595962607,-0.007581930148194289,0.0067561062941738515,9.908559872654303,9.942055724633253,-1.0728315599928202,0.007797821590799656,-0.02391446090500184,0.010919282236512302,9.946784937754273,9.882106001401553,-1.0639270693063736,0.01817123405635357,0.011371620930731297,0.006944095715880394
33.2646758556366,9.936640057829615,9.9008299248372,-1.097987507469952,3.2118425671646274e-05,-6.843820769876074e-05,-2.4610829223412296e-05,0.0046472726293446485,-0.007558927821065882,0.006746381915008267,9.909820863547317,9.940055916131843,-1.070918463498579,0.008229466224582403,-0.02328906786124368,0.010903582723072075,9.947071993723512,9.881728346372256,-1.063834086060524,0.017799243330955505,0.012081487104296684,0.006836042273789644
33.32067584991455,9.95376967638686,9.90170790725815,-1.0900438074022532,3.201399484412842e-05,-6.82891133853524e-05,-2.2678382604849057e-05,0.004639729448531288,-0.007551975280869356,0.006746524432526182,9.910601358370913,9.939003287140775,-1.070461123723866,0.008490598443231911,-0.02223511757248092,0.010713282874553792,9.947502100840211,9.881014044309268,-1.0635439306497574,0.017277788370847702,0.01322802621871233,0.006812356878072023
33.36067581176758,9.950627460188638,9.899348932486031,-1.0676028061425313,3.26087160144655e-05,-6.749782570901739e-05,-9.32230912983848e-06,0.004637683982991899,-0.007511168685611637,0.006749770236269937,9.912427107436734,9.936395291457613,-1.0703492737664424,0.009232168146575848,-0.021838694617091134,0.010421518835232858,9.947834933176637,9.880398924375186,-1.0633168369531631,0.016983581706881523,0.013862173072993755,0.006799853872507811
33.424675941467285,9.943244148381789,9.906236690134659,-1.06009014043957,3.2930507164019804e-05,-6.674454013669741e-05,2.860760341617668e-06,0.004628169597073553,-0.007473049642031654,0.006748743221320821,9.914078080862819,9.934565536114068,-1.0696515705550211,0.00998100536089081,-0.021114570496935978,0.0101366491429552,9.9485187176615,9.879218275571475,-1.0631232410669327,0.01683952659368515,0.014865786768496037,0.00659319618716836
33.46467590332031,9.935798638055315,9.899963438919452,-1.0506022162735462,3.2953088829976796e-05,-6.478566443446026e-05,3.2609937781953606e-05,0.004577085344223333,-0.007376073086178693,0.006743710886186139,9.917754843705238,9.932911244449834,-1.0682790186887745,0.011800266033907903,-0.020163770262122956,0.009888665051543646,9.949068987742066,9.878300840879092,-1.0630149990320206,0.01687849871814251,0.01543115172535181,0.006364922504872084
33.52067589759827,9.933873469119492,9.889235876934132,-1.0572524797171354,3.301353866985381e-05,-6.366190229581128e-05,4.975219258770683e-05,0.0045493846504775235,-0.007320164574179342,0.006745853677257748,9.920111924362969,9.931525427910806,-1.068072528604394,0.012835108565370642,-0.019175901173386575,0.009690184565547705,9.950107539072633,9.87689226391376,-1.062799945473671,0.017065007239580154,0.016042670235037804,0.0062570427544415
33.560675859451294,9.955780190421521,9.89862038359806,-1.0572685929946601,3.235514363439398e-05,-6.13903994467193e-05,8.263596548230555e-05,0.0044677592748761175,-0.007209260518847105,0.006746363698537964,9.924614516267127,9.931125547657558,-1.0675771827441198,0.014913354008953694,-0.017659951896759316,0.00941465922946653,9.95104500092566,9.875849897885928,-1.0625705868005753,0.01737714745104313,0.01641896925866604,0.006271373480558395
33.624675989151,9.957711954176961,9.897671068475038,-1.0682631959207356,3.200473910676217e-05,-6.0368611518844896e-05,9.734356839256308e-05,0.004429245706441381,-0.0071594717176606225,0.006745894542776039,9.927098749794874,9.930667449974969,-1.0670517980101109,0.01610469543345336,-0.01609839580737675,0.009201487657232771,9.952969515696168,9.874218161130557,-1.0622639805078506,0.018505273386836052,0.01727934367954731,0.00592796178534627
33.66467595100403,9.956003861950185,9.895854315804955,-1.0817419411614537,3.070074017461215e-05,-5.896053210738645e-05,0.00011574033973750165,0.004348777610016194,-0.007092622298117518,0.006750433764570195,9.93047731890264,9.931881260952624,-1.0673365439940425,0.017727478861274217,-0.013815644957295793,0.009062641708477395,9.95440193451941,9.873334105039248,-1.0619641691446304,0.019304009154438972,0.017951278015971184,0.005970732308924198
33.72067594528198,9.955888414770694,9.901714085585692,-1.0738329263404012,2.995666575963704e-05,-5.844514946651982e-05,0.00012189867335958585,0.004310339572533657,-0.007068654091247238,0.006753669334215848,9.932421064484949,9.93239379053157,-1.0673854896134671,0.018712171658349198,-0.011526643522886024,0.008850114100762734,9.95664688386023,9.872376616025576,-1.061444416642189,0.020873574540019035,0.019384505227208138,0.005981922149658203
33.76067590713501,9.96214486462261,9.900986682446442,-1.0705097978934646,2.9052806916771007e-05,-5.742712602904231e-05,0.00013541374815284946,0.004253210843322613,-0.0070199348321704075,0.006757365053197989,9.93531979060321,9.933126849328936,-1.0674960723138058,0.019981214184715608,-0.009269673569071709,0.008321798589872621,9.9583482388407,9.87192171337665,-1.061132326722145,0.021857140585780144,0.0204387828707695,0.005683483090251684
33.82467603683472,9.953049055320204,9.902183259123698,-1.0536387087777257,2.8462026017921524e-05,-5.6170877943228106e-05,0.00015333384423430363,0.004200341346894486,-0.006958522217748272,0.006760612984800213,9.938498907452187,9.933391067884571,-1.0675570279367037,0.02132339997233348,-0.007061917923093864,0.007918148089892886,9.961156809702516,9.871499235654483,-1.0607431083917618,0.02337844856083393,0.02267327718436718,0.005305072292685509
33.864675998687744,9.946939336491816,9.908912643782235,-1.0523902559652925,2.8103350758885585e-05,-5.577567871591033e-05,0.00015867477093325469,0.004177847144829378,-0.00693947406250793,0.006759492188608589,9.940317876285935,9.933596342384227,-1.0669569608738827,0.02165724303431638,-0.00465966226905812,0.007584120815257254,9.963004076853395,9.871369535947451,-1.0605504661798477,0.024155836552381516,0.02430235780775547,0.005058757960796356
33.9206759929657,9.956234856734302,9.912284120326913,-1.0350480061024427,2.767867397029176e-05,-5.5523509607585226e-05,0.00016167216308363508,0.0041566523174292,-0.0069276139320647205,0.006761776234838641,9.941899569241771,9.934033493131974,-1.066826764221816,0.0216163092613457,-0.0024093260693574944,0.007271940702530363,9.965583765879273,9.871359999204287,-1.0602451711893082,0.024906545877456665,0.02661447785794735,0.004728120751678944
33.960675954818726,9.932042546344134,9.905582475656754,-1.0143673429265618,2.7332419816124486e-05,-5.5391718125080864e-05,0.00016304756336451797,0.004141302301882228,-0.0069214515772677045,0.006763213687772656,9.943233661584378,9.934493968595593,-1.066578649263554,0.02109109821530795,-3.941647915355032e-05,0.007005569116445165,9.96733089722693,9.871506865049014,-1.060025230050087,0.024938050657510757,0.028177348896861076,0.004557501524686813
34.02467584609985,9.939972781216444,9.91095202741022,-1.0191965838894248,2.6803418291418905e-05,-5.489080646896959e-05,0.00016976013778269495,0.004109916307733115,-0.006896997211419677,0.006769660790631407,9.945100253883805,9.935270317522283,-1.0670152812973352,0.02067170636755543,0.002409773770114375,0.006630838496525312,9.969863856211305,9.87194841625751,-1.0595433861017227,0.024689625948667526,0.03094560280442238,0.004231433849781752
34.06467604637146,9.948308486815256,9.907949555904805,-1.025260710157454,2.6598506582181702e-05,-5.452703373825458e-05,0.00017499762237972093,0.0040933127188689826,-0.006879019415273897,0.0067716744637923085,9.946788268485692,9.93567944712334,-1.0669042257220012,0.020197336015999018,0.0045272896924641575,0.006159947626480391,9.971260035410523,9.872353727841983,-1.0592559725046158,0.024464961141347885,0.03259461745619774,0.003918262664228678
34.12099885940552,9.959176017568629,9.891530644879358,-1.0251912977546453,2.6217119052417755e-05,-5.371293118308748e-05,0.00018694648908508003,0.004058712380777994,-0.006838660669610628,0.006770983148706616,9.949191767355416,9.93625206232434,-1.0663439923320177,0.019829392342075675,0.006598265950746935,0.0059782279023559304,9.973083460703492,9.873064215207705,-1.0589516311883926,0.02371496520936489,0.03475577011704445,0.0035971193574368954
34.160998821258545,9.97835868161971,9.886614418500445,-1.0534914038144052,2.5843045851496038e-05,-5.2938006539630376e-05,0.00019832137016552172,0.004025490640125767,-0.006800312216103332,0.006770532489852741,9.951617794103923,9.937047564187656,-1.0659323328845947,0.019356579131930875,0.008735447863335025,0.005807557043592359,9.974301302805543,9.873627836728701,-1.0586923509836197,0.02316311001777649,0.03617238998413086,0.003451964817941189
34.22499895095825,9.982629780298295,9.895906013274294,-1.0738513888791203,2.5545427398751407e-05,-5.1913230227410225e-05,0.00021372567704850228,0.003988388156854099,-0.006749400398711866,0.006765645301550401,9.954438013515936,9.937630132978336,-1.0649268197985966,0.01901781613218883,0.01053615839451668,0.005596272267463397,9.976302111521363,9.874608213925967,-1.0582430511713028,0.02201189659535885,0.038500119000673294,0.0030924438033252954
34.26499891281128,9.967984594718452,9.905631236964911,-1.070003431290388,2.5506640003782846e-05,-5.158425047221491e-05,0.00021875363936788264,0.003978455363768259,-0.006732943843941202,0.006764893270683113,9.955985521842223,9.938131676391224,-1.0645250077838178,0.01792720248296902,0.012155968531054892,0.005495837898609679,9.977630579844117,9.875275785947451,-1.0579761415719986,0.021312199532985687,0.039773713797330856,0.0029990964103490114
34.32099890708923,9.988012134017145,9.933343723170607,-1.089895410463214,2.559682213277801e-05,-5.126939677896043e-05,0.000223748232501743,0.003973503686007828,-0.006717324064753518,0.0067587974798776545,9.957490431340148,9.938450503616275,-1.0634231653515682,0.01673781120004003,0.01363558466121045,0.0054422563311012275,9.979483569040895,9.876175100827822,-1.0576120764017105,0.020234933122992516,0.041434310376644135,0.0029023427050560713
34.36099886894226,10.000686921867725,9.938367914037588,-1.109804623760283,2.5455599514831475e-05,-5.1228678664068246e-05,0.0002242273880483579,0.003967428240346568,-0.0067155809116798346,0.00675380857183069,9.958538187697847,9.939458074788812,-1.062470029155056,0.015092000333047379,0.01505699815300721,0.005200058724176915,9.980678522959352,9.876840765500674,-1.0573380142450333,0.019295435398817062,0.04241817444562912,0.002818048233166337
34.42499899864197,10.014686280475585,9.943629113544358,-1.112136885523796,2.49465322584261e-05,-5.011397831400555e-05,0.00024084756677657734,0.003920911849465982,-0.00666055251589628,0.006746323628773308,9.961489647133229,9.940996036616713,-1.0612241711430108,0.014606518963830233,0.0165851077734754,0.0050143632578617744,9.982493365183473,9.878061468625674,-1.056819811463356,0.017736751586198807,0.043699052184820175,0.002494190353900194
34.464998960494995,10.008800966562234,9.9366813445452,-1.103842637501657,2.4776441287904176e-05,-4.938802517729001e-05,0.00025189100221546313,0.0038964626512426,-0.006624562724465076,0.006738159229930885,9.963617037543045,9.94207262804834,-1.059774904895255,0.013543624019412552,0.017955089273008432,0.004541894121378188,9.98361393250525,9.878984625363955,-1.056491270661354,0.016654102131724358,0.04465600475668907,0.0021975592244416475
34.52099895477295,10.010166411763961,9.939377316502227,-1.118772778660059,2.4369173340342537e-05,-4.8160324375282724e-05,0.0002704366104527955,0.003850785213660711,-0.006563675248227052,0.006727032882531739,9.966678964248848,9.943464855168482,-1.0580265057886005,0.01334630047952501,0.019284245402883423,0.004285167255654228,9.985391581431031,9.880459959531436,-1.05600406229496,0.015643341466784477,0.045769400894641876,0.0018580642063170671
34.56099891662598,10.019190603800618,9.941750923580395,-1.1328255543485284,2.4228562039104536e-05,-4.7746908413213684e-05,0.00027665482136808096,0.0038353061391862646,-0.006543271220257129,0.006722986489594711,9.968228841675096,9.944679348839538,-1.0573185566888899,0.012116366475750477,0.020268818404798897,0.003887078729397269,9.986746752634645,9.881550009275088,-1.0556054264307022,0.014890771359205246,0.04635530710220337,0.0017334658186882734
34.624999046325684,10.008149123275992,9.945515939001083,-1.107395825907588,2.3815951149702163e-05,-4.696509472208942e-05,0.00028830845239794276,0.00380070604865998,-0.006504589238619318,0.006717427780368143,9.970445838968157,9.946321890320524,-1.0564589084540232,0.01124512306355641,0.021539142213831443,0.0034606201035525825,9.989020312204957,9.883472616696963,-1.055039182305336,0.013648818247020245,0.04745274782180786,0.0014050181489437819
34.66499900817871,10.012768642717678,9.943974514767344,-1.098385700955987,2.3672799316847235e-05,-4.633314156806809e-05,0.0002978411032640759,0.00377974394185425,-0.006473214044374856,0.006715830362386659,9.972242724451798,9.947614506297763,-1.056105112703662,0.010129567607689344,0.02244271040356332,0.003054702039996564,9.990427935495973,9.884761030698428,-1.054736152291298,0.012875162996351719,0.048059139400720596,0.0012719429796561599
34.720999002456665,10.0069404622196,9.935935324909977,-1.0858695385977626,2.3075390706733878e-05,-4.491070913356463e-05,0.00031917530626884686,0.0037224842432162838,-0.0064023399027859865,0.006712793743736787,9.975466425272526,9.949550666893876,-1.0555862174964794,0.009771447039575786,0.02357564949636867,0.002583758095213228,9.992371523752809,9.88665502789081,-1.0543726831674576,0.011712988838553429,0.048813365399837494,0.0011238992447033525
34.76099896430969,10.005464505521608,9.942420974336892,-1.07728092931211,2.275900936620499e-05,-4.427045184671483e-05,0.00032872634442165276,0.003694953373014182,-0.006370395645643403,0.006714256442241172,9.97719380378425,9.951267328904065,-1.0557221522112554,0.00866575016023423,0.024486230208699146,0.0020614386407308487,9.993775332346559,9.888039762998233,-1.0542037636041641,0.011032233014702797,0.049199361354112625,0.0009128077072091401
34.82499885559082,10.006627668334023,9.942914946900133,-1.0598126000259072,2.2159472851953043e-05,-4.3405956580681686e-05,0.00034153533192538417,0.0036512796928613355,-0.006327141546145072,0.006720213357273301,9.979328888420847,9.953411210817457,-1.0565795155911903,0.007779031505628595,0.02530886869798382,0.0011492012055279194,9.99611564911902,9.89039438488544,-1.0540349632501602,0.009886467829346657,0.04979676380753517,0.00022734318918082863
34.86499881744385,9.996546416176338,9.954450634608158,-1.050174091476947,2.1946300253572317e-05,-4.3220488260259016e-05,0.0003442460034509839,0.0036387100245247874,-0.006317818628016777,0.006723762285961774,9.98009292368841,9.955124416769214,-1.0570818735163925,0.006080902986605023,0.02594754911109961,0.0005733678334087442,9.997524226084352,9.891936476255069,-1.0539444833993912,0.009153787046670914,0.05013330653309822,-6.634520832449198e-05
34.9209988117218,10.013441075278285,9.94818680052548,-1.0564997989567928,2.1895489157831925e-05,-4.319073237374187e-05,0.0003446293477881006,0.003635893904618238,-0.006316482472830084,0.006725639419335901,9.980587159364404,9.956428227608427,-1.057351232597412,0.004388679094226818,0.026234277717824724,0.00011365015077244956,9.999307597056031,9.894149954343447,-1.0538891702890396,0.007937037386000156,0.05053264647722244,-0.0004561389214359224
34.96099901199341,10.011958921217904,9.94090894460839,-1.0610464601777494,2.1927853763171605e-05,-4.357715412251569e-05,0.0003388349453359779,0.003646212904867696,-0.0063357433315866934,0.00672649354956364,9.980161253126463,9.957761163844605,-1.0575093528921637,0.0021250989824531607,0.026568701704529678,-0.0001490615907671112,10.00038811005652,9.8957282853371,-1.0538125187158585,0.007053949870169163,0.05072810873389244,-0.0006597592728212476
35.024998903274536,10.017795011963425,9.944689980463007,-1.0670461589470506,2.183382847627209e-05,-4.4089101479900456e-05,0.0003311853761506151,0.0036544598618394202,-0.006361196329177208,0.006727347738781268,9.979555932000096,9.959202232246811,-1.057700715443288,-0.00016399609567417992,0.026689158800429866,-0.000438987006861371,10.001742327585816,9.898163969541201,-1.0533979088068008,0.00508718891069293,0.05067465826869011,-0.0008257754961960018
35.06499886512756,10.001324562776755,9.944291780800278,-1.0742898937314749,2.188724758764284e-05,-4.442562336447199e-05,0.0003262047540373413,0.0036643484631396954,-0.006377944100663157,0.006725519377152476,9.978945056703934,9.960499654884885,-1.057480553270279,-0.0023827514618368663,0.026676092606036997,-0.000669236110072751,10.00231453217566,9.899574453855166,-1.0531931072473526,0.003724908223375678,0.050537485629320145,-0.0009517805883660913
35.1213219165802,9.997890941125087,9.948201715547189,-1.0687974486500025,2.1619215477570232e-05,-4.496884761019471e-05,0.0003183440241252883,0.0036666763368882033,-0.006404488621908232,0.006718562653939142,9.977918901931526,9.962335728151661,-1.0564729583426362,-0.004846009488588327,0.02696106878103333,-0.0009012904513161465,10.00279232300818,9.901520903134951,-1.0529446750879288,0.0014239649754017591,0.05025072023272514,-0.001264722435735166
35.16132187843323,9.98632347476124,9.946275454437412,-1.081590716727078,2.1588487013952753e-05,-4.511253961073593e-05,0.0003162781356627442,0.003668798619750864,-0.006411519499406993,0.0067155232926440975,9.977404708620446,9.963660718104347,-1.0560947447443776,-0.006811856139992317,0.02675502397802774,-0.0013357431925294753,10.002824747934937,9.902884657407412,-1.052825465798378,-0.00026009767316281796,0.049865107983350754,-0.0016395972343161702
35.225322008132935,9.984569067452238,9.95542261764458,-1.070897364988923,2.113441394607993e-05,-4.578427152003823e-05,0.00030674833536542263,0.0036664698859250845,-0.0064438507221946,0.006715471900630299,9.97584512235766,9.96601239905546,-1.0562770873080105,-0.009199890474140231,0.026961465125378704,-0.0017240151594916213,10.002495730295777,9.905017073178897,-1.0527709871530533,-0.0029420906212180853,0.04925502464175224,-0.0019301725551486015
35.26532196998596,10.005208634299963,9.963808964563244,-1.0826580310240388,2.0662283228469726e-05,-4.624321965258912e-05,0.0003003997607158582,0.003658369430763447,-0.006465733610366769,0.006715377686357542,9.974652440207016,9.968421461016506,-1.056475583931619,-0.011400948399338705,0.027025464733732647,-0.0018607682636352276,10.001990282908082,9.90633791210712,-1.052735224366188,-0.004684010054916143,0.048750389367341995,-0.0019734706729650497
35.321321964263916,10.002191689263997,9.963923954325338,-1.0568061160156503,2.008828105417161e-05,-4.662011543975494e-05,0.00029540881917666464,0.0036442810344700367,-0.00648324469102743,0.00671466908411538,9.973499071634606,9.970911441086223,-1.0564739813334003,-0.0132299387124084,0.02711512046298941,-0.0018507889083924501,10.000993693247437,9.90826433422626,-1.0526627451181412,-0.007181590422987938,0.04800134152173996,-0.0019408843945711851
35.36132192611694,9.979351786488468,9.967647157840855,-1.042102511972189,1.9170511035731823e-05,-4.659317158932334e-05,0.00029648280873885717,0.003607485059187846,-0.006480224022514282,0.006717611692015127,9.972961425232004,9.974126524415324,-1.057023205402944,-0.014938049608449895,0.027531578274473292,-0.0021596302812166767,10.000128710642457,9.909708197141299,-1.0526411682367325,-0.009086002595722675,0.04755260422825813,-0.001948786317370832
35.4173219203949,9.97183017936944,9.983852569203995,-1.0546905037481338,1.8831900404552512e-05,-4.6019712758796883e-05,0.00030486242088576947,0.0035814996498511474,-0.006451553552294974,0.006719884023809001,9.973323025229153,9.976042902799238,-1.0574753575262854,-0.015784649213595535,0.02725728196717017,-0.002150694413538303,9.998703921213746,9.911905462766299,-1.052682414650917,-0.011527173221111298,0.047107454389333725,-0.0018913410604000092
35.46532201766968,9.94971936378235,9.968386659289498,-1.0612977668642998,1.7612214367239834e-05,-4.4958293430541426e-05,0.00032088723232315215,0.003510158199536137,-0.006397074996615637,0.006723157897043938,9.974457433344062,9.979697982021253,-1.0581194610247489,-0.015716758453190052,0.027749542461673844,-0.0020733260749671153,9.997443163767457,9.913909132505069,-1.0528093725442886,-0.013111930340528488,0.04673153534531593,-0.0017123599536716938
35.52132201194763,9.943146705590262,9.972940043830503,-1.0532781418878585,1.710656557163852e-05,-4.422018707937446e-05,0.00033167635607324656,0.003474175833200612,-0.006359932917341674,0.006725300635090827,9.975047404748635,9.9818902756274,-1.0585393174882574,-0.0155487300232612,0.027684688720240883,-0.0021336602576298045,9.996024096384645,9.916363890195498,-1.0530314594507217,-0.01428683940321207,0.04641620069742203,-0.0017385886749252677
35.56132197380066,9.934674244295607,9.973662516432677,-1.0653170514851809,1.631399538529735e-05,-4.305152498735955e-05,0.00034870682630578205,0.003417839248818801,-0.006301148623362801,0.006724992637358763,9.976327279553608,9.984687236052235,-1.0585595976417463,-0.014964826377828373,0.02773369865974056,-0.001966961650317264,9.995065653696656,9.918219740415225,-1.0532226711511612,-0.014946581795811653,0.04622584581375122,-0.001669866731390357
35.62532186508179,9.93206665827764,9.971915299569563,-1.069567901082337,1.6063190231608005e-05,-4.292742017799202e-05,0.0003507040260158824,0.0034052863966624286,-0.006294365699015571,0.0067249974801608945,9.975722588763114,9.986448238009753,-1.0586687527108625,-0.01513090387132555,0.02719417964953649,-0.0018095744227168379,9.993686640635133,9.921260054135928,-1.053487554192543,-0.015320293605327606,0.04578118398785591,-0.0015064557082951069
35.665321826934814,9.947853162788563,9.97629623956383,-1.0893544303253293,1.54518111587723e-05,-4.229687061007599e-05,0.0003599600027640437,0.0033677219406388712,-0.006262162486646825,0.006729540208240841,9.976139639751834,9.988686757224855,-1.059588240979436,-0.014567364974254005,0.027040772431609735,-0.0017297090002805328,9.992807352915406,9.923132116819033,-1.0536360889673233,-0.015300477854907513,0.04546937718987465,-0.0013845510547980666
35.72132182121277,9.953107891012237,9.976068744576061,-1.0911751026287675,1.5017958306064525e-05,-4.2048673790824826e-05,0.00036379731435945265,0.0033453619701834018,-0.0062490530183041655,0.0067291872543990845,9.975777365683062,9.990977391492747,-1.0596807991370905,-0.014106615154917995,0.026372590132014272,-0.0017310088842773057,9.991503680124879,9.925667936826358,-1.0539846569299698,-0.015035714022815228,0.04479454830288887,-0.0013909018598496914
35.761322021484375,9.96175473843243,9.97005299354369,-1.1123912567272782,1.4288127493185086e-05,-4.170576002015512e-05,0.0003691870576205759,0.0033091860906037064,-0.006230568801002764,0.006732902515385449,9.975683802732293,9.993643106890802,-1.0605468047525255,-0.01336508965830287,0.02599676592655363,-0.001617797524628572,9.990611040964723,9.92745607616962,-1.0543437153100967,-0.014680081978440285,0.04429667070508003,-0.001434820587746799
35.8253219127655,9.966841470256597,9.955232681942244,-1.1161401625722647,1.4139615838517568e-05,-4.176047521286703e-05,0.00036861269004995,0.003304198281380155,-0.006232686779290114,0.006736101152376447,9.974931640780548,9.995060061940803,-1.061249440314687,-0.012882714398629199,0.025158070093767453,-0.001059375695742189,9.989250147715211,9.9302741837746,-1.0549435764551163,-0.013848303817212582,0.04339049011468887,-0.0008142542792484164
35.86532187461853,9.958408624556101,9.964582547594599,-1.0848858347162604,1.4001687985717561e-05,-4.191646261633965e-05,0.0003667089323963112,0.0033015074461714756,-0.006239546549155183,0.006740799575350668,9.973915066970843,9.996437893247078,-1.0621747470930718,-0.012414308319317186,0.02401203173523638,-0.000425464794171137,9.988429987803102,9.931950743222842,-1.0553604513406754,-0.013298951089382172,0.0426277332007885,-0.0003009311330970377
35.921321868896484,9.94869057262965,9.965981645442882,-1.0829298421740532,1.3929535375567e-05,-4.210134590015782e-05,0.00036437995297118077,0.0033021474865234934,-0.006248020514455154,0.006743526848379764,9.972889663486246,9.997644242698984,-1.0626862021327268,-0.012133840424135749,0.022760148048577466,-5.927446225566031e-05,9.987274134531617,9.934060270810733,-1.056053176522255,-0.01262239646166563,0.04141930863261223,2.0769512047991157e-06
35.96132183074951,9.93623430562985,9.972385992809278,-1.0965774394571781,1.3854561850787781e-05,-4.278075812112669e-05,0.00035570860517128265,0.0033121808879433795,-0.0062798396606061286,0.006747942339051238,9.970740702920956,9.998895708482102,-1.0635365187020003,-0.012227875221302325,0.021316037605618267,0.0005310750695367374,9.986388171091676,9.935376341367373,-1.0565668493509293,-0.01211247406899929,0.040246106684207916,0.0003995697188656777
36.02532196044922,9.926505445271422,9.966026392548839,-1.0702147670090199,1.3700472941033513e-05,-4.303626290353685e-05,0.000352625202525717,0.003310853991351085,-0.006291349290418586,0.006750550134212855,9.969533597598828,10.000144521016582,-1.0639500503115735,-0.011611710223058245,0.020053423985540164,0.001249285808880366,9.984804118052125,9.93720834972919,-1.057429924607277,-0.011413088999688625,0.0382685624063015,0.001156202401034534
36.065321922302246,9.93509540043811,9.955191645674384,-1.0670842761173844,1.3221323565825244e-05,-4.360290210581796e-05,0.00034599348356948226,0.0033022665781783714,-0.006316566892848244,0.006755576648200044,9.967642748111565,10.002010679481488,-1.064734423582895,-0.011273784882585139,0.019127490604457516,0.0020019592560864136,9.983646357432008,9.93824594738544,-1.057924285531044,-0.011080621741712093,0.037161778658628464,0.0016148004215210676
36.1213219165802,9.929942632722607,9.954312612463559,-1.0567217126954347,1.2793116618188443e-05,-4.407735832316889e-05,0.00034050736918982675,0.0032939858937083865,-0.006337669933175392,0.00675867571548038,9.966072319446518,10.003723323343394,-1.065141135324945,-0.010784368654359684,0.018033291430171575,0.002732526194501831,9.98190494813025,9.939571554685244,-1.058516874909401,-0.010486328974366188,0.035298943519592285,0.0023396408651024103
36.16164588928223,9.954919998926359,9.959030643160995,-1.0689991042017937,1.186452529987203e-05,-4.515529246860619e-05,0.0003280795263430212,0.003276596127773713,-0.006385788484288917,0.0067674470276395116,9.9632891658944,10.006460647746643,-1.0665136417798589,-0.010919112979517337,0.01744557112904507,0.0033177879224746357,9.980519259348512,9.940424139524112,-1.05887009203434,-0.010294011794030666,0.034031689167022705,0.0028248848393559456
36.225646018981934,9.955492220639249,9.957458426210014,-1.0607429232914,1.1145417962914893e-05,-4.5639337744995086e-05,0.00032285153799689896,0.003256834589653207,-0.006406622198022576,0.0067690094098112955,9.961825048879852,10.008726237107842,-1.066606697494259,-0.010312088243436839,0.01684380084442554,0.004082756789626127,9.978085482493043,9.941743071103701,-1.0594391971826553,-0.009897460229694843,0.0322984904050827,0.0036220038309693336
36.26564598083496,9.960025748583691,9.962605274375864,-1.0508707780390978,1.0359517899905673e-05,-4.634095352642416e-05,0.0003151091512000708,0.0032379774930211404,-0.006437309057977604,0.006772425695310066,9.95993330362311,10.011053715202822,-1.0669036132279284,-0.009705944344280588,0.01607319795366741,0.0049428459738206495,9.976495707407594,9.942595655942569,-1.0598205476999283,-0.009593593887984753,0.031210463494062424,0.004136359319090843
36.321645975112915,9.96920566322957,9.966515598201946,-1.0261302357539535,1.0125298663172537e-05,-4.6737769651908445e-05,0.0003105677884386042,0.003235589190955115,-0.006455195736705031,0.006772402031123375,9.958714322025555,10.012223876527251,-1.0665803465248078,-0.009013034000466342,0.015137670130576075,0.005608418613984352,9.974341357126832,9.943811590695987,-1.0603016763925552,-0.009397455491125584,0.029989751055836678,0.004708222579210997
36.36164593696594,9.958826355635722,9.957124346578668,-1.0054969545453787,9.622026076446497e-06,-4.703969613654432e-05,0.000307463829902667,0.003220633367283696,-0.006467807078909582,0.006773397256550738,9.957723018136335,10.013773382097092,-1.0662307720735706,-0.008032964659756966,0.014397020183900891,0.006327661997262387,9.972825968638062,9.944618399167666,-1.0605064779520035,-0.00911940261721611,0.02919694595038891,0.005144323688000441
36.42564582824707,9.960953129444807,9.956808157986513,-1.0089625548571348,9.236348192900849e-06,-4.724472933768835e-05,0.00030540338067355685,0.003208822979470782,-0.006476273913568,0.006773755832893296,9.956980553936203,10.015121035455712,-1.0658693578945684,-0.006795898805821043,0.013590141621266155,0.006949730469225341,9.97058960236609,9.945733244443545,-1.0604205280542374,-0.00838924665004015,0.02784903720021248,0.005871017463505268
36.46564602851868,9.958066449246301,9.967502033590797,-1.0125533994287252,9.204813296838288e-06,-4.7469813551729614e-05,0.000302865125351187,0.0032111053009426997,-0.006486339641295618,0.006769793867987582,9.956203123081815,10.015562894123503,-1.0646300086348988,-0.005298981001296911,0.01221172734658061,0.00739081424548548,9.96930500306189,9.946375067258487,-1.0601877123117447,-0.0077456459403038025,0.02692858874797821,0.006146544124931097
36.52164602279663,9.94934341380227,9.953495077051368,-0.9861804414540529,9.205628301317045e-06,-4.775312621357433e-05,0.00029962838144318305,0.0032156634026106394,-0.0064992476112492635,0.006768668666221908,9.955371499012482,10.015969583772698,-1.0639334532662093,-0.003742738583144619,0.011124553004423055,0.00768383602625481,9.967688525095582,9.94708269360126,-1.0596227794885635,-0.006472310051321983,0.025655359029769897,0.006449917796999216
36.56164598464966,9.941439634588098,9.968098686560399,-1.0148693714290857,9.263026198726862e-06,-4.8392589791406476e-05,0.000292357110143928,0.003228209468084436,-0.006528490480352665,0.006763987504736905,9.953825157273338,10.016092986033271,-1.0626195204097304,-0.002515247950508991,0.010072451295657585,0.007726146247100696,9.96663566865027,9.94744604351581,-1.0590560585260391,-0.005302191711962223,0.02475729212164879,0.006493168883025646
36.601645946502686,9.946587133520103,9.966449952946597,-1.0210519470274448,9.641859296409056e-06,-4.85641477991384e-05,0.00029019265096783204,0.0032454713871600195,-0.0065370713866822906,0.006763166034850785,9.953329246935173,10.01562586884752,-1.0620027910077114,-0.0007501301475609053,0.008522608521538126,0.007624443932053606,9.965638125315309,9.947673971677432,-1.0583181530237198,-0.004291991237550974,0.023659903556108475,0.006616087164729834
36.66564583778381,9.94396725532415,9.974357106908327,-1.0203182687982917,1.039088154427242e-05,-4.8913055792660054e-05,0.0002858813227434748,0.0032795947443009133,-0.006554453879923038,0.006762476768153525,9.952498704118597,10.014153101948647,-1.0613897340447687,0.000923324460638397,0.0066603286530250334,0.0073698740582555855,9.964061701670289,9.947746450925479,-1.0570982843637466,-0.0025997022166848183,0.021849434822797775,0.0065225595608353615
36.70564603805542,9.933350937339146,9.972537850974165,-1.0216514682397246,1.0397042987471097e-05,-4.890469086834279e-05,0.00028598978385971434,0.0032794953593810456,-0.0065539202525946244,0.006764412173033779,9.952562296226702,10.014319205774042,-1.0612869718448326,0.0032007199022203625,0.005463714785004951,0.006470265171346181,9.963176691904664,9.947537596250186,-1.0564226061105728,-0.0013889598194509745,0.020508654415607452,0.00605569826439023
36.761646032333374,9.941513538293721,9.96213779821225,-1.0190641209483147,1.0316381751430796e-05,-4.915385585227771e-05,0.000283336443446269,0.0032798301503861637,-0.006564744274358504,0.006768684490394427,9.95211263927924,10.014470885933353,-1.0615923554595905,0.005143974035970801,0.004531700266844044,0.005597921669107624,9.962074244394898,9.946989233518252,-1.0555355697870255,0.0003958391025662422,0.018639162182807922,0.005265753250569105
36.8016459941864,9.929282671973679,9.950553011617965,-1.021326513029635,1.0414905492185234e-05,-4.94980257675471e-05,0.00027958633094700907,0.0032884842815027503,-0.00658036497529452,0.006772801574873941,9.951619728661472,10.014311292888332,-1.0619723783225212,0.007253599692498442,0.003531988276336693,0.004490770778485042,9.961379969492555,9.946558172727237,-1.054921641945839,0.0018098915461450815,0.01741109788417816,0.004736757837235928
36.86564588546753,9.945838331180308,9.953897684437289,-1.0055636195465922,1.0867234133072662e-05,-5.0357323135216134e-05,0.0002702360238976715,0.003318154536391092,-0.0066198775557118035,0.006774577362104486,9.950039316312566,10.013205393801787,-1.0619167903656175,0.008670567607176471,0.0023566432831367916,0.003586910696713633,9.960428202524781,9.945756132627139,-1.0541147142648697,0.004214557819068432,0.01559852622449398,0.0035052767489105463
36.90564584732056,9.921369967652426,9.95904763311155,-1.0178312994539738,1.1040003593423081e-05,-5.067504103806765e-05,0.00026682980059163325,0.003329136132444282,-0.006634374700439366,0.006777616029522,9.94975824532636,10.012804582126243,-1.0622066298635857,0.010824569126257332,0.001750626537913765,0.0026854285108314853,9.959821665659547,9.945099051023135,-1.0536344200372696,0.005553265102207661,0.014644927345216274,0.002889332128688693
36.96164584159851,9.93563078239244,9.960901085155276,-1.0321822613477707,1.1484030606283116e-05,-5.1542542153970544e-05,0.0002576079838220513,0.0033580872676388625,-0.006674028450458778,0.006783141429545855,9.948282100238536,10.011689026615416,-1.0629547832851098,0.01219954977644206,0.0010424460224999663,0.0016703161298593449,9.958991969004273,9.943966085935244,-1.0529400259256363,0.007462987210601568,0.013328236527740955,0.0019172121537849307
37.00164604187012,9.92028116470206,9.950511270661817,-1.0292663583531976,1.1770534685188912e-05,-5.1862615157092026e-05,0.0002542295474096033,0.003373141704108445,-0.00668876531683898,0.0067873214527626275,9.948165248587589,10.010944322840931,-1.063565080391113,0.014281053288921442,0.0005237662462942072,0.000821499353220521,9.958414996042848,9.943086798215518,-1.0525101572275162,0.008708873763680458,0.012527761980891228,0.0013010383117944002
37.065645933151245,9.923951276231508,9.948591611052702,-1.026359955780208,1.2262501616013995e-05,-5.2841324206611404e-05,0.0002440301959707648,0.0034051156722456765,-0.006733245025584254,0.006792014144239115,9.946557517098121,10.0096177895524,-1.0642545739508005,0.015488705550026948,-0.0001562127917445601,0.00013887009014835512,9.957473719492555,9.941488440061221,-1.0520684868097305,0.010645895265042782,0.011062072589993477,0.00036500778514891863
37.10564589500427,9.929522640663007,9.945102635599444,-1.0138053996488452,1.2212181750856882e-05,-5.324023678558186e-05,0.00023992375730249202,0.003408596881986798,-0.00675084740430894,0.006795759856702875,9.946480034014598,10.00957963895895,-1.0648367066985156,0.017194858552819912,8.088098662668725e-05,-0.00038706804197516164,9.956901514902711,9.940425093198428,-1.0519036203622818,0.011510692536830902,0.010377245023846626,-0.00011926509614568204
37.16198396682739,9.901805827409953,9.94884353567459,-1.0111513771116734,1.1930073277916972e-05,-5.336076154745594e-05,0.00023873715805117855,0.0033991174456109653,-0.006755277272224535,0.006805575564666229,9.946890517552498,10.009882642319106,-1.0663993532143217,0.019368717734086632,0.0007650842733964446,-0.0009832827707741403,9.95605274476111,9.938838179135928,-1.0517310053110123,0.01299840584397316,0.009758636355400085,-0.0005854251212440431
37.20198392868042,9.909022656266515,9.950803442348702,-1.0096841845661402,1.1656762866366421e-05,-5.324007892113961e-05,0.00023998964780382758,0.003387051247196744,-0.006749154378838599,0.0068083335313828776,9.94812387982825,10.010356625041384,-1.0668385436331913,0.021660769522435404,0.0016418197410295824,-0.0013190178911764285,9.95555111207068,9.937791044736514,-1.0515940338373184,0.01408187672495842,0.009477457031607628,-0.0010424506617709994
37.26598381996155,9.916273576627583,9.954339451003156,-0.9808169193565845,1.1270578723000344e-05,-5.322489149329377e-05,0.0002401731355834165,0.003372354849443491,-0.0067473311277053685,0.006806944328447853,9.949073705724507,10.010968741714112,-1.0663691585371664,0.02383472028227307,0.0028023281495945015,-0.0014791083097769502,9.95495411194861,9.936299498105654,-1.0514882951974869,0.015866274014115334,0.009570158086717129,-0.0014558573020622134
37.305984020233154,9.919259396943845,9.953241524323428,-0.9959551924839616,1.1367386038070256e-05,-5.3360680792530915e-05,0.0002388308965641489,0.0033777280968208226,-0.006753323329753958,0.006805482427985192,9.949965869229235,10.010759403865213,-1.0660649317421347,0.025974635174848226,0.003726504599180313,-0.0017279863618250436,9.954759562388062,9.935559446836123,-1.0515628010034561,0.017196841537952423,0.009966096840798855,-0.0018733523320406675
37.36198401451111,9.931361713433137,9.966171000827812,-0.9811142478138208,1.154630741743174e-05,-5.390732017198159e-05,0.0002333411684148619,0.0033918748155985813,-0.006777604753735771,0.006800983961492395,9.94987020316767,10.010326275860995,-1.0650752974042517,0.027455032088526787,0.004654997288708413,-0.0016176361042804994,9.954684222117066,9.934601957822451,-1.0514140278100967,0.018973568454384804,0.01066871453076601,-0.00203060288913548
37.401983976364136,9.930153005700273,9.97319576656619,-1.0067278183996677,1.1525321530685603e-05,-5.413953523498488e-05,0.00023099395720008366,0.0033942390253230335,-0.0067877636156179555,0.0068012784234765915,9.95076859633895,10.010569789537348,-1.0651120948626613,0.02942081297194225,0.006117332165543508,-0.0017779411976056936,9.9546861294657,9.933943922544131,-1.0511142164468765,0.02022293210029602,0.011217551305890083,-0.002052348107099533
37.465983867645264,9.936247510827904,9.96455671218538,-1.005341874435544,1.1848728035349277e-05,-5.476624115985301e-05,0.00022474837250441553,0.0034144873813132166,-0.006815841745941856,0.006801699624245876,9.950661710714042,10.009961286161563,-1.0650736793795872,0.03055021296170195,0.00722110281135822,-0.001849382439423738,9.954831087961793,9.933091337705264,-1.0504795461893082,0.021999184042215347,0.01256509032100439,-0.0020439857617020607
37.50598382949829,9.944680688214232,9.949574160932,-1.02356833871454,1.2292591712351975e-05,-5.528308074492453e-05,0.00021966851471048497,0.003437190045489587,-0.006839213691841206,0.0068067831962495525,9.951046191915474,10.009078253537997,-1.0659392180648901,0.031956603221876385,0.008455987389609365,-0.0023384184860352725,9.954984629526734,9.932639296079287,-1.0501226335763931,0.022998670116066933,0.013447270728647709,-0.0022587364073842764
37.561983823776245,9.945705060660986,9.95790105532875,-1.039553925395012,1.2426218705271374e-05,-5.543970447232654e-05,0.00021813815021311196,0.0034438613339090093,-0.006846253322707386,0.006810561312257787,9.952237548737582,10.009072160572487,-1.0666925007642587,0.0336440102638491,0.009973386049243093,-0.0027906018811696717,9.955307925119996,9.932109053159365,-1.0497522503137589,0.024418767541646957,0.014775429852306843,-0.0026085013523697853
37.60198402404785,9.950613505338168,9.9555255873693,-1.044445869512856,1.2390069261330248e-05,-5.6045322514860226e-05,0.0002119949364271107,0.0034504356554615544,-0.006872839674454933,0.006815560231437976,9.952658344098007,10.00947217292519,-1.067679677263262,0.03486467284775869,0.011625012702633355,-0.0032255913796480373,9.955621683970094,9.931711370969424,-1.049686685204506,0.025482337921857834,0.015653114765882492,-0.0029570674523711205
37.66598391532898,9.959322893572107,9.950798248543926,-1.036847572773695,1.2363848170795166e-05,-5.631660388032999e-05,0.0002092379088515003,0.0034530970962529865,-0.006884697291286402,0.006815448573157051,9.953768208654548,10.009984018105088,-1.0677647845017246,0.036169865663164574,0.013214158936336554,-0.0033072819500234163,9.956319773569703,9.931208784604678,-1.0497571378946304,0.026894528418779373,0.017060955986380577,-0.003222611965611577
37.70598387718201,9.955682547486942,9.957717973470308,-1.056962384376675,1.2187124911678947e-05,-5.6503867687291914e-05,0.00020727763483375201,0.003449315439209546,-0.0068924672551559825,0.006810190148116412,9.955299737632677,10.010840342737024,-1.066926182873591,0.03780718675732006,0.01512254663520673,-0.003396266156133794,9.95685383118689,9.931011374021182,-1.0498922020196915,0.02782510779798031,0.017952855676412582,-0.0035518892109394073
37.76198387145996,9.947663108220283,9.958716835142727,-1.0398977790027857,1.224249105807755e-05,-5.6687835552110656e-05,0.00020542946998705305,0.0034539900075068724,-0.0069005233910178505,0.006805643499198571,9.956693215734203,10.011342247464789,-1.0662181620996187,0.03902080191562915,0.01675655694889582,-0.00324441539844295,9.957788432016969,9.930934126401553,-1.0499600321054459,0.028979534283280373,0.019566180184483528,-0.0035922673996537924
37.80198383331299,9.949399735329829,9.976532144592131,-1.0389452865347266,1.2843116853688427e-05,-5.7009919561708615e-05,0.00020236698660746618,0.0034804387479460083,-0.006915372252614896,0.006795406141037921,9.95790361891602,10.010641365665359,-1.0644341297083115,0.04021230592438109,0.018024681742034074,-0.003024876928354364,9.958594286814332,9.930980856443057,-1.0499633699655533,0.029804782941937447,0.020757993683218956,-0.0035739897284656763
37.865983963012695,9.96190477499879,9.9809661449733,-1.032027487643063,1.2942184374948176e-05,-5.6906750926274145e-05,0.00020345395688405743,0.0034825546112893084,-0.006910896960489745,0.006793354538937345,9.960102917278283,10.01120412965178,-1.064141081338858,0.041429563161619866,0.019631797508560936,-0.002993283121655648,9.960005724802613,9.931142981076846,-1.0496685653924942,0.03086736612021923,0.022599590942263603,-0.0033985774498432875
37.90598392486572,9.963500620213233,9.979515877151478,-1.0497034713625908,1.312601200751357e-05,-5.631727434566719e-05,0.0002095103891595819,0.0034809129533262557,-0.006885024135766739,0.006788783774870589,9.963688501332832,10.011541860206236,-1.0633710202604427,0.043429299779361684,0.021050650059386583,-0.0030015496719166587,9.96095653809607,9.931288893247256,-1.0494766384363174,0.03156541660428047,0.023548884317278862,-0.0032433539163321257
37.96198391914368,9.948936406995534,9.9799146184758,-1.0570488574448973,1.327313914946965e-05,-5.5976062495509934e-05,0.00021302974935099352,0.0034813974367483517,-0.006870093978624701,0.006787870349835556,9.966354915973637,10.01199921742047,-1.0633184228924188,0.04461678336600909,0.02221851741109582,-0.0031570436199820527,9.962602579966187,9.931650335813174,-1.0491144806146622,0.03250056505203247,0.024943191558122635,-0.003292856039479375
38.001983880996704,9.944091944444953,9.980628655947179,-1.0675057070329785,1.3392023252613937e-05,-5.52896343393885e-05,0.00022005212881397307,0.0034759654948560734,-0.006839787188229335,0.006788324689396473,9.970132329303043,10.01263349791655,-1.0635454478309712,0.04641976292477136,0.0237301860456205,-0.003451497702509834,9.964044535532594,9.931992704892764,-1.048866644501686,0.03327649459242821,0.02588302083313465,-0.0032917687203735113
38.06598401069641,9.943149705614369,9.971914408204908,-1.0639772349968553,1.3379243652909408e-05,-5.501994219239791e-05,0.00022279438624696798,0.003471646518430684,-0.006827744590500829,0.00678881580396798,9.972928232076093,10.013665738823864,-1.063801407595,0.0476097520955377,0.025111981533698317,-0.0037803504375619663,9.966651881113648,9.932698423886904,-1.0486532598733902,0.0347842276096344,0.027308253571391106,-0.0035173571668565273
38.10598397254944,9.941104206857272,9.979331098638937,-1.0668407129123807,1.3280103956629224e-05,-5.475509144175191e-05,0.00022546607027848096,0.0034642823709852264,-0.006815795492955288,0.0067900324319429585,9.975760054256495,10.014987880761547,-1.0642111744139873,0.048538721143101086,0.026391399362274123,-0.004128340442100407,9.968425715342164,9.933237249875674,-1.0486000925302505,0.03558574989438057,0.027982866391539574,-0.003634359920397401
38.146347999572754,9.946486155339487,9.983272788416771,-1.0436980593949556,1.302180361846915e-05,-5.4161948143288015e-05,0.00023142655599114406,0.0034466102908129632,-0.006789043063085287,0.006791448908953394,9.979306252703518,10.016615540005066,-1.0646158033693447,0.04981715709152353,0.027737104207649244,-0.004481529866878383,9.970263445749879,9.933862860227237,-1.0485479980707169,0.0363834910094738,0.028686106204986572,-0.0037743952125310898
38.20234799385071,9.96430644139878,9.98068393328103,-1.0394869344308972,1.3021891019824232e-05,-5.39462324315827e-05,0.00023359326276410508,0.003443669712155484,-0.006779468070356525,0.006789491912518673,9.982374656594954,10.017945479869011,-1.0644371366242757,0.050499941582342986,0.029005593134964876,-0.004602877120570066,9.972930872812867,9.93493669750751,-1.048642173409462,0.03746959939599037,0.02981755882501602,-0.0039693377912044525
38.242347955703735,9.97226206897868,9.99460594258871,-1.0465810894966125,1.3550134448058713e-05,-5.348848705186298e-05,0.00023817609148920889,0.0034567289040139614,-0.0067601716138295555,0.006784100857369896,9.98576231068534,10.017859822602201,-1.06362047564043,0.05111970047162427,0.02952533891587787,-0.004685509215268094,9.974945032969117,9.935822660947451,-1.0486978441476822,0.03814007714390755,0.030646922066807747,-0.004097972996532917
38.30634784698486,9.978505385768907,9.99697566031575,-1.03500687610358,1.3800999860742947e-05,-5.315694831103781e-05,0.0002414611894924313,0.0034612766826286646,-0.006746107252797165,0.006783567282297664,9.98897209297816,10.01857399866003,-1.0636890861854298,0.051486467444069164,0.030090226281845874,-0.004745415203601651,9.978308642283082,9.937247450376162,-1.0484448820352554,0.038906894624233246,0.031647905707359314,-0.004127700347453356
38.34634804725647,9.996208517421412,10.000817566112143,-1.0513508548028767,1.3849602306601432e-05,-5.250564729971868e-05,0.000247880407903114,0.003454134072213359,-0.00671775891152711,0.0067833907918661675,9.992982951175648,10.019700031258017,-1.0638149367312983,0.05199599825959996,0.030700796268085122,-0.00482841722544592,9.980534518137574,9.93812101604999,-1.0482678562402725,0.039319347590208054,0.03201940655708313,-0.00395666528493166
38.402348041534424,10.00485609681354,10.010376161275348,-1.057009659765754,1.3991149816259037e-05,-5.229507801102034e-05,0.00024991462345983975,0.003456300800186868,-0.006708923931170396,0.006785479718579743,9.996208487719974,10.02090973225109,-1.0644408758315853,0.05172637189903647,0.03136632769520549,-0.005070925339052582,9.983817065134645,9.93945043804706,-1.0479592233896255,0.03963013365864754,0.03253293037414551,-0.003908415790647268
38.44234800338745,10.005130170444541,10.000926192791113,-1.0609035305678844,1.440711142109436e-05,-5.181316223600557e-05,0.0002544528985208344,0.0034649100780054154,-0.006688925052543031,0.0067882163357291265,9.999853376690801,10.021257453076965,-1.065183859769155,0.051745764023949876,0.03153748505955894,-0.005589630541944427,9.98626514710486,9.940450842404971,-1.0477503687143326,0.03982792794704437,0.03288706764578819,-0.004205293022096157
38.50634789466858,9.995312852515305,9.998653418803572,-1.054416064871475,1.4655777245418721e-05,-5.1338520401360726e-05,0.000258920438615556,0.003467657310681402,-0.00666892309586507,0.006790174281393141,10.003644494657182,10.022163896820716,-1.065821454025003,0.05132345591438307,0.03189298379125992,-0.006087779179671215,9.990298235788941,9.942100698972354,-1.0476148277521133,0.03980357572436333,0.03332220017910004,-0.004563900642096996
38.546347856521606,10.0046198176871,9.994956893201941,-1.0730466563254595,1.5329809495216588e-05,-5.065698803856422e-05,0.00026502207764769194,0.003483623811623388,-0.006640983696884426,0.006791488881109976,10.007664484198191,10.021800736558655,-1.0663541925670557,0.051037005893920566,0.031652660326262405,-0.006403151605682046,9.99292846955359,9.943095381284365,-1.047658696770668,0.03967782482504845,0.033488720655441284,-0.004907966125756502
38.60234785079956,10.001356316921603,10.004817524967747,-1.0685355430468917,1.565281477426074e-05,-5.047766690439825e-05,0.0002664813002736978,0.0034933393274146117,-0.006633999622410664,0.006791562287615189,10.01067630710865,10.022581763506068,-1.0667143274028703,0.049640579682939605,0.03164085083291377,-0.0066712695472965,9.996693575754762,9.944385702634463,-1.047771468758583,0.03920529782772064,0.03336683288216591,-0.005132143385708332
38.64234781265259,10.017612412900602,9.999947773921804,-1.057396416348638,1.6688913039380257e-05,-4.994439003626239e-05,0.0002704877948190671,0.003525584731515195,-0.00661368058759678,0.006789755483893811,10.01426007539696,10.021341513780754,-1.0666773864243475,0.04856702056986536,0.0307901704767404,-0.006655721608050376,9.999360049143434,9.945194418454776,-1.0479834228754044,0.03868364542722702,0.03316721320152283,-0.005194465629756451
38.706347942352295,10.021325375552331,10.00194025748306,-1.053792938357219,1.7131393215801028e-05,-5.002928681909169e-05,0.0002692288939430504,0.0035432564263877327,-0.00661846894867056,0.006791083990953751,10.016334735663515,10.021680000246038,-1.067236255762317,0.046724514899410485,0.030390648665557074,-0.006671732924362702,10.003555262461305,9.946308310056338,-1.0482758432626724,0.03747965022921562,0.032352764159440994,-0.005206254310905933
38.74634790420532,10.02824246225479,9.996409053357914,-1.0827367408201098,1.7684543175454494e-05,-5.0405593703016955e-05,0.0002651238624400497,0.0035685678734437604,-0.006636016859505017,0.006794552062914587,10.017673035206105,10.021672792807514,-1.068244817033435,0.04424352992745143,0.03001363564973342,-0.006687020092487413,10.006081545725465,9.94682520153583,-1.0484604984521866,0.03645672649145126,0.03175865858793259,-0.005067488644272089
38.802347898483276,10.032227794139102,9.988063978963762,-1.0804320154711604,1.794353284991734e-05,-5.05779642379848e-05,0.0002631870535258141,0.0035806255312187795,-0.00664402749857288,0.006792934148134975,10.019510637636731,10.022512690342516,-1.0683134899851494,0.041584959608123785,0.029760295767515856,-0.006428757433033558,10.009382212534547,9.94744890453876,-1.048999086022377,0.034541964530944824,0.030841879546642303,-0.004995072726160288
38.842347860336304,10.036196862809271,9.989995155724522,-1.0621669578831643,1.8351153664155237e-05,-5.049121085584026e-05,0.00026327738494304475,0.0035952702981577405,-0.0066415257349012454,0.0067919036339920595,10.021714859724158,10.022699603897111,-1.0684435227096478,0.03920824683423611,0.029494407728159425,-0.006329233227034758,10.011532748118043,9.947844679380069,-1.0493586212396622,0.03292746841907501,0.030245568603277206,-0.004912222735583782
38.88234782218933,10.038951568114141,9.988795721638306,-1.0569953394588083,1.8684980164488743e-05,-5.044295561780857e-05,0.00026305107572355247,0.0036078427239940223,-0.006640545901879579,0.006789647620976962,10.023682477475603,10.02317870261447,-1.068296571124902,0.036592471648802895,0.029287166582036592,-0.005991751535807162,10.013554537668824,9.948192770505557,-1.0496776252985,0.03096960484981537,0.029491962864995003,-0.004806542303413153
38.94634795188904,10.064192961192065,9.989664358355945,-1.0597057867562398,1.9368419016702325e-05,-5.0484152337856976e-05,0.00026123026362186597,0.0036354239403292776,-0.006644591715000367,0.006783793232665102,10.025596724202332,10.022789356978624,-1.0674626564900582,0.03355213546755514,0.028726658701100072,-0.005385823346030069,10.016606295481324,9.948667700315127,-1.0500540882349014,0.027885297313332558,0.028579050675034523,-0.0042294468730688095
39.00234794616699,10.064911431604948,9.98506318190336,-1.047929902561009,1.9565945898158645e-05,-5.050978464510291e-05,0.0002605204358161815,0.0036438307136394503,-0.006646326842521527,0.006777972669145312,10.027184286478136,10.023571666236467,-1.0665637152733962,0.030664058856482875,0.028755474705390933,-0.004681076100742112,10.019100153818727,9.94891088726581,-1.0501129776239395,0.024910300970077515,0.02770506590604782,-0.003552640089765191
39.04234790802002,10.057803250721895,9.983135117055678,-1.0447404766455293,1.9996538680597046e-05,-5.01509619673745e-05,0.0002623898334520103,0.0036576227479906426,-0.006632881256161295,0.006766687403095566,10.029791619179491,10.023700894381523,-1.0645792859986234,0.02789331333011403,0.02854633239445568,-0.0042015949527971965,10.020793879404664,9.949054892087588,-1.0499985367059708,0.02276238054037094,0.027135396376252174,-0.003256392665207386
39.10634803771973,10.074130378389096,9.986218420269191,-1.0563882067799568,2.0349161702193195e-05,-4.9597579607114724e-05,0.00026590870028401223,0.0036665007388252736,-0.006611231550647909,0.006754277991535141,10.032776042424706,10.02401141437455,-1.0623801419901557,0.025249845305503497,0.028190728511869087,-0.003810395438671927,10.023424113169312,9.949201757932315,-1.0496536642313004,0.019100766628980637,0.02598823979496956,-0.002746781101450324
39.14673686027527,10.06921039613688,9.9870471180879,-1.077709810808301,2.0406641894185754e-05,-4.950041746142498e-05,0.0002664983405887833,0.003668041766139021,-0.006607389839602215,0.006749055145280526,10.03417715200531,10.024990350917053,-1.061570645281323,0.022599216673793495,0.02845332066786448,-0.0036489690864068966,10.02505394257605,9.949273283506045,-1.049244299530983,0.0169406495988369,0.025493912398815155,-0.0025040253531187773
39.20273685455322,10.068282296033775,9.987344812754225,-1.0650118263438344,2.0468499874893073e-05,-4.9403948220297096e-05,0.000267028513748057,0.003670041526343081,-0.006603534968857434,0.006738258151136928,10.035708196659018,10.026092344250845,-1.059696685107781,0.01941866219578092,0.028718491630795314,-0.003765831208449363,10.027317011728883,9.949405844236026,-1.048515573143959,0.013922170735895634,0.02485521323978901,-0.0023122483398765326
39.24273681640625,10.071489668342572,9.991609622879983,-1.0725245494395494,2.0539604829848665e-05,-4.940401514375755e-05,0.0002667582170982837,0.0036731544594974545,-0.006603810400276759,0.006734328143077656,10.036739672925599,10.02730914761981,-1.0591745426783843,0.01623362868828676,0.02902206344273307,-0.004343372169814014,10.028799021616578,9.949564154172549,-1.0479806810617447,0.011801003478467464,0.024458516389131546,-0.002445268677547574
39.30673694610596,10.077288357090222,9.996741107160497,-1.0705664092674851,2.0965871098138846e-05,-4.8952217784463445e-05,0.0002686279688108813,0.0036872285871639003,-0.006587251279812012,0.00672184744121646,10.03887140599502,10.027548813760587,-1.0570855936725776,0.013581639026013156,0.02906209494448788,-0.004927704700611474,10.030962908640504,9.949953253293643,-1.0470917373895645,0.008432872593402863,0.024205120280385017,-0.0028078530449420214
39.346736907958984,10.07362778877749,10.008084812809024,-1.0845417669042945,2.091014948062564e-05,-4.857598193480441e-05,0.0002717534075650851,0.0036813275746440765,-0.006571573980364226,0.00671665340519506,10.040523194025809,10.028989407141308,-1.056372189392003,0.011201433630464058,0.029661303267176368,-0.005778462308325756,10.032216990366578,9.950257475400576,-1.0465005785226822,0.006423343438655138,0.024093270301818848,-0.003165187779814005
39.40273690223694,10.070504953215915,10.027920151928743,-1.074885462410748,2.0659257295596294e-05,-4.8027569474798534e-05,0.00027697099849491763,0.0036656568614144174,-0.0065479204417587845,0.006707253278212569,10.042573761480956,10.030950831684354,-1.0549100108623641,0.009107732093040671,0.03049957917270757,-0.006417252620979223,10.033993685618043,9.950732405210147,-1.045685425400734,0.0038035798352211714,0.024065816774964333,-0.003699007909744978
39.442736864089966,10.068259549033444,10.025257828897427,-1.0837460570037365,2.036179496751454e-05,-4.767423431629809e-05,0.0002809376388395129,0.003649490071902895,-0.0065320150854159455,0.006704256941113636,10.04397449244277,10.03323271939321,-1.0547238969645467,0.006688859644641941,0.031374419131468274,-0.007679151562220276,10.035211527720094,9.951241667295108,-1.045081987977028,0.0020679153967648745,0.02403905615210533,-0.004256530664861202
39.50673699378967,10.046463338520459,10.035191542841014,-1.0844529354944825,1.954761488589588e-05,-4.680912969403813e-05,0.00029109389655554755,0.003606110668783969,-0.0064925705567215365,0.006698532811577773,10.046520046053942,10.036703384644447,-1.0540209821547362,0.0049433941643117225,0.032974896654347004,-0.00868105008612718,10.037071192637086,9.952465231443057,-1.0440241247415543,-0.0007402520277537405,0.02462155930697918,-0.005089579615741968
39.5467369556427,10.056690598923588,10.03970584275257,-1.0784153928980231,1.9326356199803195e-05,-4.637452806658729e-05,0.0002953700562176148,0.0035923853965753867,-0.006473812129508994,0.006696743642961296,10.047868379945776,10.03894934020636,-1.0541763525540166,0.002758341757605354,0.03398044226732412,-0.009856072361271676,10.0381822232157,9.9535896134621,-1.0434084087610245,-0.0022447577212005854,0.025237584486603737,-0.005572660360485315
39.602736949920654,10.056565525075507,10.039222179646908,-1.073549760505557,1.9135751046239508e-05,-4.562671219774825e-05,0.00030182482117198617,0.0035769785302221914,-0.006442677046612869,0.006695795462053096,10.04994478039181,10.041133915538566,-1.0546087847034702,0.0008711288737052642,0.03491038220383551,-0.011238456551312326,10.039713824167848,9.955540831113467,-1.0426969677209854,-0.00426081195473671,0.026286711916327477,-0.006534454878419638
39.64273691177368,10.07004169136023,10.033318484736485,-1.0847116857767105,1.9115182888501475e-05,-4.520447558617866e-05,0.0003050261369518267,0.003572071376575766,-0.006425642012552803,0.006695905714340111,10.05108685440156,10.042662485489263,-1.0551970947065856,-0.00103995975294123,0.0356270574171565,-0.012460194730117082,10.040762865915895,9.957098181272158,-1.0423329025506973,-0.005637453403323889,0.027134642004966736,-0.007327244617044926
39.68273687362671,10.049058932928624,10.034063921893416,-1.0782121382653713,1.8915662177137414e-05,-4.469954492210917e-05,0.0003097363185332393,0.0035584188919967276,-0.006404215202829399,0.0066968810526074896,10.052286238556192,10.044752762856534,-1.0560924426510916,-0.0029386414082558576,0.03627730176995629,-0.013713509228143418,10.041772807016969,9.958769018674502,-1.0421425253152847,-0.006987974978983402,0.027855021879076958,-0.00809833500534296
39.746737003326416,10.04266689924318,10.033823461361468,-1.0809431709349155,1.8782748624392136e-05,-4.445523208609595e-05,0.00031222221845062426,0.003550002524421241,-0.006393673831943776,0.00670000167763255,10.05267870401193,10.046917923160176,-1.0574818311262366,-0.005311449111977887,0.03682521970580345,-0.014752732100439583,10.043246233835816,9.9615241837746,-1.0421897321939468,-0.00908376183360815,0.028797147795557976,-0.009137946180999279
39.78673696517944,10.044248166546984,10.027881269822148,-1.077631157822907,1.8402825640599232e-05,-4.405971816808841e-05,0.00031717554922600295,0.0035285765684472067,-0.0063756442621412685,0.0067097441106534145,10.05331089897031,10.049625499823549,-1.060240789592893,-0.007550558784971857,0.03742292450780344,-0.01575498471205276,10.044005358591676,9.96332090618671,-1.042473927140236,-0.01039037387818098,0.029239432886242867,-0.009624535217881203
39.8427369594574,10.04563011612462,10.021461952811698,-1.0770854447036982,1.846546410324753e-05,-4.39243512915884e-05,0.00031780355782409016,0.0035298779874139738,-0.006370661366681262,0.006713516152452779,10.053218715547745,10.051152497393922,-1.0617876113952693,-0.009734765229739394,0.03728297100149022,-0.016204242449720355,10.044810259714723,9.96594541790546,-1.043185368180275,-0.012325420044362545,0.029733996838331223,-0.01018940843641758
39.882736921310425,10.038555009764778,10.032695219159717,-1.085004766471684,1.8566073228556883e-05,-4.396381277729855e-05,0.0003170252577813644,0.0035341962829950253,-0.006372807339437887,0.0067201594495064606,10.052507627373215,10.05254019854657,-1.063973293682555,-0.012157713325772118,0.03697573842691806,-0.01647587122818833,10.045221293345094,9.967832739377627,-1.0438631922006607,-0.01366681233048439,0.029910575598478317,-0.010378126055002213
39.94673681259155,10.032691357270192,10.032263360487152,-1.0854083960875869,1.8416225265728137e-05,-4.3746327585190024e-05,0.00031940109589264476,0.003525218547515955,-0.006363289577226597,0.006724265083949026,10.052329922399206,10.05473963006245,-1.065664886284694,-0.01445421305322693,0.03668830124221734,-0.016128450642968757,10.045495951548219,9.97070043804706,-1.0451729446649551,-0.015995193272829056,0.029927896335721016,-0.01030133105814457
39.98673701286316,10.025644317613967,10.029892309854821,-1.0937780439853668,1.802892307521017e-05,-4.337800417314221e-05,0.0003242567914867018,0.003503614984288215,-0.006346302913256567,0.006734872548352466,10.05233377351919,10.057401580977354,-1.068665224317188,-0.016482639187858566,0.03658374938466221,-0.015720813919758714,10.045423472300172,9.972427542234072,-1.0460736900568008,-0.017490996047854424,0.029757248237729073,-0.009997960180044174
40.04273700714111,10.01313271424304,10.024615642860333,-1.0818242775276303,1.803560739875925e-05,-4.322635820500004e-05,0.00032523780687173477,0.0035023336535016953,-0.006340390935651103,0.006739751246006294,10.05177208716271,10.0589978402371,-1.0703976792774559,-0.01848400909371239,0.03577918912148841,-0.014949066131226235,10.045125925913453,9.974844152951846,-1.0474349409341812,-0.019476287066936493,0.02927572652697563,-0.009414327330887318
40.08273696899414,10.008575444947983,10.033405419741431,-1.0584705295041203,1.825040542896863e-05,-4.2890725637012694e-05,0.0003260904181162808,0.0035090166620114407,-0.006328705732350167,0.006748278640411446,10.051434512406821,10.05992321631745,-1.0727789008138664,-0.02026932753883018,0.03477947229506035,-0.01414450529034841,10.044728243723512,9.976571257138858,-1.0486592203378677,-0.020963452756404877,0.028917502611875534,-0.00894057098776102
40.147138833999634,9.991561854197244,10.036245197329071,-1.0569973606616259,1.824374362690504e-05,-4.297031301511852e-05,0.00032570442778692314,0.003508956711905089,-0.0063316343649393435,0.006752489142801855,10.049922246752141,10.061651982010007,-1.074290431657468,-0.022695064223069276,0.033807953269270934,-0.012764697713785703,10.043759310618043,9.979098494077334,-1.0507148653268814,-0.023380521684885025,0.02815161645412445,-0.007750503718852997
40.18713903427124,9.980844654920663,10.047299341638602,-1.0932115772739053,1.809019102706065e-05,-4.335145619249835e-05,0.0003245362454361878,0.003503951913552663,-0.006344987796006647,0.006760325058882746,10.047271544797205,10.063666413463167,-1.0765351893508934,-0.0252370493478305,0.03261312904343403,-0.011246967359848358,10.042897189036012,9.980552847409854,-1.051934614777565,-0.024790599942207336,0.02723759412765503,-0.006947566755115986
40.243139028549194,9.986095512533318,10.04948433127373,-1.0821808530017734,1.8044993470620008e-05,-4.3526592766376656e-05,0.00032388492094106216,0.0035027177559102426,-0.006351265814601622,0.006764436156637245,10.045367660608212,10.065282823197908,-1.0778676437007928,-0.027193936392299896,0.0313154810541721,-0.009357875911223239,10.041213953867555,9.98248022320331,-1.053587093949318,-0.026742324233055115,0.02577015571296215,-0.005288322456181049
40.28313899040222,9.971978503757967,10.045829513734787,-1.0850613247603178,1.781217473546874e-05,-4.392626125573272e-05,0.00032324325030440483,0.0034945525822174333,-0.006364426726619809,0.006763977997992174,10.042524688880102,10.067257702714324,-1.0781800436948894,-0.029398968058803533,0.030247343631233308,-0.007365844671073697,10.039695704355836,9.983848745847354,-1.054651752114296,-0.02828291803598404,0.024840962141752243,-0.003998836036771536
40.34713888168335,9.976001600443631,10.04703556072633,-1.063627952709794,1.77770379284151e-05,-4.419246233730132e-05,0.00032207831116197303,0.0034946679110934463,-0.006373993277843317,0.00676229902022561,10.04003872310978,10.06883587182412,-1.0781461985141116,-0.03130614875956915,0.028708770125724765,-0.005377324369060927,10.036750758066773,9.985990698362002,-1.0562113672494888,-0.030788563191890717,0.023075005039572716,-0.0021457653492689133
40.38713884353638,9.985102717426598,10.046471501810895,-1.0321111027151346,1.747524133576145e-05,-4.469298415413824e-05,0.0003215296164072201,0.003483974962051694,-0.006390228053103836,0.006755729187875858,10.036704127993941,10.070992177627527,-1.0768787704226757,-0.03338087007486441,0.02747084843063765,-0.00319381064476714,10.034586871042848,9.987271482968936,-1.056921973824501,-0.03234785795211792,0.022054404020309448,-0.0007897806935943663
40.44313883781433,9.9889961808216,10.043518001939683,-1.0355666521936655,1.7301820832124106e-05,-4.502219428775637e-05,0.00032108364135939783,0.0034778472539540575,-0.006401065784992434,0.006752721811783794,10.034052402411408,10.072667151724618,-1.076291403721713,-0.03478443523885103,0.026117983469512447,-0.0014066945744938804,10.031217539682984,9.989031965757022,-1.0574132353067398,-0.0343475416302681,0.02051202394068241,0.0011030870955437422
40.48313903808594,9.98699696815074,10.044610968910405,-1.0592676755040884,1.706223961978111e-05,-4.518255871227317e-05,0.0003219174146140738,0.003467951795702392,-0.006404975547917052,0.006747260593682588,10.031644036621135,10.074341977496529,-1.0751043952480763,-0.035636122378838925,0.024781536712941872,-0.00014363272122090682,10.028621638193727,9.990252668882022,-1.0574625879526138,-0.03555666655302048,0.01933206617832184,0.002223901217803359
40.547138929367065,9.997060738555495,10.051332942216971,-1.0708044292405248,1.679175897623965e-05,-4.530637853783701e-05,0.0003231917278929724,0.0034559271993721036,-0.006407561916924595,0.00674723798836138,10.02935812851773,10.076230540224993,-1.0750549181351798,-0.03614737215651657,0.023491590730180312,0.0007252575598273293,10.024319613352418,9.992098982358584,-1.057148590683937,-0.03709300234913826,0.01765621267259121,0.0034164548851549625
40.58713889122009,9.991508753346203,10.057889896374515,-1.069466968998313,1.6204545224853363e-05,-4.540520936140442e-05,0.00032668830773522,0.0034292584314341615,-0.006406968051612398,0.006745940538798056,10.027015487559959,10.078839919124468,-1.0746702068105833,-0.03634125626208429,0.022374136931813945,0.0012085980733338374,10.021619761362672,9.993212873960147,-1.0566840320825577,-0.03773720562458038,0.016526035964488983,0.003990327939391136
40.64313888549805,9.995043775388387,10.058357494027831,-1.0822021821513772,1.587524266835491e-05,-4.5374528434020706e-05,0.00032897260497602253,0.0034141364241889027,-0.006403517320063847,0.006743717973285534,10.02527854406152,10.080671247227965,-1.074141317959174,-0.03617773998068629,0.020970563976620202,0.0013926621484327436,10.017885172739625,9.99481504681171,-1.0559891611337662,-0.03850814700126648,0.014957225881516933,0.004384079482406378
40.683138847351074,9.988288499038555,10.060493242038303,-1.0713315615430474,1.5414638748182068e-05,-4.525004633396259e-05,0.0003324306219792006,0.003392867140108037,-0.006395735622312521,0.006740199231041188,10.023700055835679,10.082702132337968,-1.0732956152211726,-0.03542642216869192,0.019713921823238525,0.0014236147724666682,10.015274012461305,9.996002371335635,-1.055508866906166,-0.03856831043958664,0.013842125423252583,0.004526019096374512
40.74713897705078,9.985069853654727,10.066288097422682,-1.097737037576735,1.5049007162365796e-05,-4.5168245391236646e-05,0.00033505895411339073,0.0033760882857224637,-0.006390310001854386,0.006738577805648232,10.022008637697382,10.084592010403265,-1.0729080997114817,-0.03438762351316836,0.018271984476813222,0.001227401309681761,10.01129719056189,9.997893507505069,-1.0547468811273575,-0.038168203085660934,0.012233627960085869,0.004544427152723074
40.78713893890381,9.975874970713175,10.058131987293454,-1.081598687916994,1.4355915952489522e-05,-4.536594933043387e-05,0.000338705891966758,0.0033455473214394128,-0.006392597026971713,0.006735132628399226,10.019462539399733,10.087189229318273,-1.0721300052819285,-0.033387198214459395,0.017349043154936357,0.0007500827518000208,10.008960688486695,9.999063665891299,-1.054321900010109,-0.03753390163183212,0.011356564238667488,0.004265566356480122
40.84313893318176,9.99574023360175,10.056027792751445,-1.0751238212687895,1.3901394830059373e-05,-4.574909757123674e-05,0.00034024668036049293,0.003326099427126779,-0.006403147189832961,0.006733588699917272,10.016796993264636,10.089115968118978,-1.0717605794911407,-0.03239972529903739,0.01615433329235766,0.00013532474760322957,10.00579353608191,10.000754530454287,-1.0538121610879898,-0.0363614447414875,0.010172438807785511,0.003737532999366522
40.88313889503479,9.995587322189092,10.05921694602802,-1.0787075413390994,1.2723049037858648e-05,-4.655718601507919e-05,0.00034483223870427536,0.003275098590619394,-0.006424103559204684,0.006733222614502405,10.012984939672592,10.09284535616447,-1.07163033076017,-0.03160630155351917,0.015774427662509444,-0.0005754305851972466,10.003551447764039,10.001991446042666,-1.0533015877008438,-0.03522845730185509,0.009390894323587418,0.0033344831317663193
40.9471390247345,9.993392168764037,10.058234979227258,-1.0798220662400126,1.2139613318892216e-05,-4.682125924061698e-05,0.00034747837453102427,0.003249612485154472,-0.006429763931077216,0.006733829439012921,10.010638914656974,10.095083098308589,-1.0717808754607803,-0.029943547783814237,0.014416494654909493,-0.0013200735666965043,9.99992080964148,10.004135305905947,-1.0525976568460464,-0.0335640013217926,0.008142605423927307,0.002574102021753788
40.987138986587524,9.993734003194156,10.051269617390904,-1.0746371624118183,1.1359231790906235e-05,-4.741152392763387e-05,0.0003503383235520919,0.003215983607005109,-0.006445468680163944,0.006734363301831021,10.007546324796436,10.097591361467623,-1.0719452990334595,-0.028482524428058598,0.013532449502065107,-0.002128827780948484,9.997707331553102,10.005552465940127,-1.0522053390741348,-0.03222988545894623,0.007506564259529114,0.0020141946151852608
41.04313898086548,10.004135815919348,10.049143299838414,-1.0611490895971656,1.1106809590392162e-05,-4.79546300942896e-05,0.00035038385731123785,0.0032055038782897237,-0.006462619519624204,0.006733944577493386,10.004629079995386,10.098797305200268,-1.0719464951322724,-0.026730368419889673,0.01177548772869071,-0.002883338574459393,9.994733775034547,10.007525618100772,-1.051837220788002,-0.03031758777797222,0.006709017790853977,0.001370813581161201
41.083138942718506,10.012128964309955,10.045915578863868,-1.0669515924528241,1.076684315826781e-05,-4.8852280428558026e-05,0.0003502241541694349,0.0031908697414271318,-0.0064912974571691255,0.006737086656799583,10.000876451069098,10.099974861632434,-1.0727231782061677,-0.025294139015097146,0.010127237420010378,-0.0036287832122894564,9.99266048707068,10.008844549680362,-1.0517215877771378,-0.02894962765276432,0.005929678212851286,0.000892117852345109
41.147138833999634,10.002286419869655,10.056601832429992,-1.067900286987424,1.057237551799967e-05,-4.9115875782947526e-05,0.0003507078048295624,0.003182280902087738,-0.006499212051378787,0.006740140441941273,9.999005918840492,10.10081147660018,-1.0735256218320794,-0.02314439687814978,0.008274217222444034,-0.004084679456848361,9.989442789927125,10.01069467785419,-1.0517113357782364,-0.026640193536877632,0.004633279517292976,0.0003094646381214261
41.187541007995605,10.006458730625678,10.054175791381187,-1.0813179668039083,1.0231770631085301e-05,-4.935265566054206e-05,0.0003519888001178362,0.0031672258316136374,-0.0065054453361731955,0.00674541660748079,9.997264894621484,10.10183024704716,-1.0748755078033412,-0.020380102204462465,0.006456682603397213,-0.004344480939794008,9.987556422129273,10.01167124035419,-1.0519313961267471,-0.02503206394612789,0.0036777236964553595,6.215351459104568e-05
41.24354100227356,10.00480959290377,10.05835779162958,-1.0607075206935406,1.0143559654661045e-05,-4.9510897484269904e-05,0.00035216092534407184,0.0031632687006601,-0.006510274154767664,0.006746515367292315,9.9959382988745,10.102198337179981,-1.075286558795747,-0.017769647208115528,0.004345363663909898,-0.004463193010700125,9.9852037075907,10.012853796506533,-1.0524256378412247,-0.02250901609659195,0.002181511139497161,-0.00020985044830013067
41.28354096412659,10.006226984774704,10.061795235041178,-1.0524961212649941,1.0302273588491704e-05,-4.9501611104705135e-05,0.00035154744956188193,0.0031694971525972047,-0.00651057504990128,0.0067466755645499,9.995230419275682,10.101692436252463,-1.0754418395159053,-0.015052956589457073,0.002048274663157336,-0.004451557218057268,9.983763659372926,10.01353662731708,-1.0527792125940323,-0.02060222439467907,0.0010152969043701887,-0.00039117541746236384
41.347540855407715,10.024758454059606,10.071084337835563,-1.0687403767369688,1.048984924609213e-05,-4.92484044641298e-05,0.0003512280136149786,0.00317635842504856,-0.006503177304608448,0.0067541782792808185,9.995390696208162,10.101017612940181,-1.0772114577286875,-0.01153655246497394,-0.0006075516029600711,-0.004254017710413861,9.98189445771277,10.014298613095889,-1.053287759423256,-0.01728307269513607,-0.0012251409934833646,-0.00017944909632205963
41.38754081726074,10.032276464261468,10.076532104106441,-1.0720628798007965,1.0383672957540652e-05,-4.895284457807708e-05,0.0003519721731049561,0.0031720873683258118,-0.006493207226281264,0.006758048887694839,9.995823992787376,10.101131210724988,-1.0782338558066797,-0.007896349653711488,-0.0028890206279456824,-0.004076853024327037,9.981048548594117,10.014528448606143,-1.0535850673913956,-0.014967340044677258,-0.002685129875317216,-4.1570143366698176e-05
41.443540811538696,10.037024931698351,10.067928200225635,-1.0895077679306269,1.0550591450951331e-05,-4.877053604537245e-05,0.00035158513066945493,0.0031786855859790414,-0.006487874684291125,0.006757529240285051,9.996285519947515,10.100259564735458,-1.078352588152311,-0.0046444294994326,-0.0053665173704837595,-0.003629407796311561,9.98045345582068,10.014620001340518,-1.0542544275522232,-0.011453015729784966,-0.004982461221516132,6.335240323096514e-05
41.4835410118103,10.034372507979196,10.071256030634762,-1.0855022799223661,1.044948984187146e-05,-4.8820380422881636e-05,0.00035190580736282944,0.0031745102894223717,-0.00648912070197929,0.006757634016012855,9.996109735576235,10.100112498727311,-1.0785588224204214,-0.0015210400324407133,-0.007575687348827901,-0.0031592794406368513,9.980448687449098,10.014554197812686,-1.0547084957361221,-0.008776308968663216,-0.006567771080881357,0.00024397755623795092
41.54754090309143,10.019702472128937,10.08177872953098,-1.058824990876019,1.0461707733926364e-05,-4.934035397041824e-05,0.0003517082575198844,0.00317350741245062,-0.006505714158028711,0.0067565605700215465,9.994778969325358,10.099542713782045,-1.0783999447860155,0.0008637369224015833,-0.00960461132483647,-0.002461803444610498,9.98099228180945,10.014148886228213,-1.0553234964609146,-0.004308911971747875,-0.009149528108537197,0.0007956242188811302
41.58754086494446,10.015812299425157,10.083014153020393,-1.0709162703715265,1.0427949308290863e-05,-4.945459040597472e-05,0.00035178813940936184,0.0031718615667953526,-0.006509223787202569,0.006756141644548695,9.99463348929653,10.099078225403664,-1.078393871721714,0.0035073881117244276,-0.011652770019122178,-0.001758047220661671,9.981486285105348,10.013787443662295,-1.0555491596460342,-0.0016120857326313853,-0.010779086500406265,0.001264889258891344
41.64354085922241,10.03247414123895,10.06942656812511,-1.0357326157391071,9.886283767006932e-06,-4.9569638322318416e-05,0.00035314077647820877,0.0031514035057944776,-0.006511291964043266,0.006753509073316526,9.994790702298571,10.099774852994102,-1.077750627182403,0.00633738793623661,-0.01303526839055394,-0.0010184243354861289,9.982274973765016,10.013158018613467,-1.0557197481393814,0.0018582942429929972,-0.013036292046308517,0.001899348571896553
41.68354082107544,10.027781280330954,10.067039924073542,-1.0155509086325765,9.65320326031282e-06,-4.9557232350912524e-05,0.0003537098434595412,0.003142744533018992,-0.0065102749658768585,0.0067531351105505275,9.995339439947914,10.099604319247916,-1.0775837702831146,0.009078068540795932,-0.014518494077820262,-0.00029590396335364634,9.982949221506715,10.012663061643252,-1.0557971149682999,0.004144675098359585,-0.014421608299016953,0.0023566754534840584
41.74754095077515,10.045822126154157,10.064726900620022,-1.0114607149735093,9.105015565928224e-06,-4.948985556778217e-05,0.00035494315842310626,0.0031226894469691467,-0.006506849625578075,0.006753001889645532,9.996323766704446,10.100221884415756,-1.077312305303087,0.011304715795648766,-0.015347038783590663,-3.21996864778411e-05,9.984371149912477,10.01195257427753,-1.0557420402765274,0.007462164852768183,-0.01616033911705017,0.0029412456788122654
41.787540912628174,10.049393093322534,10.060777171753413,-1.0129178408533335,8.90215396070536e-06,-4.943863041729497e-05,0.0003553720715840883,0.003115365675984417,-0.0065047912076806325,0.006752812537325865,9.99723525118529,10.099907578286672,-1.0771424887883472,0.01350801147988691,-0.016345533805832244,0.00020506099259515444,9.985466921702027,10.011511023069033,-1.055596724152565,0.009510858915746212,-0.016921058297157288,0.0031490265391767025
41.84354090690613,10.033198299109134,10.052617507690277,-1.032781921327114,8.575247429762817e-06,-4.8996971311341914e-05,0.0003558512733015361,0.0031049657169750972,-0.00649044718549444,0.006753924989992949,9.999496235018094,10.099685383963257,-1.0771589500637264,0.015977203135944563,-0.01717191896119779,0.0004201319781238859,9.987296069040895,10.010941679502139,-1.0553213506937027,0.01221618801355362,-0.01785123534500599,0.003413159865885973
41.883540868759155,10.028544695942353,10.055618308952397,-1.0284028286114335,8.423106823503116e-06,-4.8661379110460724e-05,0.0003559527453561178,0.0031008477310265703,-0.006479769728616583,0.006753355910491329,10.001282564355273,10.099205365929485,-1.0769277052893913,0.017789896702320316,-0.017996443804006192,0.0005863445262432474,9.988790476694703,10.010480101132998,-1.0550233274698257,0.013956356793642044,-0.018407927826046944,0.0035976257640868425
41.94754099845886,10.009309739391846,10.049730327870472,-1.0243863705545664,8.088034243428315e-06,-4.8181401678858786e-05,0.00035625828203793915,0.0030907551940801276,-0.006464321988701465,0.0067537077451467805,10.003715392179966,10.098890504605778,-1.076791615226431,0.019807687147878377,-0.018658696446230725,0.0002977602873483233,9.99156185425818,10.0096780610329,-1.0544711500406265,0.016649365425109863,-0.019265824928879738,0.0034982149954885244
41.98754096031189,10.013473576246673,10.05792707294338,-1.0170215023681521,7.921045936290098e-06,-4.80036025084932e-05,0.0003564516306746453,0.0030853591691760037,-0.006458582100010885,0.0067554098220121445,10.005238717827478,10.09832267133933,-1.077046253542994,0.021047922211156714,-0.019309977144310715,-0.00014114851930472478,9.99346443451941,10.00914495709003,-1.0540332943201065,0.018205100670456886,-0.019697468727827072,0.0032077678479254246
42.043540954589844,10.003140014423545,10.047170180679098,-1.0267391903325915,7.692836426217174e-06,-4.782690788050662e-05,0.00035676617896870824,0.0030776019129760473,-0.006452733420656401,0.006758394057109805,10.006877574273943,10.097648351929381,-1.0775176213448436,0.022029240722727057,-0.019731978084944243,-0.0007316891339613809,9.996240580454469,10.008317167783389,-1.0535059124231339,0.019941946491599083,-0.02008902095258236,0.0028000944294035435
42.08354091644287,9.997056150824145,10.040690982571407,-1.0113227339461446,7.728020985137826e-06,-4.8038410112472136e-05,0.0003569147636199637,0.003077676882936929,-0.006459135016958399,0.006759066293036181,10.007392291430772,10.096330501602656,-1.0775903219826624,0.022161207560914508,-0.020349666050443874,-0.001054628047121225,9.998220408335328,10.00768011334003,-1.0531809478998184,0.020885411649942398,-0.020210808143019676,0.002378196222707629
42.14754104614258,9.979884482424042,10.040593589127933,-1.015208256430924,7.851847065296393e-06,-4.842764131487596e-05,0.000357104437846514,0.0030798250768359586,-0.006470982651571029,0.006761108487965735,10.007200189771575,10.09465527394912,-1.077881004970991,0.02185772084337118,-0.020895336808072377,-0.0014522330506589502,10.001174891367555,10.006564314389834,-1.0527594238519669,0.02208053506910801,-0.020336518064141273,0.0019978343043476343
42.187942028045654,9.972450287605755,10.041486976250916,-1.0135994581505656,7.846946507366612e-06,-4.847191355391178e-05,0.00035720003947432703,0.0030791061798843347,-0.006472272226781315,0.006763658283001722,10.008098972157596,10.09340836621939,-1.0784099565981553,0.021593961140486638,-0.02124326497708543,-0.002011664688533848,10.002793276682496,10.005743200803408,-1.0525392442941666,0.0223429836332798,-0.0204167477786541,0.0016171014867722988
42.24394202232361,9.968588067036073,10.042514782244403,-1.0136363059282303,7.904200468448767e-06,-4.8513427355773004e-05,0.00035723648953059513,0.003080191750424708,-0.006473580730458187,0.006769273786186494,10.008672386826177,10.091997455004368,-1.0794876093185926,0.021187893724158992,-0.02149143509326302,-0.002643551627206156,10.004651987925172,10.004414732480654,-1.0522908121347427,0.022180847823619843,-0.020566970109939575,0.0009463344467803836
42.283941984176636,9.96996258373927,10.049873136253112,-1.0427314527332783,7.985509606775933e-06,-4.852761558658217e-05,0.00035714485786234404,0.0030826494654185373,-0.006474145960989121,0.006772030571499928,10.009594346451186,10.090510976418065,-1.0801801740187646,0.020480352351508517,-0.021667594899866565,-0.003131413621980298,10.005788767710328,10.003423864865908,-1.0521279722452164,0.02181065082550049,-0.020579949021339417,0.00046028915676288307
42.347941875457764,9.976372246986468,10.061216174068429,-1.0635644728317857,8.20476445119359e-06,-4.8661240275361084e-05,0.0003569283955427304,0.003089111039523706,-0.006478602011287359,0.0067776881586436655,10.010043051901947,10.088548141766186,-1.0815054307567553,0.01933050670671381,-0.021958659749750267,-0.003546058954550854,10.007252657786012,10.001691992307315,-1.0520520359277725,0.020667320117354393,-0.02065492421388626,4.6468958316836506e-05
42.38794183731079,9.97410625706573,10.05644011018973,-1.068075941875577,8.37179363501965e-06,-4.8699177801051425e-05,0.0003566175799115788,0.003094812656372865,-0.0064800269556085375,0.006778209191789278,10.010790920051933,10.086826681456422,-1.0817893034099462,0.018227933143829717,-0.022017989556970794,-0.003713314693704057,10.007997477427125,10.000585730100283,-1.0520496517419815,0.01982787437736988,-0.020577911287546158,-0.00022982503287494183
42.443941831588745,9.971679516914035,10.050738340766642,-1.0575541676953435,8.953390460500223e-06,-4.864901102998306e-05,0.00035527194714532207,0.0031158280462350468,-0.006479619075643526,0.006777337437515637,10.011529768457573,10.083851381650543,-1.081722595269646,0.0170335163516442,-0.022588198241633113,-0.0036807366683534013,10.008781397715211,9.998968298459658,-1.0522495657205582,0.01827254332602024,-0.020573383197188377,-0.0006201794021762908
42.48394203186035,9.97863522698203,10.044042293026175,-1.0483062537387013,9.141960707932662e-06,-4.870797294659034e-05,0.00035486720868295034,0.0031223849886238618,-0.006481716007647712,0.006776738667675612,10.012100168511479,10.082016467529556,-1.081724821320271,0.015804377570975414,-0.022426789476598978,-0.0034270287561666683,10.009201968088746,9.997699911618838,-1.052385225892067,0.01711278408765793,-0.02055533416569233,-0.0006631038850173354
42.54794192314148,9.980389330186751,10.036877156742474,-1.0220039505511522,9.364893870861988e-06,-4.856239810180612e-05,0.00035415563839652633,0.0031312868156794177,-0.00647767937928532,0.006773958610207368,10.013047778445747,10.080058807282104,-1.0811037349594061,0.01478419445259097,-0.022535020190648264,-0.0030455607873539035,10.009651148691773,9.995500738645205,-1.0525716692209244,0.015318039804697037,-0.020696520805358887,-0.0003736928920261562
42.58794188499451,9.980151715123126,10.034526729947316,-1.0264574531465769,9.531108556659282e-06,-4.834469425944801e-05,0.00035355180043314545,0.0031381899083766577,-0.006471513522853362,0.006773563079465991,10.014304876436247,10.078273593346953,-1.081089748811317,0.013498087918089418,-0.02231950426426721,-0.0029471356821410407,10.009833300486207,9.994086439633975,-1.0526416450738907,0.013906838372349739,-0.02073574997484684,-0.0004351294774096459
42.64394187927246,9.980702126901205,10.032175793663729,-1.0221979403868318,9.990882539069728e-06,-4.8098562055115915e-05,0.0003520985373025795,0.003155926555649325,-0.006465182864854389,0.006772695249770685,10.015417666198287,10.075590980714766,-1.0808637863929007,0.012521709714592025,-0.022331721766727323,-0.0026564258309851405,10.010023081675172,9.992073233152041,-1.0525621324777603,0.012118294835090637,-0.020677881315350533,-0.00022030752734281123
42.68394184112549,9.973149960837882,10.027883212696974,-1.0309996539726853,1.016201632274591e-05,-4.7825364651236815e-05,0.00035139519760151355,0.003163407469249633,-0.006457359830738015,0.006770934937576419,10.016658167040177,10.07389047632666,-1.080519377660745,0.011794062254553494,-0.02181767354128791,-0.002417702149493682,10.010147059336305,9.990577871823916,-1.0524633079767227,0.011078103445470333,-0.02051953226327896,2.7663236323860474e-05
42.747941970825195,9.96522258313139,10.026681666346635,-1.0289157358929515,1.06108097708047e-05,-4.752682076080289e-05,0.0003497886469335001,0.0031815075349497105,-0.006449388311775389,0.006766554535975436,10.017784836902917,10.071197557697841,-1.0795221232280197,0.010760322022878702,-0.021471553354048115,-0.002307342084672836,10.010301554575562,9.988053495908389,-1.0521452575922012,0.00936318002641201,-0.020152706652879715,0.00012569870159495622
42.78794193267822,9.980609897730073,10.025203482304338,-1.028629271313548,1.0702887111114881e-05,-4.723002724079502e-05,0.00034930221104120704,0.003186230078744055,-0.00644063600397885,0.006763747761635786,10.019032839656946,10.069775923413966,-1.0789296940979085,0.010100323017731448,-0.020670790296191906,-0.002388398730688374,10.01031299866736,9.986434156919131,-1.0518728643655777,0.008303091861307621,-0.0199723020195961,1.0977139936585445e-05
42.84394192695618,9.984425550740253,10.014078333507006,-1.0786799974739552,1.1297932159303218e-05,-4.6665815576161295e-05,0.00034701127761146327,0.0032109297491060788,-0.006425137351009281,0.006756762373541466,10.020923240730621,10.066753707139137,-1.0774668005819987,0.00990259823609748,-0.02027757284338601,-0.002399999190799268,10.010374987497926,9.984155828977237,-1.0513378530740738,0.007225599605590105,-0.019403789192438126,3.662905510282144e-05
42.883941888809204,9.991219905904826,10.00479898854453,-1.0771853210171685,1.1374499293576695e-05,-4.643351449485399e-05,0.00034661142953806037,0.003214949723443974,-0.006418180867629426,0.006752442136198639,10.022006775907345,10.065322919158112,-1.0766398577414604,0.009334682799557029,-0.018946281115945606,-0.0026325983200811394,10.010500872507691,9.982510740781436,-1.0508077293634415,0.006659774575382471,-0.018877610564231873,-0.00010716715769376606
42.94794201850891,9.990014222948743,10.004871534823076,-1.0445258663967252,1.155616568297706e-05,-4.606546200589073e-05,0.00034582289850571186,0.0032233946422594918,-0.006407302531287649,0.006745993691220062,10.023350683876355,10.063460712623296,-1.0752405038391015,0.00877536576117236,-0.01785138782817587,-0.0031222580519242554,10.010789835825562,9.979806120420108,-1.0499160438776016,0.00586658762767911,-0.018108190968632698,-0.0003761629050131887
42.98794198036194,10.002550615062011,10.014862191301747,-1.0391831677407026,1.1744279883562894e-05,-4.599840146162338e-05,0.0003451171549855103,0.003230867469057359,-0.006405719188347054,0.006743455607711981,10.023847557363576,10.062005024257031,-1.07476595147374,0.008223404014857145,-0.016666977948778954,-0.003665757804017359,10.011007273569703,9.978129560971865,-1.049391284584999,0.005430426448583603,-0.017417332157492638,-0.0006437021656893194
43.027941942214966,10.009420777766458,10.023529022285912,-1.0387852508574724,1.211907780717211e-05,-4.6582937203137487e-05,0.000343606130913342,0.003244354223075107,-0.006424182253622288,0.006737992540533567,10.022376508602987,10.059907119832395,-1.0736119670878927,0.00689351568445552,-0.01531817641510881,-0.004107392332868139,10.011231387034059,9.97649877789081,-1.0488693863153458,0.005186217371374369,-0.01654195226728916,-0.000928345660213381
43.08394193649292,10.018220673092626,10.0246029145332,-1.04046540427953,1.229394077925419e-05,-4.672554422954611e-05,0.0003429050382857393,0.0032508491176189043,-0.006428938006009549,0.006736252860509648,10.022269143856377,10.058540207760585,-1.073408840815649,0.006062702301466563,-0.013631681805978001,-0.005017358279705184,10.01141163147986,9.97431486370624,-1.0481795221567154,0.004585146903991699,-0.015132639557123184,-0.0015283016255125403
43.12394189834595,10.020993206687864,10.02718189791042,-1.067641120404005,1.2453468162335807e-05,-4.69129589884978e-05,0.00034219425189031865,0.003256910141381548,-0.006434910427088315,0.0067329346280106854,10.021937591813836,10.05727034013011,-1.0728858232040108,0.00531070412412406,-0.011863528835867469,-0.005740855384324207,10.011389696970582,9.972822363401065,-1.0477084070444107,0.004119975958019495,-0.01409109029918909,-0.001866303151473403
43.187942028045654,10.01588431697701,10.024823961443072,-1.0744948461651802,1.23545490908826e-05,-4.687494860714658e-05,0.00034251994078965143,0.0032536674078084476,-0.006433261656068256,0.006729029361346115,10.02229459158954,10.056905307454945,-1.072318525431747,0.004752998171521366,-0.009595929078346917,-0.0066140724899519466,10.01126571930945,9.970672781491885,-1.0470835119485855,0.003128158627077937,-0.01219983771443367,-0.0026712629478424788
43.22794198989868,10.00534913401458,10.030638154338389,-1.052004151046276,1.2112298451593097e-05,-4.67401706771261e-05,0.0003433907991688142,0.003245672268827025,-0.006427980992263887,0.0067199839668610995,10.022832947467966,10.057053654196913,-1.0705193380401703,0.004550477232139387,-0.007188472074734328,-0.007165075812958254,10.011206591501832,9.969531233335147,-1.0468502193689346,0.002764730481430888,-0.010843543335795403,-0.0031992204021662474
43.283941984176636,10.014616361243283,10.02569563156167,-1.0719039971008897,1.2099087764129969e-05,-4.682140495437754e-05,0.00034326622805327673,0.0032457655993297597,-0.006430207866629862,0.006714992822736643,10.022784129596007,10.056694006116494,-1.0697777032739268,0.003964786314854104,-0.004743288391285967,-0.007879752452194978,10.011150324717164,9.968287642026553,-1.0464480072259903,0.002092926064506173,-0.008620815351605415,-0.003783096093684435
43.32394194602966,10.006325467885766,10.025834522261592,-1.0795116851804778,1.2093995594167171e-05,-4.698380037204138e-05,0.0003428850846702837,0.0032469102411702647,-0.006434725932769694,0.006704491418652338,10.02242690356755,10.056341963732086,-1.0677847571185268,0.0034990131047388014,-0.0026002167408717084,-0.008259395668157527,10.01112743653357,9.967647726560244,-1.0460556894540787,0.0016797473654150963,-0.0069732386618852615,-0.004011929035186768
43.38794183731079,10.01699420001191,10.028566171854273,-1.0926578333601356,1.2061995546752099e-05,-4.716557886122942e-05,0.0003426670961568458,0.0032464267375478576,-0.006439998323972327,0.0066995275670648,10.022034240396772,10.056291982369832,-1.067147559405868,0.0030615894028213683,-0.00011805302430730521,-0.009232946219716102,10.0110826138407,9.966896231198916,-1.0452706962823868,0.001343218027614057,-0.004080279264599085,-0.004685751162469387
43.4279420375824,10.008286772896984,10.034453843329539,-1.1239673858508468,1.2124488206147248e-05,-4.7260834259350165e-05,0.000342107844919336,0.0032499295318071577,-0.0064427801462562315,0.006691565194376931,10.021834031526682,10.056016265537835,-1.0659713858041844,0.0026350204523723974,0.0021336604137982317,-0.009994017797893138,10.010982478037477,9.966612989926944,-1.0447753816843033,0.0009508506045676768,-0.0021683259401470423,-0.005083972122520208
43.48394203186035,10.009502110810425,10.040139809127393,-1.1332966350018978,1.2128269980644093e-05,-4.7302110313036235e-05,0.0003419093596072526,0.0032508132789040886,-0.006443864509245725,0.006686703537067498,10.021792967628397,10.056137096036837,-1.0655123618451727,0.002160612897961581,0.004579279896582011,-0.010726718805837808,10.010778391733766,9.966449911618838,-1.0441655069589615,0.0002586760965641588,0.0005389742436818779,-0.0054923309944570065
43.52394199371338,10.025067061207155,10.057187271732104,-1.1237812172621489,1.1934128084796527e-05,-4.7245228007692736e-05,0.0003426111032279639,0.003244520898551355,-0.006441132051948308,0.006678545895600566,10.02205749162299,10.056968598213809,-1.0643916829368303,0.0020093723195255997,0.006817794461902024,-0.01137459752795964,10.010627711191773,9.966500456357608,-1.0438419729471207,-0.00019632285693660378,0.0024028399493545294,-0.005831401329487562
43.58794188499451,10.030366323027735,10.060250967924421,-1.1259222393855453,1.1558293806395667e-05,-4.7170556484306055e-05,0.00034409268690646503,0.003231282756284546,-0.006437258669892245,0.0066704400607645615,10.022438648610196,10.058504441935472,-1.0633190130934984,0.001958252982226645,0.009468158510942343,-0.012177701066232829,10.010395968332887,9.966940100217471,-1.0435665994882584,-0.0006705010309815407,0.005221137776970863,-0.006500544026494026
43.627941846847534,10.030377376157576,10.049580059035776,-1.127961689606309,1.1598994500793543e-05,-4.715580349108552e-05,0.0003438631423106663,0.003233350437480307,-0.006436783167143697,0.006666456215586914,10.022594185317443,10.058861077716584,-1.0631201266404988,0.0018255309743096604,0.01138768149125676,-0.012931047138382029,10.010337794199586,9.96754282238544,-1.0434887558221817,-0.0009448606870137155,0.007170960772782564,-0.006887605879455805
43.68394184112549,10.014562778775923,10.052210887662792,-1.1233650585636497,1.1916327441716047e-05,-4.732284526866199e-05,0.0003420433495868136,0.003246588165016704,-0.006442837849726687,0.006661385721111507,10.022084711142503,10.058544122091332,-1.0628636621791605,0.001596019231748686,0.013145134705270694,-0.013610408766321289,10.010343516245484,9.968698675656924,-1.04343880712986,-0.001046201796270907,0.00997708085924387,-0.007270372938364744
43.723942041397095,10.029812181375272,10.052647080588493,-1.1121398163959384,1.2008637844466382e-05,-4.7458674361718457e-05,0.00034129735117150773,0.003250681287009745,-0.006447334618871418,0.006659896614820008,10.021765470698714,10.058929199190544,-1.0632800683208654,0.0014115846500651285,0.014721992300151235,-0.014296427896924417,10.010367358103395,9.969624693418154,-1.0435004383325577,-0.0010978071950376034,0.011796422302722931,-0.007496639620512724
43.78794193267822,10.0347432634338,10.060736050370734,-1.144383423961699,1.1851403211962837e-05,-4.751918457915572e-05,0.0003417707351491669,0.0032449731660402614,-0.006448703658245075,0.00666017920711361,10.021733814414821,10.060207574268981,-1.0643691254974412,0.0013874904849648668,0.01649097335001077,-0.014968915413084056,10.010317767038941,9.971170599485049,-1.0439038425683975,-0.0012871329672634602,0.014253253117203712,-0.008007031865417957
43.82794189453125,10.047315319199994,10.063471894119235,-1.1380232125520706,1.1990471162126559e-05,-4.748670726671155e-05,0.00034125182050298466,0.003250283458591477,-0.0064481143046868855,0.006659041120974575,10.021970387539616,10.06062020966286,-1.0649694516184427,0.001460899398100588,0.017572308387312736,-0.015329162251775075,10.010288203135133,9.972227270627627,-1.044309988617897,-0.0014224977931007743,0.015548951923847198,-0.008189905434846878
43.883941888809204,10.043102539943382,10.068514767269104,-1.132193929515779,1.2188126031226478e-05,-4.713865265534986e-05,0.000341311246614176,0.003256786003081902,-0.006437826888874554,0.0066577425455289704,10.023226320131716,10.060967633754954,-1.065736789359839,0.0019198387617816058,0.018455261415397568,-0.015414165824379615,10.0103444699198,9.973889524961123,-1.0451707988977432,-0.0015716910129413009,0.01729278638958931,-0.008313746191561222
43.92394185066223,10.034752828574312,10.06734691942476,-1.128557626157999,1.2387625529418343e-05,-4.688719835754627e-05,0.0003411394969166868,0.0032635407234742407,-0.00643058369875071,0.006657083336765546,10.024108342276804,10.061199484963213,-1.0663297190886396,0.0023113990931013773,0.01902242604091379,-0.012833186878395226,10.01050373353064,9.975099737668643,-1.0458895117044449,-0.0015055910916998982,0.01821752078831196,-0.006850918754935265
43.98794198036194,10.040408443329234,10.065749454945063,-1.1275293733924627,1.2762024766415075e-05,-4.640341509202689e-05,0.0003409254695386207,0.003275695282857579,-0.0064167543626297415,0.006658885280966213,10.025811224794774,10.06100268551386,-1.0676575061687836,0.0030268405852427608,0.018990398216593974,-0.0178971875382751,10.011012041941285,9.977056677365908,-1.046990528702736,-0.0011617864947766066,0.019273679703474045,-0.009557443670928478
44.027941942214966,10.045584330749621,10.064490383701399,-1.1122240368276834,1.2933081074982197e-05,-4.615730921225445e-05,0.000340919713999352,0.0032809044425482236,-0.006409788104126322,0.006661919196015085,10.026777616809454,10.061451046929136,-1.0699038412965771,0.0032567606196663482,0.017974238662940296,-0.04083445884669149,10.01152035035193,9.978239233518252,-1.0481650978326797,-0.0010542972013354301,0.018955759704113007,-0.02454911731183529
44.08394193649292,10.029399692912037,10.061441318134442,-1.1029809261672199,1.3094762531476184e-05,-4.566477989298639e-05,0.00034154804030938604,0.00328463353083342,-0.006395496954161519,0.006670472976913651,10.0284843074445,10.061742296386093,-1.074808862644426,0.003949755464338658,0.015296708304936475,-0.0770480042378674,10.012457812204957,9.979719336057315,-1.0515575557947159,-0.0004984150291420519,0.016431665048003197,-0.06249789148569107
44.12394189834595,10.010496132942565,10.062320857232223,-1.1116849342361093,1.3089185937935451e-05,-4.542770239646958e-05,0.0003420676002068709,0.0032836882526025095,-0.006388393360539894,0.006674104271574332,10.029370009024447,10.062433424299785,-1.0810512039270985,0.004421218764129755,0.010967633149057413,-0.13033799181892008,10.013251269236207,9.98058813335956,-1.0558247715234756,-6.113701238064095e-05,0.013226369395852089,-0.10054153203964233
44.187942028045654,10.018966288702428,10.066108154728466,-1.0910692308098078,1.3286139422471799e-05,-4.492016345451497e-05,0.0003419164937013333,0.003290776286682714,-0.006374339423487065,0.006678685057860704,10.031048936253152,10.062289952007546,-1.0905826808762222,0.005094313933324176,0.005781661537280336,-0.19596138293756216,10.014671290293336,9.981642897153506,-1.066941037774086,0.000924228981602937,0.007167004514485598,-0.17834454774856567
44.22794198989868,10.019836964015925,10.06878190151322,-1.1175857881316915,1.3389315494027999e-05,-4.4716834341497275e-05,0.00034169415809596457,0.003294568147559218,-0.006369002230624059,0.006682152448044723,10.031879965045995,10.062160934730922,-1.1025296443096089,0.0051833622179566705,0.0012956541290806021,-0.2673540550131377,10.015547716990113,9.982083494687686,-1.0768717676401138,0.0012706175912171602,0.0034352706279605627,-0.2363094687461853
44.283941984176636,10.028082989969043,10.070063727105644,-1.1162493703886867,1.3213737429427328e-05,-4.4177354294318303e-05,0.0003426862027894569,0.0032886170143382664,-0.006352921290633502,0.00669160311893952,10.033756188825693,10.062690596166876,-1.1195415424020307,0.0055146138275056315,-0.0023905204682379707,-0.3480117406250087,10.01683040894568,9.982342894101748,-1.0954826027154922,0.0016328104538843036,-0.0014855762710794806,-0.3282802402973175
44.32394194602966,10.018691187481839,10.070026119080271,-1.1380998138338327,1.3284757886218693e-05,-4.410852562437131e-05,0.0003424304807606529,0.0032911761203797962,-0.0063515376809851675,0.0066951031151811745,10.034189958482804,10.062269013674506,-1.1410286133202296,0.004904541512564003,-0.006207472421213361,-0.44731319035830996,10.017782175913453,9.98235815289081,-1.1125769764184952,0.0017106423620134592,-0.004665963817387819,-0.40349963307380676
44.38794183731079,10.018115280449377,10.068610845574558,-1.194025820121169,1.2905242460949636e-05,-4.407622021688414e-05,0.0003442205443095715,0.003276087824127777,-0.006348365832719339,0.006703272467102928,10.03444004660284,10.063051783339855,-1.169002622321999,0.004029748321916546,-0.008876990765923336,-0.5531879472852207,10.019321406260133,9.98218839886249,-1.1473497301340103,0.0015813170466572046,-0.008910641074180603,-0.5337414741516113
44.4279420375824,10.019900176687969,10.07608455309417,-1.2293760878965259,1.2638993549148859e-05,-4.403537133569759e-05,0.0003454957256193717,0.0032655358600986333,-0.006345478555231456,0.006709465583924347,10.034696882293568,10.06341169064089,-1.1996075336616796,0.003087699277579046,-0.010782030593821917,-0.6592916807362316,10.020152056589723,9.981986219907412,-1.1739719063043594,0.0011786224786192179,-0.011011097580194473,-0.6219866275787354
44.48394203186035,10.022182842131679,10.081747870066431,-1.2876048842445016,1.2318150999582266e-05,-4.386688176326642e-05,0.00034696383572765173,0.0032533572574381534,-0.006338735041803849,0.0067220554331592006,10.035252708899078,10.063905815827122,-1.237110445733381,0.002384742146664059,-0.012188462930389153,-0.7732351337961034,10.021143877878785,9.98176401379169,-1.2181265503168106,0.0006726540741510689,-0.013345767743885517,-0.7543439269065857
44.52394199371338,10.020009080674852,10.071470956840667,-1.3079419787973166,1.2151138686009824e-05,-4.3836023086067283e-05,0.00034782066946444546,0.0032465602028636646,-0.006336585039848581,0.006727676080405798,10.035389577518814,10.063810122996658,-1.2785282996355074,0.0012300390875356357,-0.013331415317531977,-0.8950784682177648,10.021722758188844,9.981650526548037,-1.2548334747552872,-1.5333323972299695e-05,-0.014505389146506786,-0.8557727932929993
44.58794188499451,10.035967083027847,10.05832006175436,-1.3620705213397741,1.2045853921719068e-05,-4.3412279534846134e-05,0.0003476113035247762,0.0032467745683242917,-0.006324418302200735,0.006734407793741452,10.036674206117981,10.063360357691302,-1.3345862792483425,0.00036554546288394233,-0.01434431706440973,-1.0460214223800663,10.022519076243043,9.981550390744815,-1.3232922703027725,-0.0010772040113806725,-0.015721047297120094,-1.0301045179367065
44.627941846847534,10.047793268585304,10.060068227125507,-1.3928323732689023,1.1933816491662044e-05,-4.301542962486783e-05,0.0003474491648017647,0.003246800484619129,-0.006312794634393772,0.006739906906322917,10.037906187512132,10.06300364161859,-1.3894642711480394,-0.0005631588706569252,-0.014787888873347366,-1.1841009136372838,10.022912943735719,9.981494123960147,-1.372290626168251,-0.0021248250268399715,-0.016187939792871475,-1.1458455324172974
44.68394184112549,10.04200541726562,10.064483881001156,-1.4672006436157972,1.1940482485798097e-05,-4.224749183723094e-05,0.0003457984543932649,0.0032570567163792987,-0.006292768515321916,0.006747106101350513,10.040256996212122,10.062268721549302,-1.4569529482987666,-0.001118900103820215,-0.014987476326315707,-1.342312732302646,10.02360245026648,9.981364424253115,-1.4495673328638077,-0.0033674142323434353,-0.016375085338950157,-1.316457748413086
44.723942041397095,10.047427086010446,10.057360764427637,-1.484862462617457,1.1868189632619607e-05,-4.191786082327462e-05,0.0003454565162639627,0.0032588752089457995,-0.0062831922550457536,0.006749860404064766,10.041195444305705,10.061770118601189,-1.5256891672160475,-0.0021079766085256926,-0.015141279002649709,-1.496322175774836,10.0242023114115,9.981250937009463,-1.5110888630151749,-0.004187458660453558,-0.01632649451494217,-1.4450621604919434
44.78794193267822,10.034319634852757,10.069056526461765,-1.5828692382201552,1.1488797312421488e-05,-4.1540540738534684e-05,0.0003467950761374704,0.0032489126828391533,-0.006268110466752841,0.006757102429969939,10.04215994928328,10.062217653737507,-1.6030596050165344,-0.003169018573401186,-0.01474053184526435,-1.6574617728273962,10.025310480967164,9.981032545591006,-1.6209511905908585,-0.005418537650257349,-0.01634618453681469,-1.6628749370574951
44.819941997528076,10.043614035567149,10.063630068668145,-1.6469522137194872,1.1316707681992249e-05,-4.1449215659072796e-05,0.0003476454666461997,0.0032430324537882143,-0.00626325069772252,0.006761133956759759,10.042250048948295,10.062035482443175,-1.6876054791373567,-0.004598870568260305,-0.01445041768526137,-1.8254148061724633,10.025888407602906,9.980947668576846,-1.6814472824335098,-0.006049345713108778,-0.01625102572143078,-1.7765469551086426
44.883941888809204,10.034569633325653,10.061154085988314,-1.7362625543028116,1.0801126440832932e-05,-4.1221966706822153e-05,0.00035022598660408913,0.0032255936103377245,-0.006249119486682656,0.006766842938559464,10.042630796652446,10.06283698738839,-1.788207918543096,-0.0058267816289162945,-0.013741485477766605,-1.9897536506434963,10.026870692148805,9.980938131833682,-1.8136891275644302,-0.007122579030692577,-0.015840617939829826,-1.9927091598510742
44.92394185066223,10.033009525314938,10.05477684679182,-1.8072828948497772,1.073802098294352e-05,-4.103483255950498e-05,0.00035011558448203104,0.003226507407104897,-0.006243171393472788,0.006768254133070253,10.04287672343663,10.06241577527097,-1.878670739511524,-0.006982651292780696,-0.013684580469287774,-2.105123932891789,10.027392351999879,9.981035406613955,-1.9031127840280533,-0.007965382188558578,-0.015477091073989868,-2.1054909229278564
44.96394181251526,10.036950438171864,10.052732265877633,-1.9877969669178128,1.042550703316283e-05,-4.0915909076220596e-05,0.000351850918111541,0.0032154150007071207,-0.00623458758412415,0.006772812427200385,10.042827915991749,10.062621766774258,-1.983392734534574,-0.008234451340037441,-0.013130630273614394,-2.208943723611194,10.027832949534059,9.981206114316592,-1.9970108419656754,-0.008570501580834389,-0.015013045631349087,-2.201247453689575
45.01994204521179,10.038809644059933,10.056314091875876,-2.053369733504951,1.0238988364761192e-05,-4.101610769927307e-05,0.0003533941365090385,0.003205278629848281,-0.0062338960040540774,0.006775305020782976,10.042040228366192,10.062473098625599,-2.101342401499816,-0.009690317077968906,-0.012559940267002476,-2.301498157584917,10.028324091807008,9.981392080808291,-2.134066477417946,-0.009577343240380287,-0.0141456825658679,-2.3121674060821533
45.08394193649292,10.034866975177582,10.055201384389347,-2.21760674379766,9.681004372256181e-06,-4.1342982979126534e-05,0.0003579989392056409,0.003175087323823696,-0.006232086042840411,0.006777206355158735,10.04041776394951,10.063421070205427,-2.2235372032168987,-0.011507641676035612,-0.011760167027628863,-2.379104017301239,10.028638804331422,9.981677229428897,-2.29732646048069,-0.01056437287479639,-0.013364930637180805,-2.416048765182495
45.12394189834595,10.033957150327417,10.046370172557289,-2.2676023254171014,9.471476134541317e-06,-4.1543010236753e-05,0.00035999895242170497,0.003161928095230602,-0.00623337856367628,0.006778488630149501,10.039197780317336,10.063412131557198,-2.3394764215701604,-0.013058160254521837,-0.011255202237103969,-2.439131596498728,10.028605425730348,9.98192041637958,-2.4020973592996597,-0.01141333393752575,-0.012679563835263252,-2.470709800720215
45.1799418926239,10.02824158247403,10.048582392212166,-2.4407548559829593,9.19088551448269e-06,-4.202175905131335e-05,0.0003632626486167373,0.003140076467603767,-0.006240452537683588,0.006778157328230864,10.036961171907539,10.063533715097421,-2.467628567453396,-0.014999329289510092,-0.010774670370491674,-2.494453091287629,10.028248751536012,9.982423002744326,-2.551568403840065,-0.012683868408203125,-0.011739389039576054,-2.535827159881592
45.21994185447693,10.029221393035106,10.054392428166887,-2.5380244394764304,9.182891423684906e-06,-4.210936184357571e-05,0.0003635245709462636,0.003138159288829532,-0.006242469523868669,0.006776358203668641,10.03591905209801,10.063002511757547,-2.5880112596264473,-0.016292538973463923,-0.010829108827539194,-2.538007600590498,10.027778590098023,9.982773001218447,-2.659826174378395,-0.013796214945614338,-0.011183194816112518,-2.575953722000122
45.259941816329956,10.017297349548414,10.049413382608765,-2.704153903760016,9.502300826896506e-06,-4.206157004552949e-05,0.0003611173628045708,0.0031531383068502004,-0.006247100184447965,0.0067726382753229624,10.035185647284782,10.061449960288975,-2.7098683461417403,-0.017299250130947276,-0.011266747928039115,-2.575011110094891,10.027127230539918,9.983107740903506,-2.769182577729225,-0.014912287704646587,-0.010717355646193027,-2.6111397743225098
45.32394194602966,10.024586915198817,10.050708261381223,-2.77808755915612,9.4929149276474e-06,-4.185620828618321e-05,0.0003605461975430102,0.003157316740889979,-0.006241493376811782,0.006771311496790089,10.03486157000748,10.060886840847068,-2.844341721910893,-0.017979591698336232,-0.011298828053575738,-2.6075317103705773,10.025913203135133,9.983474905515322,-2.9458407312631607,-0.016456201672554016,-0.010061032138764858,-2.6581783294677734
45.37994194030762,10.035503944228314,10.048736119661775,-2.9607179034501314,9.506033102084184e-06,-4.115441823366116e-05,0.0003584242983685879,0.0031725792853609255,-0.006223500602965553,0.006771471848399805,10.036065433877173,10.06024717399465,-2.9807268963033464,-0.018070884037729863,-0.011523396794671162,-2.633565425092789,10.024785006418824,9.983549292112002,-3.101580038666725,-0.017789019271731377,-0.009905685670673847,-2.689474582672119
45.419941902160645,10.040343684675884,10.056302314457756,-3.0660862321965396,9.544993987573282e-06,-4.087308761704246e-05,0.0003573790070199508,0.003179817765663128,-0.006217042238053167,0.006773310287804677,10.036075081733458,10.059588659215834,-3.108124761548175,-0.01830184142564085,-0.011808098694903542,-2.651788346286506,10.024079287424684,9.983529264951358,-3.2132581621408463,-0.018404120579361916,-0.009958193637430668,-2.706995964050293
45.48394203186035,10.049907422066664,10.039809923771918,-3.2463118620216846,9.107597462886613e-06,-4.0394177322863566e-05,0.0003588976434218586,0.003171993867939861,-0.006196246971033187,0.006769238644583334,10.036720406448087,10.060314617902122,-3.234817841622206,-0.018229296898115147,-0.01163866420583856,-2.6642457825671326,10.023253405466676,9.983400518918643,-3.392546311020851,-0.01887797936797142,-0.010192805901169777,-2.726912021636963
45.52394199371338,10.057587922966082,10.047071013990193,-3.349198382347822,8.872002203997629e-06,-4.032324075604709e-05,0.00036018711335504376,0.003164328905183034,-0.006189799908412921,0.006764269267719328,10.036033860876108,10.06040529869604,-3.372366275658508,-0.018628336489240293,-0.011464018351259465,-2.669911299212945,10.022871935740113,9.983325178647647,-3.5046667009592056,-0.01892424188554287,-0.010091690346598625,-2.733189821243286
45.57994198799133,10.041524435324115,10.048633130729197,-3.5597014566883445,8.534721747322789e-06,-4.0175045254406065e-05,0.0003619256934040363,0.0031540512108907356,-0.006179550252333568,0.006759266187380482,10.03558687426597,10.060780178754188,-3.510185979787442,-0.018568699759316673,-0.011249844785529553,-2.6684370812816645,10.022468531504273,9.983309919858584,-3.6609825044870377,-0.01863773725926876,-0.010009768418967724,-2.7339396476745605
45.61994194984436,10.039479097813011,10.041626263112907,-3.6532197343185544,8.2749557521905e-06,-4.009415265419911e-05,0.0003633800915741175,0.003145301833721647,-0.006172677995307103,0.006756718517270449,10.034946573531542,10.060993475114408,-3.6376202324408475,-0.01864596493736941,-0.0111634069534837,-2.6606639901515385,10.022240603342652,9.98332708599628,-3.7720097452402115,-0.018415996804833412,-0.009910253807902336,-2.7292096614837646
45.68394184112549,10.049313562273246,10.039095395179622,-3.7985473796725273,7.714051525548052e-06,-3.998761685933941e-05,0.00036670759092339547,0.0031250307752453696,-0.0061598739462984334,0.006751476415877789,10.034367650737707,10.06203828342459,-3.774464991653849,-0.01848848478611199,-0.010658197765873227,-2.6452029333297857,10.02189346589148,9.98343580486835,-3.9485186487436295,-0.017813269048929214,-0.009647347964346409,-2.7123498916625977
45.723942041397095,10.045483665159917,10.035616952235193,-3.908132752403617,7.551351130339048e-06,-3.98705947323032e-05,0.00036740869566329217,0.0031208091610347172,-0.00615400030452903,0.006749795468001443,10.033878623525684,10.061962332752248,-3.9008046816556394,-0.018468832240753307,-0.010803592519474894,-2.631989471580737,10.02172657288611,9.983566458249697,-4.057795658707619,-0.017503898590803146,-0.009477555751800537,-2.7007012367248535
45.77994203567505,10.045202046913833,10.032872398563477,-4.128394589759409,7.279938545162096e-06,-3.9867448796752924e-05,0.0003692343131700782,0.0031095055361991006,-0.006149403740484366,0.006751517094258625,10.033023176001352,10.062075092726216,-4.038295841504507,-0.01847344727571056,-0.010701673464623807,-2.6270731193352197,10.02149006165564,9.983781988645205,-4.209723606705666,-0.01703372783958912,-0.00917343981564045,-2.692767858505249
45.819941997528076,10.041853979697905,10.029197963318966,-4.198311901651323,7.067427325517062e-06,-3.9968966617503766e-05,0.0003709290540205591,0.003098922345260921,-0.006148514747481195,0.006752214271198011,10.031835741753685,10.062114174276514,-4.164780514539591,-0.018473445788074323,-0.0107346398932204,-2.6301171461144275,10.021343195810914,9.98390024426044,-4.317967548966408,-0.016599411144852638,-0.00894042570143938,-2.6935014724731445
45.883941888809204,10.034523526873109,10.025786898418767,-4.359371856786311,6.64120846965323e-06,-3.99202003087815e-05,0.00037354803459607895,0.003082459073830797,-0.006140441102033827,0.006752961514125132,10.031095024481003,10.062759683265053,-4.2917591289532115,-0.0185420353185884,-0.010490989802330075,-2.6395548006111498,10.021033251658082,9.98403566601337,-4.491363659501076,-0.01626208983361721,-0.008742268197238445,-2.704345226287842
45.92394185066223,10.023809891981605,10.026395035646557,-4.454210446216166,6.441830679865206e-06,-3.9700522887469627e-05,0.0003741929443657953,0.0030782685880623036,-0.006131736033859508,0.006753337576755942,10.030812319462239,10.062748584703812,-4.429586116271846,-0.01825579251311677,-0.010699995669197335,-2.6512411766280652,10.020750964060426,9.984132940793643,-4.6000901609659195,-0.016095200553536415,-0.008639332838356495,-2.7130849361419678
45.979941844940186,10.010284192059796,10.027408306693825,-4.652393853291869,6.242797756586894e-06,-3.926876001645785e-05,0.0003742006553245051,0.0030777471300063365,-0.006117710688706759,0.006754653463265675,10.031158662367885,10.06263239426199,-4.568599087710886,-0.017668756362276567,-0.011034670294841318,-2.6664232217615877,10.020399058237672,9.984228308225283,-4.7529574781656265,-0.015839742496609688,-0.008694878779351711,-2.7280027866363525
46.01994204521179,10.008274296841988,10.035375634912732,-4.735286087729037,6.291503153618911e-06,-3.898624270240736e-05,0.00037307987247623087,0.0030844508543597556,-0.006111358866133312,0.006756049377108783,10.031161274149307,10.061874230761775,-4.697504837272847,-0.017263055218916364,-0.011763406435865082,-2.681342433641831,10.020194018259645,9.98425596478046,-4.86280645430088,-0.01549061480909586,-0.008742987178266048,-2.739945650100708
46.08394193649292,10.004077788578929,10.0241236898833,-4.898949352093041,6.635364918495004e-06,-3.8363757580222376e-05,0.00036907606776562604,0.0031088020714339017,-0.006100812733707419,0.006757695795044188,10.032140195284592,10.059994284652388,-4.838256190403327,-0.016494457532479606,-0.012997957132464658,-2.698188644002089,10.019885981455445,9.98409670116962,-5.0396043211221695,-0.015085894614458084,-0.009127703495323658,-2.76025652885437
46.12394189834595,9.997830500752547,10.019485051625162,-4.9771406929939985,6.765119377045696e-06,-3.8192201938411044e-05,0.00036777923096020874,0.0031167318419624895,-0.006098411124411352,0.0067592064808609355,10.031812052956907,10.058828337354417,-4.968721120324098,-0.01614124374302567,-0.013788065063470252,-2.7135609747593556,10.01976009644568,9.983792479062686,-5.150830402970314,-0.014528410509228706,-0.009414160624146461,-2.773240327835083
46.1799418926239,10.007507891814772,10.018473403161689,-5.158528400585055,6.849681352228993e-06,-3.788864924048817e-05,0.0003663608831460882,0.0031250140623441053,-0.0060920396747249205,0.006761509389972654,10.031810251641154,10.057616038010401,-5.111195354194018,-0.015735456800798037,-0.014627067669815625,-2.7297853601039628,10.019596064463258,9.983098204160342,-5.307358875870705,-0.013871032744646072,-0.010133764706552029,-2.7902700901031494
46.21994185447693,10.022524084619276,10.016211084011204,-5.325818651355803,6.829042943327278e-06,-3.782375773049933e-05,0.0003661781931464405,0.003125865950023435,-0.00608979729524966,0.006758667697012268,10.03117135360089,10.056718596787672,-5.242182185377254,-0.01595608902026872,-0.01513604425928302,-2.7431390511892064,10.019460642710328,9.982443029904971,-5.4198485761880875,-0.013600950129330158,-0.010666575282812119,-2.8016693592071533
46.283941984176636,10.016184187845019,10.008846579406297,-5.418480015359819,6.778930059671602e-06,-3.772309278154139e-05,0.0003661012747039392,0.0031259114999592236,-0.006086436082940357,0.006756856125911688,10.03061761234934,10.055947265806692,-5.384879105893318,-0.016069411155876897,-0.01564964553074646,-2.757853891060403,10.019131625071168,9.98124902966083,-5.6008273512125015,-0.013309301808476448,-0.011438761837780476,-2.819594144821167
46.32394194602966,10.025695995539854,10.011665852005386,-5.4784164829179645,6.621970034025988e-06,-3.761273413411796e-05,0.0003666554470367183,0.003121785152713288,-0.006081447257561476,0.006755762899029292,10.03025467306942,10.05563295980422,-5.506285184416594,-0.01596006529953376,-0.015984871803168058,-2.769772739498701,10.018880808725953,9.980414564633975,-5.714438572525978,-0.013056671246886253,-0.012126193381845951,-2.8305294513702393
46.36394190788269,10.020036785989426,10.021447663365914,-5.644997434690595,6.335603020303596e-06,-3.755902745600442e-05,0.00036819994806738994,0.0031113994811659963,-0.006076192804011719,0.006756666615561463,10.02951196803112,10.055514068420472,-5.651033244233581,-0.016006260607867584,-0.01605435929544466,-2.78319218213675,10.018632853403687,9.979543859983096,-5.828301563858986,-0.012835167348384857,-0.012626352719962597,-2.840951681137085
46.419941902160645,10.01785219064073,10.02136607390782,-5.752431918866932,6.420481996607501e-06,-3.753132853439915e-05,0.0003676907610234939,0.0031147094589525698,-0.006076705813880758,0.006759299269909505,10.028804196812857,10.054352375096416,-5.785686571144504,-0.01601408463905002,-0.016463950720249036,-2.7948966170457936,10.018248522654176,9.978374655271182,-5.988005772233009,-0.012373061850667,-0.01303437165915966,-2.85414719581604
46.45994186401367,10.02752817575106,10.01166017020097,-5.926373886875808,6.655246461045376e-06,-3.7322999455471326e-05,0.0003658819442117776,0.0031258773828953283,-0.006074912229081098,0.006766189221159115,10.028665416624817,10.05248639792231,-5.933268915878782,-0.015873939148485332,-0.016872911207220134,-2.8073416294916314,10.017936671152711,9.977532560849795,-6.102521076798439,-0.012303348630666733,-0.013227193616330624,-2.863290548324585
46.52394199371338,10.030838423002534,10.011012934177938,-6.017329666763544,6.812999202678362e-06,-3.706428925005191e-05,0.0003642394710023311,0.003135542153678206,-0.0060706870383429945,0.0067687386175669,10.028772818189093,10.051045224312901,-6.0690294028152545,-0.0157932359962096,-0.017166087235126967,-2.817786418130045,10.017446482554078,9.975997145200381,-6.28672231733799,-0.012271923013031483,-0.013463268056511879,-2.8778023719787598
46.563941955566406,10.015292244326666,10.015495454208404,-6.240700278431177,7.045489335262012e-06,-3.675076855264678e-05,0.00036199417653494636,0.0031489022725715594,-0.00606597822528855,0.006771416755101601,10.028916082520213,10.049193018472579,-6.216772263898574,-0.015334964236779575,-0.017436242297033264,-2.8282739702794375,10.017225230112672,9.974929983640322,-6.402367725968361,-0.011989750899374485,-0.013619699515402317,-2.88602614402771
46.61994194984436,10.015749810238418,10.022222611955916,-6.408371243625879,7.316613530755319e-06,-3.664783423699211e-05,0.00036022241841545327,0.0031603416987345833,-0.006066799383760244,0.006774503762997592,10.028430717913054,10.047292965004287,-6.353805635380522,-0.015400009585535009,-0.01765343373682619,-2.837118442217488,10.016988718882203,9.973329718137393,-6.56471361219883,-0.011739859357476234,-0.013860693201422691,-2.8962950706481934
46.65994191169739,10.022135446418421,10.022828233194419,-6.4893726874142885,7.400247469752007e-06,-3.673008179415607e-05,0.0003600684618870844,0.003161930219809847,-0.006069869107507604,0.006776849624477902,10.027335778369915,10.04602160101606,-6.502233256887776,-0.015613055164096654,-0.017484207695790833,-2.8453466390396898,10.01680370606482,9.972145254636416,-6.681013241410255,-0.011524784378707409,-0.013944428414106369,-2.902695655822754
46.723942041397095,9.99339043324797,10.020923979007634,-6.679590409621596,7.5515640909421935e-06,-3.6922722636416163e-05,0.0003598757762978134,0.003164412402431535,-0.006076411200513061,0.006780411077361184,10.02585583366274,10.04460951390328,-6.628599534768404,-0.01591042290802731,-0.017402376977878543,-2.8510622180179346,10.01641365326941,9.970193083310733,-6.867440357804298,-0.011135851964354515,-0.014026575721800327,-2.911499500274658
46.76394200325012,9.998463326912844,10.02581896041527,-6.753812221460976,7.614805346449053e-06,-3.701255084943596e-05,0.000359832084567901,0.003165271514382949,-0.006079377598849067,0.006782342680425342,10.024646888390228,10.04343919913944,-6.777543857828851,-0.016067192018343144,-0.017156752836431834,-2.8571249091763464,10.016056979075074,9.968974287534365,-6.98419488966465,-0.01091999001801014,-0.014048680663108826,-2.9161174297332764
46.819941997528076,9.995546656374328,10.019300879600735,-6.943585082422942,7.770678730338178e-06,-3.73241209963782e-05,0.0003598909692359946,0.0031666048886657807,-0.006088751315187006,0.006785162725245824,10.022598211965114,10.0418904064322,-6.927081808577809,-0.01670051048195697,-0.01681087093984487,-2.862425462758073,10.015343630686402,9.967311079526553,-7.147977963089943,-0.011094508692622185,-0.014021681621670723,-2.921931028366089
46.8599419593811,10.000440124269206,10.016721835118515,-7.03047716524452,7.817883142592112e-06,-3.745926029903327e-05,0.00035998819323522914,0.0031666259782825498,-0.00609252680092633,0.006785421607393033,10.021273178747615,10.040856344540709,-7.064667955400578,-0.01696246160510109,-0.016236924857668977,-2.8667393760808397,10.014713251963258,9.966167624021182,-7.265088215470314,-0.011206318624317646,-0.013817737810313702,-2.9255306720733643
46.92394185066223,9.996248413781618,10.027792821838245,-7.2300348482094705,7.727565668635475e-06,-3.768348418426266e-05,0.00036098009284266655,0.003160690498004531,-0.006097001677573088,0.006785077575787965,10.01951512915497,10.0402341443775,-7.21378782202895,-0.0171340972154805,-0.015179082770135834,-2.8707063291106976,10.013432467356324,9.964388067746768,-7.452510014176369,-0.011356016620993614,-0.01323580089956522,-2.9305028915405273
46.96394181251526,10.002191123488586,10.029487153346059,-7.313499653711915,7.647715718278587e-06,-3.7926123603697965e-05,0.00036194839097031446,0.003154920307933698,-0.006102137774809041,0.0067852415873611354,10.01774626645702,10.039695148919312,-7.363208462104137,-0.017489478306278908,-0.014034366138622328,-2.873795051584885,10.012537920847535,9.963354284787783,-7.569518223404884,-0.011544942855834961,-0.012763564474880695,-2.932952642440796
47.01994204521179,10.002415605490523,10.02655620241958,-7.490852829068899,7.764463490372388e-06,-3.818527405101714e-05,0.00036172800926633284,0.0031572362344262036,-0.006109366417131438,0.006780555086640908,10.015937276099267,10.038594746492056,-7.500034153805259,-0.017629599383042885,-0.013032977908068342,-2.8769977273582072,10.011115038767457,9.962108786130557,-7.733163967728615,-0.011832069605588913,-0.011691909283399582,-2.9360506534576416
47.05994200706482,9.995418263546252,10.030323745594366,-7.599777678027749,7.809433063516394e-06,-3.82296572620305e-05,0.00036152018459208955,0.0031587629950581195,-0.006110777001876431,0.0067788557972020495,10.014879095699653,10.037822080903537,-7.637769848183643,-0.017555083528102134,-0.011898607318112884,-2.879676888053803,10.009982073679566,9.961346800351748,-7.850012913346291,-0.012138821184635162,-0.010891172103583813,-2.9382872581481934
47.12394189834595,10.006087890304762,10.03282052114052,-7.787240848876536,7.884205908390803e-06,-3.836633962350007e-05,0.00036135232441109023,0.003160277712251575,-0.006114815260655507,0.006778681894680501,10.013413546022646,10.036956373957862,-7.787615703559598,-0.017558636830355634,-0.010519343417048957,-2.882281224403692,10.008120501413941,9.960268194699893,-8.036781445145607,-0.012596754357218742,-0.009368264116346836,-2.940873861312866
47.163941860198975,10.013581051650647,10.02696769175909,-7.8688005823642015,7.907395813669042e-06,-3.853247109907114e-05,0.00036155006629815775,0.0031592827387558675,-0.006119250209431613,0.006780403599805062,10.011940918968612,10.036328442603569,-7.938021832044708,-0.017454703940384043,-0.009133849558794557,-2.884856377363362,10.006954157724977,9.959708387876162,-8.153454914689064,-0.012678202241659164,-0.008348639123141766,-2.9422080516815186
47.21994185447693,10.00645313369244,10.01326554591714,-8.06137867551297,7.902061056494152e-06,-3.886164455740468e-05,0.00036202373002627446,0.00315619755543941,-0.006127476965983638,0.006781177278794967,10.009949814263297,10.035835467063153,-8.076750057193868,-0.017478450005263702,-0.007794601274086357,-2.8874470750977776,10.00530811585486,9.959057028318057,-8.31678880751133,-0.01280597411096096,-0.0069177658297121525,-2.9445621967315674
47.259941816329956,10.01027632424551,10.015084164270469,-8.148771732114255,7.940216808107622e-06,-3.913233789531036e-05,0.00036217606182051374,0.0031552866564718693,-0.006134634218595509,0.006781944363968957,10.008123507105791,10.03526406366543,-8.227136877443465,-0.017232583207738524,-0.006404213255518672,-2.889732277949177,10.0041246060282,9.958686049008975,-8.43353570997715,-0.012828495353460312,-0.005881628952920437,-2.945939302444458
47.32394194602966,10.006925276807614,10.016972491661633,-8.355255938135087,8.02097958270244e-06,-3.934007570100954e-05,0.00036206647644965737,0.0031563932084461353,-0.0061404573451314,0.006782586927995825,10.006600922261653,10.034575089973789,-8.366074926889775,-0.0167149148466518,-0.005155703572616909,-2.891872328846632,10.002169573679566,9.958205397153506,-8.620358601212502,-0.01257642637938261,-0.004098813980817795,-2.9479568004608154
47.36394190788269,9.999998328639771,10.020684368543446,-8.426683933474123,8.109824726507535e-06,-3.9233574265104554e-05,0.00036157160002582946,0.0031603681994727363,-0.006138327207426906,0.006781474857566867,10.006166995251913,10.034014753848327,-8.504617780561961,-0.015628664720681633,-0.003998941567149556,-2.8940330887964905,10.000922167673707,9.95798128368915,-8.737164631485939,-0.012440374121069908,-0.003046982688829303,-2.949305772781372
47.419941902160645,9.99372975634249,10.009341852101421,-8.64052326977253,8.380606414663438e-06,-3.896604568538926e-05,0.0003602129470100052,0.0031717463676427457,-0.006133206926629891,0.006779033085135797,10.006250269334394,10.0327871723546,-8.654537847832236,-0.014071341680710793,-0.0031970372148660497,-2.896109595982662,9.999339068308473,9.957670385862002,-8.90064825117588,-0.011855852790176868,-0.0016782645834609866,-2.9509665966033936
47.45994186401367,10.001513372639133,10.004389753487244,-8.74313258845359,8.47914667842444e-06,-3.88836141284522e-05,0.00035982059491710804,0.003175395248558627,-0.006131744138608107,0.006779678936735626,10.005873650073786,10.03223841232113,-8.793784508262977,-0.012815794913223034,-0.0021141532031478,-2.89790157760902,9.998383486643434,9.957442457700381,-9.017423763871193,-0.01128693949431181,-0.0007344505866058171,-2.9519715309143066
47.52394199371338,10.012087314753199,10.002541823222467,-8.918367566540837,8.616079099704739e-06,-3.866032715130298e-05,0.0003592726446529421,0.0031810043709786834,-0.0061267760916514456,0.006779676275006172,10.006037635569461,10.031510541619339,-8.944555649781472,-0.011231891772807355,-0.0009477634644106162,-2.8998562059228417,9.997114146128297,9.957052404904971,-9.204320088028908,-0.010065816342830658,0.000664981605950743,-2.9535739421844482
47.563941955566406,10.005799327165528,9.996870404015596,-9.022080666385591,8.853344129827473e-06,-3.844505563050824e-05,0.000358380968280153,0.0031899645517384735,-0.0061225013107336695,0.00677866825141425,10.006239965699061,10.030569353387783,-9.095179976572576,-0.009543901385378466,8.27023125234326e-05,-2.9017668499230056,9.996503794565797,9.956822569394717,-9.321162357926369,-0.009157276712357998,0.0015213070437312126,-2.9543988704681396
47.61994194984436,10.009812156441951,9.9960332899138,-9.22813134174794,9.209834750537372e-06,-3.8158428396045556e-05,0.00035725783422728495,0.0032024848682550475,-0.006116952685373001,0.006779462392696143,10.006836788621232,10.02915052426218,-9.234824241298515,-0.007726801960902608,0.0006564798287539935,-2.9036397235292335,9.995921099558473,9.956426794553408,-9.484661236405373,-0.007590776775032282,0.0026383905205875635,-2.9558181762695312
47.65994191169739,10.01886680487611,9.99254998642093,-9.315006698481739,9.319981366057284e-06,-3.8277555463146426e-05,0.0003569053255964968,0.003205525362557444,-0.006120599955884326,0.006780052411351715,10.006114424588008,10.028703392384882,-9.374417757660163,-0.006509313390833338,0.0012834263539354747,-2.9054417427813846,9.995699847117066,9.956094915891299,-9.601525440812111,-0.006465084385126829,0.003083357820287347,-2.9567110538482666
47.723942041397095,10.031493612850323,10.00002664210663,-9.507819134742022,9.503511136152847e-06,-3.849207816555558e-05,0.00035639996900097194,0.003210186776665359,-0.006127146866940252,0.006782801757209943,10.00520217182349,10.027990396465368,-9.526337358956857,-0.005131073497067524,0.0019712891464482543,-2.907417627609608,9.995583498850465,9.955434973264346,-9.78884519636631,-0.004132376983761787,0.0036989934742450714,-2.9582669734954834
47.76394200325012,10.033508364542799,9.988183982817112,-9.612693552859128,9.533279450242708e-06,-3.856639129122797e-05,0.00035632345628122984,0.003210724364145885,-0.00612923772277483,0.006783808173825083,10.004817118162242,10.02788368305702,-9.666248164393563,-0.0037554103929156356,0.0029837469087614595,-2.909053398259438,9.995570147410035,9.955018217588076,-9.905976429581642,-0.0028275279328227043,0.0042673866264522076,-2.9592037200927734
47.819941997528076,10.025326010954245,9.99184972266435,-9.789104740135372,9.45896131884692e-06,-3.850230320064518e-05,0.0003565760939876769,0.003208366653282988,-0.0061272552305735055,0.006784320640877484,10.005014116082508,10.028095554656385,-9.81774276506639,-0.002108704587157855,0.003989224440666949,-2.910858599334294,9.995696986094117,9.95445745709003,-10.070041790604591,-0.0010168119333684444,0.004853029269725084,-2.9605159759521484
47.8599419593811,10.029732366731059,10.001704555697906,-9.898219797760248,9.386671114845328e-06,-3.8480659404924006e-05,0.0003567555942074967,0.0032061824707345075,-0.006126422851105035,0.006784263635701827,10.00509224561858,10.028500601622099,-9.969172900727653,-0.0007623533559469814,0.005082256814030019,-2.912666817061245,9.995906794443727,9.954109365964541,-10.187358990311623,4.400196485221386e-05,0.005212847609072924,-2.9613983631134033
47.92394185066223,10.017083590404923,9.997650694070781,-10.094519386126194,9.15165941821612e-06,-3.8576098978416444e-05,0.0003571490471061382,0.003199092760529689,-0.006128169531296364,0.0067840776693108475,10.004823605288623,10.029421405707296,-10.109028284650057,0.0004368525282223218,0.006361068314801238,-2.914168438032869,9.996453249827027,9.953695471311221,-10.375164166092873,0.0020181683357805014,0.006177735980600119,-2.962716817855835
47.96394181251526,10.021407180311547,10.00017118435859,-10.183887241408229,9.027008238341235e-06,-3.869124500764024e-05,0.0003572663847238342,0.003195395233099153,-0.006130832714238316,0.006783829107884916,10.004515251177224,10.030097237420087,-10.24892010250902,0.0012918928334172376,0.007314899827851478,-2.915767373558891,9.996879542246461,9.953581984067569,-10.492566242814064,0.003054544562473893,0.006625985726714134,-2.963655471801758
48.01994204521179,10.003649669155575,10.00005047509666,-10.392940508201718,8.653274779845668e-06,-3.90759765609882e-05,0.0003576667659037217,0.003183655982967112,-0.006140327909587592,0.006787920518314958,10.003307505746404,10.031643755622733,-10.401723638202798,0.0017328714804492205,0.008802923169417111,-2.917494450406112,9.997467005625367,9.953602011228213,-10.656864300370216,0.004198084119707346,0.007578348275274038,-2.964789867401123
48.05994200706482,9.997910357829916,10.016282648648161,-10.588476987555623,7.93754050268056e-06,-3.942576991145313e-05,0.00035865517493597265,0.003161824078624806,-0.006148532227623332,0.006794731247673642,10.002187740952195,10.03444547439272,-10.543776119643429,0.002109827071066348,0.01064960498162968,-2.919270240136569,9.997854197397828,9.953743155027041,-10.774267330765724,0.004999871365725994,0.008278856053948402,-2.9656407833099365
48.12394189834595,9.987576907747432,10.006536364021553,-10.682300072629005,7.764796252917829e-06,-3.965107047790556e-05,0.00035879330893890836,0.0031562316715353297,-0.0061544372888986025,0.006799071001065786,10.00148156350765,10.035543653573521,-10.696832893811045,0.0025635603674118842,0.011789014259340598,-2.9208319639066564,9.99829670228064,9.954329664731631,-10.962433949112892,0.005806624423712492,0.009609313681721687,-2.9668502807617188
48.163941860198975,9.959377425834933,9.992077820298661,-10.877273839898407,7.381525539636254e-06,-3.9902602128783986e-05,0.0003591583749853319,0.00314476444814491,-0.006160789609234484,0.006803809833273478,10.000536938534072,10.037301511884548,-10.850095875562822,0.0028876496485772613,0.01343482663926946,-2.9225428199875942,9.998464548960328,9.954968626523623,-11.080287113785744,0.006211595609784126,0.010830344632267952,-2.9677107334136963
48.21994185447693,9.958819114417702,9.994787773055208,-10.955538185080513,7.393170118999474e-06,-3.994755067336823e-05,0.0003591464048240171,0.0031448105775525883,-0.006162061338470827,0.006805695364615679,10.000388978250356,10.037733374821878,-10.979246023267654,0.0033591591338307187,0.014051926609312709,-2.923877663947693,9.99847980774939,9.956042463803897,-11.245484486222267,0.006383378524333239,0.012377412058413029,-2.9690418243408203
48.259941816329956,9.968807785916283,9.998474666876497,-11.06499427370727,7.394054284272688e-06,-3.9992415873224664e-05,0.00035920527033548645,0.003144266097129491,-0.00616340708242131,0.006808992582051564,10.000301024007118,10.038293930254687,-11.120540092976878,0.0035524280088868945,0.014622010653848876,-2.9250726218431073,9.998349154368043,9.95688265087665,-11.363557949662209,0.0063078016974031925,0.013276985846459866,-2.969871997833252
48.32394194602966,9.97017242630249,10.00304222021393,-11.23664765432477,7.326127848595356e-06,-3.983021832249314e-05,0.00035972217617857616,0.0031410605300343625,-0.006159251062351703,0.006813598633336788,10.000887096832923,10.039110299558308,-11.273963849629064,0.00415123670920374,0.0152808322599026,-2.9264360921456385,9.997949564829469,9.958152945066104,-11.55251993238926,0.0061324541456997395,0.01462031900882721,-2.9709343910217285
48.36394190788269,9.979595748137747,9.997969891934023,-11.33671540627256,7.434276448016237e-06,-3.9779096538721366e-05,0.00035970851625849177,0.003143753813389628,-0.006157962597144684,0.006814553359546244,10.001211953421645,10.039333265133777,-11.414730665417688,0.004650317809229801,0.015455806590335438,-2.927565139859945,9.997687304392457,9.958959753537783,-11.670704022049904,0.006152078043669462,0.015207274816930294,-2.9716949462890625
48.419941902160645,9.988809806622358,9.995915650427708,-11.540284858783707,7.65625740158472e-06,-3.980037977092513e-05,0.0003594187263134246,0.0031499459845779863,-0.006158522016537161,0.006814692555496127,10.001289427920282,10.039084443053047,-11.567040722715479,0.004967136909671512,0.015198357630283496,-2.9286820913050495,9.997383082285523,9.960000212216983,-11.836145535111427,0.006196891888976097,0.015755193307995796,-2.9726078510284424
48.45994186401367,9.984803872026518,10.001074210584912,-11.636491577373818,7.743581271545113e-06,-3.972539043254188e-05,0.00035942374889775023,0.003152201818854737,-0.006156488476760277,0.006814428659068012,10.001752083864472,10.039387584372065,-11.70758830412649,0.0054205599151415885,0.015273260801348621,-2.9296306877362612,9.997188532724977,9.960637266660342,-11.9542905241251,0.006203231867402792,0.016169968992471695,-2.973130702972412
48.52394199371338,9.997341926812268,9.99528963140451,-11.820859748870134,8.17560380742775e-06,-3.962783849332057e-05,0.00035903045260136696,0.003164162850873436,-0.006153652222589393,0.006812741799099732,10.002340601627564,10.03834656017184,-11.859516650097952,0.00592946328719565,0.014483540053397265,-2.930584422596348,9.996959650889039,9.961462194944033,-12.143250599503517,0.006287054158747196,0.016067693009972572,-2.9740142822265625
48.563941955566406,9.987696176739812,9.991443139131796,-11.928339778183727,8.206992678878446e-06,-3.9597727641919504e-05,0.00035902266892505485,0.003165008771632379,-0.006152790021891296,0.0068123581018786974,10.002698086795842,10.038780275836436,-12.000115543345453,0.006438013186594083,0.014352778120287752,-2.9313291102702372,9.996918642893434,9.961776907468447,-12.261258259415627,0.006546063348650932,0.015851367264986038,-2.9742817878723145
48.61994194984436,9.976262807634605,9.988842479446838,-12.081631026230752,8.60522609320834e-06,-3.934773268573995e-05,0.00035901604262256973,0.0031749086388227045,-0.006145928315273038,0.006813049505956209,10.003728917451095,10.037724072184087,-12.140996726542223,0.007228550762375033,0.013528535066280585,-2.932476379469415,9.996938670054078,9.96207350018085,-12.4263364225626,0.006918955594301224,0.015440201386809349,-2.9749605655670166
48.65994191169739,9.975565256060264,9.996996432053427,-12.18229369726032,8.769630717999774e-06,-3.913709422446471e-05,0.0003591633890096796,0.0031785997697215203,-0.006140256932814906,0.006813365324443794,10.004755763796547,10.037633774795442,-12.281853640892647,0.00809133665819539,0.01282688911971508,-2.9338436335838027,9.997011149302125,9.962117369199404,-12.544294491410255,0.0073262969963252544,0.014786465093493462,-2.9756553173065186
48.71594190597534,9.968226298216628,9.994988704535897,-12.388629005290568,8.983742162276127e-06,-3.842061142553651e-05,0.0003598471967057279,0.003182221663527093,-0.0061212170380595685,0.006812425378986758,10.007536299185135,10.037232564442082,-12.434232526194767,0.009626506548317352,0.012050516038523208,-2.934864528455746,9.997218096628785,9.962019140744815,-12.709406986832619,0.007838966324925423,0.013879415579140186,-2.9763879776000977
48.75594186782837,9.974825568362313,9.993637136892131,-12.491674781776965,9.068794240270991e-06,-3.800894571886944e-05,0.00036019815696427344,0.003183483231590353,-0.006110278386687862,0.006810840561956195,10.009397375723035,10.037339505122848,-12.574741322895932,0.010703534396992242,0.011409515735881386,-2.9358543344647,9.997504198923707,9.96183984997333,-12.827313557267189,0.00839291512966156,0.013057372532784939,-2.976902961730957
48.819941997528076,9.978123899676447,10.000931099558462,-12.711593074724078,9.258376412176119e-06,-3.728381174869807e-05,0.00036059288182905045,0.003187345819136704,-0.006090844680160226,0.006805552787938481,10.01236873136969,10.036971972414245,-12.726117841939166,0.012158897425320765,0.010533042173233205,-2.9368495521367146,9.998317683115602,9.961451704526553,-13.015722408890724,0.009412959218025208,0.01163187250494957,-2.9774694442749023
48.8599419593811,9.987282882753838,10.005373748757847,-12.87778938934207,9.357377982334378e-06,-3.685479006645896e-05,0.0003606710463320941,0.0031898602936445333,-0.006079239340534483,0.0067996994370868894,10.014333316189564,10.03689050014419,-12.865567072709881,0.01317359806584537,0.010002822770400849,-2.937694807531195,9.999032938852906,9.961154158139834,-13.133430615067482,0.010191145353019238,0.010940156877040863,-2.9778010845184326
48.91594195365906,9.982465147433594,10.009157966154028,-12.9779729610309,9.349639823260245e-06,-3.655768321682377e-05,0.00036088686349986627,0.0031889225634249498,-0.006071551780095201,0.006798553330201496,10.016002548569908,10.037329744520752,-13.018077131025976,0.014001487855080182,0.009689608639288257,-2.938883649516476,10.00022598542273,9.960653479123721,-13.298103466629982,0.011429332196712494,0.00989502016454935,-2.978281259536743
48.955941915512085,9.976820797267072,10.016520776986013,-13.181677273474634,9.292572191334148e-06,-3.623086149021257e-05,0.0003611623278392096,0.0031864728490814966,-0.006063246463958376,0.0067979163671461834,10.017682440738907,10.0378763988846,-13.170817032526672,0.014749870642836605,0.009614171723204118,-2.9400344302267087,10.001152003183961,9.96032732250751,-13.415699139237404,0.012243646197021008,0.009420636110007763,-2.978412389755249
49.01994204521179,9.97962282190552,10.013114906130689,-13.28011679800693,9.437667760265241e-06,-3.620748981976784e-05,0.00036094756707864963,0.003190865856984596,-0.00606212560983199,0.006795245848966082,10.01835286508465,10.037733547305969,-13.311276836719257,0.014954196213953266,0.009156019540927289,-2.9411946942883875,10.002770388498902,9.959899122739444,-13.603949680924416,0.013524185866117477,0.008515527471899986,-2.979130268096924
49.05994200706482,9.9837681996304,10.02135700011575,-13.478568816761253,9.920581626229102e-06,-3.6233391983981485e-05,0.0003602567754103181,0.0032053162270694103,-0.0060611459108479825,0.006788698966912094,10.018715816805166,10.036316715819352,-13.450788537697795,0.014885329189135732,0.008448006312215709,-2.942328770286968,10.003766978159547,9.959716017270694,-13.721650257706642,0.014177658595144749,0.008170833811163902,-2.979663610458374
49.09994196891785,9.984604645531634,10.024659997165596,-13.56526611186564,1.012518496865013e-05,-3.608866553775376e-05,0.0003600617447316156,0.0032109155916489663,-0.006056745849719919,0.006785700989607633,10.019829718751826,10.035944173220626,-13.591254797486787,0.014909380374670461,0.008187730300851766,-2.9432412485722783,10.004690134897828,9.959492857480654,-13.8392945677042,0.014481031335890293,0.007974451407790184,-2.979928731918335
49.1559419631958,9.987378008695066,10.02380804955544,-13.748515198938549,1.0402915496103044e-05,-3.5533097319761164e-05,0.0003599323424441777,0.0032176690293049437,-0.00604150192804707,0.006779157925232766,10.0223680464304,10.035259681806092,-13.742559424281549,0.015487667969407563,0.007736618281663888,-2.944195131656827,10.005838358774781,9.959086592221865,-14.00391973555088,0.014806128107011318,0.007436752784997225,-2.98014760017395
49.21994185447693,9.989419762018953,10.028211353498754,-13.839084691368043,1.0617810532672069e-05,-3.534003516413697e-05,0.0003597106936773457,0.0032234420179762216,-0.006035811869171803,0.006775772445006337,10.023742076727583,10.03485684717271,-13.894761944415514,0.01526423191443716,0.00767691789854643,-2.945442817058922,10.007152521982789,9.958572561765322,-14.191901341080666,0.014848270453512669,0.006888434756547213,-2.980565071105957
49.259941816329956,10.004365162882586,10.025971043071996,-14.00135340820998,1.0721615488791259e-05,-3.488870169693057e-05,0.00035968536371780685,0.0032256366631717194,-0.006023741764291837,0.006769883054495682,10.025999664978714,10.03481954623837,-14.046253728079666,0.015143756962348072,0.007860798357256692,-2.946606231173023,10.008053744211793,9.95827596905292,-14.309313908219337,0.014776341617107391,0.00668041268363595,-2.980841636657715
49.31594181060791,10.001720696794562,10.016006100032646,-14.111635383218527,1.0864219906401106e-05,-3.45799805872248e-05,0.0003597182184591353,0.0032283360775804057,-0.006015480349679999,0.006769088310399987,10.027748665002775,10.034609691945308,-14.187480464512499,0.01491794863176324,0.007975224826492234,-2.947993870606289,10.009359324350953,9.957884008908877,-14.4736939817667,0.014551016502082348,0.006469148211181164,-2.9812989234924316
49.35594201087952,10.026395192106198,10.012478888937258,-14.291761946864426,1.1396956799765415e-05,-3.451144066992111e-05,0.00035905037304930095,0.003242736489008277,-0.006012216841834812,0.006768883082555452,10.028636510728969,10.032927239878294,-14.328935144812878,0.014139521850367813,0.007683908301068374,-2.9493265487587013,10.010353052988648,9.957691366696963,-14.591002598404884,0.014408186078071594,0.006445490755140781,-2.9816598892211914
49.419941902160645,10.029090327625442,10.008603026649325,-14.39259453304112,1.1687999486615925e-05,-3.456502129244702e-05,0.0003585923815573354,0.003250954409000287,-0.006012787269391813,0.006769514604510741,10.029076086250551,10.032177708584637,-14.47068856820974,0.012977850343504497,0.0077381824486484835,-2.9506253125679622,10.012015307322145,9.957285101438174,-14.778844967484474,0.013878947123885155,0.0064306240528821945,-2.982174873352051
49.45994186401367,10.025951189245447,10.019069089255744,-14.610672812908888,1.2278083132062032e-05,-3.4666649794270884e-05,0.00035751706496060066,0.00326801386805352,-0.00601372055060826,0.006770022468335008,10.029320780920116,10.030354166544727,-14.624372550985333,0.011715383136393472,0.007337189788204078,-2.952273754673945,10.012984240427613,9.956923658872256,-14.896369114518166,0.013513324782252312,0.00629061134532094,-2.9827065467834473
49.515941858291626,10.023925631242651,10.01346767080605,-14.719797044061124,1.2591765382613491e-05,-3.473842931591074e-05,0.00035686958658043294,0.003277293095893934,-0.006014673790145001,0.006770332028600374,10.029594810733279,10.029559764995472,-14.77807437884529,0.010331444402973481,0.007505481895281412,-2.9538892609746186,10.014225924387574,9.956334288144717,-15.061159268021584,0.012587648816406727,0.006054616998881102,-2.9836697578430176
49.55594182014465,10.020871123670041,10.01010102539778,-14.900182222016156,1.3029328222343862e-05,-3.472137322774951e-05,0.000356132379578585,0.0032890842350066438,-0.006013230812495045,0.006773541029350211,10.03004934531611,10.02820773008679,-14.920784758323684,0.009161787467049692,0.007462752348870604,-2.955250289047187,10.015015566721559,9.955823118711123,-15.178950443863869,0.01197775173932314,0.0059528355486691,-2.9841156005859375
49.61994194984436,10.01603274179067,10.020627735254875,-14.994407617487013,1.335580491800035e-05,-3.475415178517117e-05,0.00035543128388523847,0.0032984335184645924,-0.006013293490839186,0.006775319297815321,10.030302342622736,10.027394280263385,-15.07499706320067,0.007591807000783422,0.007510273565743689,-2.9566567394960535,10.016086542978883,9.95489805462421,-15.367603436112404,0.010330978780984879,0.005499240010976791,-2.9849860668182373
49.65994191169739,10.000762358824707,10.016958281928458,-15.205161620862782,1.3644080153923465e-05,-3.4605382417590336e-05,0.000355010783062584,0.003305462947234828,-0.006008904999245864,0.00677808699802855,10.031003149910328,10.026651821456387,-15.217775598066584,0.006499521882187628,0.007773423051083422,-2.9577772656615466,10.016653025522828,9.954289610410342,-15.485674992203712,0.009385503828525543,0.005360331851989031,-2.985450267791748
49.71594190597534,10.013203480016799,10.008735528575613,-15.309389725327492,1.3602342198150077e-05,-3.438831701769812e-05,0.0003554020377069098,0.0033027523663418973,-0.006003498079539661,0.006778447706992026,10.03205144722729,10.027151985372257,-15.371750513500686,0.005370542579587518,0.008535476253481519,-2.959052540966517,10.01729484833777,9.953447515988955,-15.651229038834572,0.007940143346786499,0.005019659176468849,-2.986300468444824
49.75594186782837,10.000325906236792,10.00421531864628,-15.516296877758577,1.3504512443271327e-05,-3.4069248926325863e-05,0.00035617671747356405,0.0032972701434417924,-0.005995689306076379,0.006780334147547026,10.033295182249686,10.027770618529516,-15.514452293078826,0.004423778434312728,0.009626848245349644,-2.9599685333248806,10.01767154969275,9.952938253903994,-15.7695981413126,0.006786246318370104,0.005124324467033148,-2.986637830734253
49.82794189453125,9.997812758742931,10.009424453333429,-15.602183448150754,1.3634386963594995e-05,-3.399959044957064e-05,0.0003558660243551459,0.003300803934151553,-0.005993568277431243,0.006780307179768996,10.033660592611781,10.027883680918091,-15.703953944851289,0.002700434983321688,0.01059719197038987,-2.9611600859682574,10.018349612131715,9.952408010984072,-15.982992306351662,0.005041429772973061,0.005532623268663883,-2.9874989986419678
49.86794185638428,9.996316749549996,10.015682455070104,-15.812762120040134,1.4019525198253256e-05,-3.36666470017291e-05,0.00035505516883725403,0.0033105355691678733,-0.005984035801243461,0.0067795606789319745,10.034698909849508,10.026904761888868,-15.845886901902775,0.0018296472472494772,0.011094784437877942,-2.9617359670686576,10.018649065867066,9.9521829438454,-16.101536884903908,0.003890027990564704,0.006095868069678545,-2.9877798557281494
49.907941818237305,10.006573525041789,10.01879657248965,-15.935335686430335,1.405974853059208e-05,-3.3655780395647805e-05,0.00035492723043197667,0.0033117342224946774,-0.005983649762486174,0.0067795922697965316,10.034705042979681,10.027292739584233,-15.988103181580735,0.0005769155032206057,0.012215694503384547,-2.962225366283631,10.018860781565309,9.951976950193057,-16.220185413956642,0.002952973358333111,0.006589959375560284,-2.9878876209259033
49.97194194793701,10.009578578893091,10.020595255487462,-16.132580327801406,1.4275375248156849e-05,-3.3514750389876895e-05,0.00035436551899142166,0.0033175392155825522,-0.005979476967970668,0.00677938263766519,10.03505515389347,10.027126139871388,-16.14214181517051,-0.0005105011739123642,0.013027694097442368,-2.9630247325495995,10.019084895029664,9.951704199338565,-16.410065785050392,0.0016402086475864053,0.0073534599505364895,-2.9883337020874023
50.027941942214966,10.02612135610087,10.016875762689994,-16.229348133318126,1.4378255053184912e-05,-3.344331976896683e-05,0.00035410396592170106,0.0033202448487593267,-0.0059773823406494425,0.006779401548457461,10.035225858046319,10.027421040924589,-16.296275340434633,-0.0016396671887841988,0.014149897764566991,-2.9637816475841694,10.019183123484254,9.951589758420596,-16.57600511610508,0.0005122323054820299,0.008105902001261711,-2.9886438846588135
50.06794190406799,10.03826399752524,10.02046465465891,-16.402407399378717,1.459431516339059e-05,-3.322145198361103e-05,0.0003535017065327961,0.003326214313679674,-0.005970860428878092,0.00677544287146118,10.03590277002428,10.027293992649522,-16.43744932312218,-0.002425693811667214,0.015113678824125941,-2.96444299527486,10.019191706553102,9.951647932553897,-16.69475854933262,-0.0003562454367056489,0.008760086260735989,-2.9889023303985596
50.1319420337677,10.042999763304183,10.022245819610124,-16.50102839746978,1.4672448299357588e-05,-3.317219595574219e-05,0.00035316072736584506,0.0033289347382297503,-0.0059692216676028335,0.006772717112602279,10.03594303317514,10.027810117480499,-16.5908265632278,-0.0034185041129892665,0.016230064715766594,-2.9650545172150973,10.019256556406617,9.951924498105654,-16.884810581803322,-0.0014999911654740572,0.00989858154207468,-2.9893910884857178
50.17194199562073,10.041997012671915,10.02246336108593,-16.697665126994252,1.4819773310668015e-05,-3.310254055691068e-05,0.0003524703388972678,0.0033342106235120517,-0.00596675774868148,0.006768102755056303,10.036035897337333,10.028104100776565,-16.74376288245603,-0.0043049036931347194,0.017308076135405852,-2.9657964913042467,10.01932998932898,9.952176268125186,-17.003403797745705,-0.002127156127244234,0.010657289065420628,-2.9896810054779053
50.22794198989868,10.039945460117938,10.024759864941315,-16.805115474388003,1.4796535860209182e-05,-3.299990822350372e-05,0.00035268637513562157,0.0033331025563225064,-0.005963918353428491,0.006765170638690092,10.036201252787844,10.029027469171455,-16.88531172490939,-0.0050738110260854586,0.018363274441343096,-2.9663207633741653,10.019486391916871,9.952651197934756,-17.169221058487892,-0.0029796522576361895,0.011527512222528458,-2.9897797107696533
50.26794195175171,10.031488628368965,10.018613502035874,-17.018369333818555,1.4694657270902908e-05,-3.3011061933825506e-05,0.00035278754239471597,0.0033314708176415716,-0.0059639613127028595,0.006758230270661621,10.03586514472455,10.030243063517409,-17.025785802754513,-0.005911254711055702,0.01951158687111102,-2.9669141261652126,10.019597018137574,9.953105146909365,-17.28764833509922,-0.0035216123796999454,0.012179877609014511,-2.9898900985717773
50.33194184303284,10.05158343694939,10.023286452371018,-17.204969194717705,1.4681927775492073e-05,-3.278518850627782e-05,0.0003530793237424656,0.003330458154454446,-0.005957514266594636,0.006750619092707825,10.036476569581978,10.031162412069733,-17.166110066892283,-0.006232757761624836,0.020434681134341503,-2.967381416811268,10.01968284882605,9.954024488950381,-17.4770480543375,-0.0042746830731630325,0.013304823078215122,-2.9900312423706055
50.37194204330444,10.037178710869043,10.02826079104356,-17.310169746167958,1.4847753675031828e-05,-3.283725305613075e-05,0.0003520397432519581,0.003337206226042583,-0.005958325708002965,0.006748151072859711,10.035924165913515,10.03164415106088,-17.319794877902126,-0.007082189634222328,0.021129079126925823,-2.968161745923339,10.019761050119996,9.954724485898623,-17.59533227980137,-0.004698873031884432,0.01406469289213419,-2.9900832176208496
50.4279420375824,10.028920470532055,10.022287087212622,-17.495058858767152,1.4980627606764453e-05,-3.310086170638245e-05,0.00035070276009155663,0.003344483775121952,-0.0059650037023615396,0.006748712725627821,10.034524598353432,10.032258573239188,-17.474372727461816,-0.008277727224249975,0.021616538402204507,-2.9691665607684556,10.019907915964723,9.955782110715518,-17.76090730726719,-0.005370493046939373,0.01482782606035471,-2.9901955127716064
50.467941999435425,10.017086489296677,10.020034301522257,-17.601610720157623,1.5110917679761053e-05,-3.3205430484717593e-05,0.00034974876183669994,0.00335023767925639,-0.005967393328185094,0.006748092835170882,10.033656619945821,10.032810658697706,-17.616815206506356,-0.009194445109275695,0.0221360962633284,-2.970063104982124,10.019884074106812,9.956549818540225,-17.879256382584572,-0.005818654783070087,0.015360797755420208,-2.9903573989868164
50.53194189071655,10.026523451269833,10.01982202239927,-17.797148803249,1.5290957162925387e-05,-3.315792864957013e-05,0.0003488833133459512,0.003356433865910405,-0.005965501974297915,0.006745542896753574,10.03329327243975,10.033217906041738,-17.770655566843008,-0.009791893731750066,0.022507633591276242,-2.970740538005782,10.019596064463258,9.957815344358096,-18.068865910172462,-0.006811019964516163,0.016117528080940247,-2.990548849105835
50.57194185256958,10.028466487393084,10.02258110633529,-17.88984369393438,1.5305379668525077e-05,-3.3222782219508406e-05,0.0003486149085104328,0.003357736417057415,-0.005967152138032903,0.00674530538782222,10.0325529476809,10.034227175468546,-17.913243970912493,-0.010496651360638664,0.02282334990465973,-2.9716468430830765,10.019344294443727,9.958545858884463,-18.187438145279884,-0.007374294567853212,0.016314644366502762,-2.990743398666382
50.627941846847534,10.036985024729853,10.019987586811357,-18.080630710348487,1.542578723569511e-05,-3.3118499104992914e-05,0.00034834798145462167,0.0033604656339591104,-0.005964130455822729,0.006746046137768074,10.03236236690719,10.034882019384652,-18.068081426739877,-0.010964701393527544,0.023019523830573176,-2.972583850762068,10.018927538767457,9.959622557187686,-18.353476658463478,-0.008178308606147766,0.016636820510029793,-2.9910764694213867
50.66794204711914,10.041241747055288,10.022720148056994,-18.177259591408074,1.528017351885204e-05,-3.302745117389676e-05,0.0003493019367767975,0.0033545673008373994,-0.005962075464378854,0.0067456335644707375,10.03220833788301,10.03647759331053,-18.21069967269674,-0.011253378500060359,0.023412616931127842,-2.9734920208118876,10.01859756745398,9.960396940732608,-18.472241535782814,-0.00861351191997528,0.016741294413805008,-2.991471767425537
